$MeshFormat
2.2 0 8
$EndMeshFormat
$PhysicalNames
4
2 1 "surface_1"
2 2 "surface_2"
3 1 "layer_1"
3 2 "layer_2"
$EndPhysicalNames
$Nodes
2997
1 6.123233995736766e-17 -1.499759782661858e-32 1
2 6.123233995736766e-17 -1.499759782661858e-32 -1
3 1.224646799147353e-16 -2.999519565323715e-32 2
4 1.224646799147353e-16 -2.999519565323715e-32 -2
5 0.4325826167600609 -1.05952183396399e-16 -0.9015942988268162
6 0.7807089575681428 -1.912185451902986e-16 -0.6248948100063432
7 0.9745915885234639 -2.387060938722389e-16 -0.2239893648799226
8 0.9750293126324016 -2.388133053580229e-16 0.2220762020289131
9 0.7806423166812478 -1.912022228805329e-16 0.6249780583400784
10 0.4326208980760975 -1.059615596146292e-16 0.9015759305504062
11 0.2218171557535437 -5.432953395790945e-17 -0.975088277754075
12 0.6222216348394923 -1.524003466932835e-16 -0.7828411314804999
13 0.900250684954128 -2.20497823951857e-16 -0.4353719148493888
14 0.9999995185255728 -2.449292419022474e-16 -0.0009812994560825339
15 0.9006543143453859 -2.205966846402662e-16 0.434536311544896
16 0.6221965146146773 -1.523941940127008e-16 0.7828610970033878
17 0.2218378568342134 -5.433460426034566e-17 0.9750835683546324
18 0.4755670756086077 -1.164803393847897e-16 -1.942636341829596
19 0.9242184199022613 -2.263682259292658e-16 -1.773646050460285
20 1.32078474785153 -3.234989627638039e-16 -1.501841419672121
21 1.641713517025595 -4.021038407484677e-16 -1.142268238206531
22 1.867630628199008 -4.574375741626951e-16 -0.7155108920295898
23 1.984748025584879 -4.861230633293102e-16 -0.246526418334681
24 1.985904267223077 -4.864062608535623e-16 0.2370321527244205
25 1.869447467078514 -4.578825713463658e-16 0.7107504258413985
26 1.642098165652406 -4.021980524903918e-16 1.141715207204057
27 1.320991025511559 -3.235494862190221e-16 1.501659984989252
28 0.9243308266670589 -2.263957576462081e-16 1.77358747257444
29 0.475589688412061 -1.164858779242635e-16 1.942630805962913
30 0.2395071150726088 -5.866232436933742e-17 -1.985607297989609
31 0.7049746718889426 -1.726689950817498e-16 -1.871633167048254
32 1.130698565107257 -2.769412757118215e-16 -1.649703232361624
33 1.492120038923583 -3.65464005922278e-16 -1.331757406378011
34 1.767598523572178 -4.329367748140511e-16 -0.9357325790339118
35 1.940410248420204 -4.752634399521047e-16 -0.4845699823821539
36 1.99999428261844 -4.898573193043359e-16 -0.004782205929382371
37 1.942173138359916 -4.75695223456488e-16 0.4774552341667184
38 1.768946252259135 -4.332668731385713e-16 0.9331822740592315
39 1.492435743830162 -3.655413313229414e-16 1.331403601669348
40 1.130864136222298 -2.769818289390348e-16 1.649589738512639
41 0.7050448739446438 -1.726861896263114e-16 1.871606723038892
42 0.2395186715834201 -5.866515489813231e-17 1.985605903990747
43 0.01837883403333628 0.3882543646016911 0.9213689634599769
44 0.4820923722271687 -0.3933785803811788 -0.7828411314805001
45 0.8244429067378245 0.3625907989437177 0.4345363115448966
46 0.6006832352230765 0.4096127301090821 -0.6865836163603982
47 0.9294022466453126 -0.3688577291359123 -0.01246754135118201
48 0.5751954657267189 -0.3812803059647126 0.7237233618523573
49 0.3900951712086185 0.3977728419682158 0.8304230991441938
50 0.7829897415139683 -0.4047092046456952 -0.4723743476935829
51 0.4868152192250415 -0.7538210167958199 -0.4413216706301549
52 0.9235098793534915 0.3832933536382447 -0.01468699401671317
53 0.6827103355066638 0.7059806545673991 0.1884088988582155
54 0.7055211564377357 0.6546097198879092 -0.2715253440234136
55 0.8516820270460547 -0.3839266407919707 0.3567044424967488
56 0.5923319583471126 -0.6858509889089223 0.4227898675859295
57 0.2472429783774776 -0.6739511152882404 0.6961758426179201
58 0.2269092772113169 -0.9176049680750458 0.326363757913516
59 -0.1448295573355116 -0.8225659348152137 0.5499178867827209
60 -0.1691428758563668 -0.9764591272419656 0.1338591064249894
61 -0.5247561801374895 -0.7879542897171014 0.3221164210715265
62 -0.5130273653943033 -0.8502623066022681 -0.1177154719141494
63 0.3850230011074663 0.9185616575788477 -0.08945261228270522
64 -0.814776958365624 -0.576665165924526 0.05996494413989659
65 -0.7376985909571242 -0.578134657078421 -0.3486561446248868
66 -0.9566615428418482 -0.2326257974479407 -0.1751682928191177
67 -0.7869884095989563 -0.1787730658790637 -0.5904993091216156
68 -0.9178151702874195 0.175344489246147 -0.356187623705938
69 -0.9894877614783441 0.1251088262504639 0.07253793131050107
70 -0.8523543519135577 0.5168750328283459 -0.07957549379498398
71 -0.6783520354165469 0.5374195502367491 -0.5010177073413256
72 -0.8427073981210521 0.4283210311437018 0.326167649272644
73 -0.4656336471882461 -0.5504643248195985 0.6929461261217033
74 -0.6564021886239139 0.732716473993306 0.179618305048658
75 -0.4867925377151812 -0.4729794148313748 -0.7343864775243237
76 -0.5260307715275182 0.6856989142809693 0.5030990224201036
77 0.313778531323357 0.8777400504474536 0.3620986566131649
78 -0.6920870743979196 0.2901920377074804 0.6609115392414545
79 -0.1478359711404177 -0.9406343737601729 -0.3055347779513438
80 -0.03210169339491386 0.996288262203277 0.07986976823024622
81 -0.01226650116601313 0.936029846929221 -0.351706779301741
82 0.1243629737021895 -0.6533969160052878 -0.7467304205178247
83 0.5418615518842721 -0.8397951140532246 0.03361881916278409
84 -0.5043672406310631 -0.06876037423540941 -0.8607471739792201
85 -0.1080540476860503 0.8546386081510041 0.5078554639229307
86 0.2109069489783107 0.6442944236989137 0.7351210474902382
87 -0.1590342558228688 -0.3792205469075611 -0.9115370986844126
88 -0.2852418712365581 -0.0691186656984846 -0.9559600854353323
89 -0.329362041002411 0.3242359671462593 -0.8867872820217123
90 -0.7045180657422573 0.1812946588854226 -0.6861388647368742
91 -0.2736328762541881 0.7258695005317541 -0.6310614211236826
92 -0.4612854620126812 0.8743569370119991 -0.1507171829445549
93 0.1008323772400326 0.5771933180775872 -0.8103583807592225
94 -0.2632818692129697 0.5819422522783307 0.7694321752805431
95 0.2051143909071253 -0.3809054057045244 0.9015759305504283
96 0.8732262867961488 0.3228160534114045 -0.365055677545351
97 0.3382842251769101 0.7595714425595167 -0.5555312832276077
98 0.5507545863421897 0.6248827442223341 0.5533452282221368
99 -0.4327144118466805 0.1541248872079285 0.8882588344189574
100 -0.6184235056717741 -0.177797235348013 0.7654675112212382
101 -0.9005559716224043 0.02159871536100377 0.4342032213952144
102 -0.7876730312972634 -0.4340334538677289 0.4372483924391608
103 -0.375908742260242 -0.329123060904606 0.8662393596882481
104 0.1992866930143264 -0.971718465093688 -0.1266808532627588
105 -0.1343490717327952 -0.6344340056302545 0.7612120725687989
106 -0.4440597582191235 -0.7693390233198656 -0.4592694180191069
107 -0.1838100183823342 -0.7319186943189147 -0.6561317718635343
108 -0.9550894177751561 -0.236270185132834 0.1788312155950678
109 0.7454228246962319 -0.6380716091252542 -0.1928974703053405
110 0.1142830999378802 -0.8739318185596867 -0.4724220036974858
111 0.09884136984657263 -0.2761619940147363 -0.9560151341211381
112 -0.3655340553671266 0.9000176942503855 0.2373878775402864
113 0.02637796811485653 0.7874988155350917 -0.615751425762831
114 0.7753248193592874 -0.6196370809201976 0.1221528240941843
115 0.08854299540133553 0.3596521348392767 -0.9288759227533621
116 0.3855820941727919 0.2891363397329938 -0.8762001059684545
117 0.6818094156738594 0.2951400310691652 0.6693491486204809
118 0.4201193074765913 0.2031223858869957 0.8844439291650792
119 0.2038824448248627 0.2078951637728496 0.9566668958274331
120 0.1051778522189829 -0.1953193644454836 0.9750835683546381
121 0.3270157090531954 -0.1953193644454841 0.9246140123884388
122 0.2080840070484011 0.4004164002927063 0.8923943928484267
123 0.009375567665786925 0.1980596299121954 0.9801451329930626
124 -0.1960173955649342 0.03241900574008971 0.9800643798765284
125 -0.1945735289882195 -0.170356866527142 0.9659812005645472
126 -0.08929415665822008 -0.3712148125912502 0.9242435374399651
127 0.2722785637765446 -0.1414934082673575 -0.9517583722377592
128 0.04997325666048136 -0.1396248780059505 -0.9889426510473542
129 0.199050045794041 0.1492616035193342 -0.968555653013407
130 0.4135761704901019 0.1461562672386033 -0.8986618367047864
131 -0.0955007185581635 -0.1769016223720355 -0.979584314266524
132 -0.1442176069767136 -0.03494623184613767 -0.9889287349034136
133 -0.1025962388086527 0.1515394587554495 -0.9831123049898335
134 0.04508032788754456 0.1831114487433008 -0.9820580234266614
135 0.2399589152282858 0.3283576043419572 -0.9135649964141987
136 0.6537543396386167 -0.203652742499693 -0.7287872281235654
137 0.4674564409688201 -0.2010411931586339 -0.8608524347703949
138 0.5330271011567992 0.211305430938145 -0.819287571179024
139 0.7090122587852907 0.2102375042492682 -0.6731283746056311
140 0.2976452115965357 -0.3430435030803252 -0.8909144083513479
141 0.4992061022099756 0.353677442755061 -0.7910155080670441
142 0.9090905913474245 -0.2093316103712062 -0.3601868593147001
143 0.8007979111929291 -0.2072587806788259 -0.5619310484931118
144 0.8462585716511923 0.1651732455650113 -0.50652169633334
145 0.9398311943149814 0.1641896645085825 -0.2995981980270153
146 0.6478710475145723 -0.4087149471783196 -0.642818168493544
147 0.7546308801188261 0.3749981727339817 -0.538431616101117
148 0.976073245365332 -0.1890496715420558 0.1074301697468135
149 0.9745302670829045 -0.1887942149027762 -0.1210268687464365
150 0.9728521557034806 0.1964530198540235 -0.1223310840846481
151 0.9746516751865053 0.1967710283718728 0.1064672459003918
152 0.8824226565439284 -0.3986312675147913 -0.2498466885462105
153 0.913207756450875 0.3588866298620295 -0.1930077212554825
154 0.9230232601196718 0.1859877233601065 0.3368035451674715
155 0.8201236889200793 0.1852669872349576 0.5413624278734194
156 0.8400680135143609 -0.1975860322764595 0.5052182622582851
157 0.9347172436823119 -0.1964529609371386 0.2961585867436104
158 0.8981053015661568 0.3832383329334644 0.2157202991587529
159 0.9068482589314603 -0.383284050790632 0.1752699965267969
160 0.516817604324032 -0.195524086909122 0.8334685928690549
161 0.6952862244784472 -0.1955240869091117 0.6916266315642163
162 0.7404315287780008 0.1494278269657556 0.6553109763461655
163 0.5719264183441664 0.151466070867529 0.8061998520069117
164 0.7607753150536825 0.3322055488169448 0.557548556934912
165 0.7330494149065964 -0.3931202976034169 0.555063047695753
166 0.3986464249969304 -0.389387121740869 0.8303364964034331
167 0.5442876237089899 0.3518446564351111 0.7615486329941639
168 0.3044059027183615 0.5278041724711307 0.7929437570926985
169 0.1166627755386934 0.5253705918440842 0.8428377886811941
170 -0.02697417037824293 0.6315373249957149 0.7748761199505778
171 -0.1246512735668292 0.493812760693711 0.860587600058369
172 -0.3582594214444563 0.3788856272840092 0.8532853381981237
173 -0.2142305862220556 0.2804350659025463 0.9356609587554612
174 -0.41686259907662 -0.09021531618325716 0.9044814924679443
175 0.65230341934587 -0.5951411816992849 -0.4693689624967387
176 0.5001135021876225 -0.592141101291719 -0.631866600708299
177 0.3149704808620115 -0.7252092991884346 -0.6122622547211062
178 0.3109775470392 -0.5367644598270594 -0.7843321234681436
179 0.1143024229993026 -0.4760249466770239 -0.8719720214763917
180 0.8243380503421031 0.559032941999641 0.08915687588406328
181 0.7730092303099715 0.5480634441523106 0.3195046025325656
182 0.6292179274502837 0.6789030597244097 0.3783853000210291
183 0.7015782243936838 0.5037748676363164 0.503983013398882
184 0.6273067622898643 0.468240600453242 0.6222836700995739
185 0.8042867235025878 0.4979457455611704 -0.3243037170231048
186 0.6739181947945889 0.5490709393879341 -0.4943231435452463
187 0.482219710418398 0.6004506832748536 -0.6379052655675119
188 0.5373405506636401 0.7280062911652879 -0.4257604639186899
189 0.2239278346995426 0.6816841738721044 -0.6965364397783369
190 0.3643686018458313 0.5125490205532598 -0.7775146452117851
191 0.2484941019462324 0.4425810146678775 -0.8616105423876194
192 0.8523398145156786 -0.5124391675821152 -0.1045128705907906
193 0.7773352479675598 -0.5303478264761767 -0.338350550788982
194 0.8256051140895748 -0.5092463764309899 0.2429903777540312
195 0.8637485739304835 -0.5008490799203074 0.05557517589749725
196 0.7701089475185888 -0.6369056163670282 -0.03582519772377134
197 0.5976420778527883 -0.5462506072745451 0.5868851853914805
198 0.7371629604212159 -0.5461169022459202 0.3979285097405674
199 0.4215675555397006 -0.5408931622485444 0.7278154870219864
200 0.4303514218066592 -0.6970107649948825 0.573562243553597
201 0.2299414145045378 -0.536202606624956 0.8121660609408984
202 0.4797608580022942 0.5214755252196812 0.7056151895514722
203 0.3881240101434076 0.6467415107010319 0.6565707662440866
204 0.627354418555109 -0.7086374206132271 -0.3228923034480899
205 0.3065142704269535 -0.8300297253520824 -0.4659395422762262
206 0.1212164108711534 -0.7757819125219479 -0.6192487431875049
207 0.3782381520165496 -0.9244892007039138 -0.0474933483863157
208 0.3533206714030802 -0.8885979726886734 -0.2925032411664123
209 0.530216886598356 -0.8214068860721928 -0.2101446660734693
210 0.6546543774196208 -0.7515759044179444 -0.08100188901301891
211 0.1595268953052965 -0.9389643587749502 -0.304790260055336
212 0.8342601777717897 0.5315314340891325 -0.1465752037669813
213 0.7135290704125756 0.6993219724021914 -0.04272054062947084
214 0.5598456083750729 0.8076088261099346 -0.1853129212237452
215 0.5485312636144064 0.8345831461087839 0.05083724096316242
216 0.358980581812912 0.9227762137494222 0.1400607054799588
217 0.510904401650962 0.8119808520809826 0.2822477426437878
218 0.440989024399926 0.7664716905834824 0.4669580579590633
219 0.3732501639052388 0.8659715151735385 -0.3328327658941623
220 0.6950621728229418 -0.6634671718818115 0.276947445819242
221 0.2431243668861224 -0.8160797730487493 0.5243132138778535
222 0.4200707776340993 -0.8221815034654052 0.3841329420099883
223 0.3939022818959523 -0.9004554756179316 0.1844476314481868
224 0.580129275115415 -0.7803535814744045 0.2334487353449
225 0.6679097937363848 -0.7400388263937587 0.07898761207156557
226 0.05251762196050411 -0.7674142304315439 0.638997103526123
227 0.04209049610104101 -0.8923599728906676 0.4493573955333721
228 0.05754655486185745 -0.6669364040908665 0.7428891080920998
229 -0.1410091757258808 -0.7359100562980597 0.662233192614576
230 0.0362980899671839 -0.520804282802227 0.8529040671022692
231 -0.1610089458800819 -0.9225622960237871 0.3506492967366437
232 0.02962332487248 -0.9712994873977642 0.2360079752981664
233 0.01547087136093397 -0.9998735316545975 0.003684132991092148
234 0.2188915769482807 -0.9703446642930306 0.102555887296345
235 -0.3433743986253978 -0.8259008258746291 0.4471933006969714
236 -0.3558426616997925 -0.9048197446100835 0.2338316271981835
237 -0.3130544158310042 -0.70410989993016 0.6373587541950363
238 -0.5078863173748667 -0.6863605445933589 0.5205388472044177
239 -0.3046524246356329 -0.6016542442546021 0.7383759682804238
240 -0.5321947269632222 -0.8401079762139049 0.1048206129266492
241 -0.3498296025678464 -0.9367767670901274 0.008278756391621109
242 -0.337985914764109 -0.9159198570981751 -0.2164632458278467
243 -0.1624956679511919 -0.9827765856356691 -0.08800761684872724
244 0.0262334693938879 -0.9750621146061695 -0.2203762186428133
245 -0.6869381328342131 -0.6998028745561492 0.1959386088069309
246 -0.6809233730134556 -0.7317556135735134 -0.02961557170863783
247 -0.6739398607851116 -0.627497652915214 0.3899381484682437
248 -0.8181113633367956 -0.5159998945956552 0.2538462250191685
249 -0.6414697543352739 -0.5038874834699801 0.5784582597520186
250 -0.7935799423242221 -0.5902997811041092 -0.1475704698411072
251 -0.6397482503550349 -0.7306272438711604 -0.2385497991634106
252 -0.6011113814962847 -0.6854038866056666 -0.4109581721556033
253 -0.4863868129814632 -0.8230731661995943 -0.2932207892355348
254 -0.3012952893126281 -0.8704352875591871 -0.3893116474108822
255 0.1812525237358804 0.983424273205519 -0.004921535285963092
256 0.144751468415445 0.9630481231730694 0.227124029649883
257 0.1919010253416306 0.9547734549521595 -0.2271159311707296
258 -0.02273135837369873 0.9899933018541305 -0.139271488935973
259 0.1671461152366337 0.8693182844218507 -0.4651321280358436
260 -0.9079862001168488 -0.4148182542722134 -0.05904977832235292
261 -0.8688933989723995 -0.4157701736680492 -0.2686250619548199
262 -0.9019705906529296 -0.4142932984323384 0.1216968219439549
263 -0.9712119909689605 -0.2382095838741699 0.001860846206060201
264 -0.8863447217346067 -0.3409070999342835 0.3133295126023069
265 -0.8949669732558723 -0.2111595822299515 -0.3929958620821536
266 -0.7842566244797373 -0.389332299437708 -0.4830754677834461
267 -0.6532105588888397 -0.3342266997161012 -0.6794177499543361
268 -0.6300436167235307 -0.5408350423682601 -0.5572634008908668
269 -0.4753544870115515 -0.6344096119778507 -0.6095593128712723
270 -0.9616769693746823 -0.02938746290497069 -0.272605545795267
271 -0.8742486874750771 -0.001758225203536158 -0.4854751704178479
272 -0.9970961423517816 -0.05508557692894935 -0.05258195623596103
273 -0.9773289609413713 0.1539565224564732 -0.145346108645429
274 -0.9901583652359185 -0.05660220152877889 0.1279945410376118
275 -0.8272903294769387 0.1818640657847832 -0.5315225040674818
276 -0.7597078003630913 0.001284388574869436 -0.6502633377436116
277 -0.6594226038630858 -0.1264013872509855 -0.7410698474607196
278 -0.5070994850684876 -0.277166178530007 -0.8161060113259472
279 -0.6147552933209984 0.05722713875663855 -0.7866390429692272
280 -0.9442767878445101 0.3291326937804542 -0.003608022017079681
281 -0.9077723788428561 0.3549816864170844 -0.2234665758418132
282 -0.7860960636791647 0.5414342218505475 -0.2981643205972415
283 -0.8198329346955444 0.3660941235645772 -0.4402829225395589
284 -0.7058565080592342 0.3668523178846809 -0.6059587171524652
285 -0.9371640144037083 0.2830782212959182 0.2039370754293224
286 -0.8664259733048338 0.483134269105039 0.1260448761319203
287 -0.9631835554532046 0.07476350365147889 0.2582399214418227
288 -0.8919826432844526 0.2302122626555263 0.3890620492958723
289 -0.9438490608665154 -0.1091897548403666 0.3118117184124057
290 -0.681621115791473 0.7218821152908443 -0.1194942096103548
291 -0.5911411595054115 0.7323023255353427 -0.3380612866835341
292 -0.7639022081762787 0.5916306064558071 0.2577336645611886
293 -0.7691499450896792 0.6370300396603534 0.05100088762827767
294 -0.5709070921756294 0.8208819409136705 0.01476249251896858
295 -0.5304694080733556 0.2593806866043197 -0.8070463843639815
296 -0.5250262491182314 0.4489286940709041 -0.7230563362398765
297 -0.4894037145603918 0.6494413371788974 -0.5819879326393086
298 -0.310550396157481 0.5408182716999099 -0.7817122542482969
299 -0.3814474075704659 0.8305714993672301 -0.4057694661955754
300 -0.7019476704320882 0.5713172342570881 0.4252835357920594
301 -0.6005872094161949 0.7204485738688616 0.3467691686064249
302 -0.7825919921841731 0.3663699498733112 0.5033118651482742
303 -0.6256147539279715 0.5012091234284068 0.5978257223135951
304 -0.813483867322552 0.15925523816234 0.5593583526897591
305 -0.7215050656700179 -0.3139463969899931 0.6171451207208113
306 -0.5537455374141281 -0.3720021476258254 0.7449699872852007
307 -0.4254270763373976 -0.4446600606026967 0.7882190261747176
308 -0.5029755868568749 -0.2564218690760539 0.8253868087663658
309 -0.2604779318016081 -0.4918794871551925 0.830786264426839
310 -0.4539294626367581 0.807348457780601 0.3770099609686582
311 -0.5185377157824015 0.828460925091121 0.2115919018023457
312 -0.4219594218349994 0.9055350990006165 0.04423155889878827
313 -0.3411366000957829 -0.2303622906541067 -0.9113501166509405
314 -0.3290412076132527 -0.4341859262332172 -0.8385788365761537
315 -0.175650014092414 -0.569271934998828 -0.8031665683854282
316 -0.3424371872335494 -0.6152704245589673 -0.7100556861701786
317 -0.3182561069194149 -0.760961037628857 -0.565377174653621
318 -0.4953869165528204 0.4522272988099357 0.7416753151611277
319 -0.4023094153143002 0.6461115028746678 0.6486039316890579
320 -0.1896665858943035 0.733759851279961 0.6523979359599541
321 -0.3254185998600105 0.7905164493345502 0.5188318399989015
322 -0.2410970952715097 0.8932710407662444 0.3793929867301598
323 -0.07198372129310572 0.950632510248265 0.3018545582360462
324 0.1055305655650629 0.8886589305386272 0.4462606916427452
325 0.05274598227764097 0.7686967906589891 0.6374347852009153
326 0.2693077322069066 0.7812216422253964 0.5631750092930508
327 -0.5723217402134939 0.2260774356930363 0.7882492110680853
328 -0.6754287004827426 0.05792755621601521 0.7351465627988979
329 -0.5363882650479441 -0.01207983228161681 0.8438848895263527
330 -0.7822201952555886 -0.0804366606851854 0.6177875927469935
331 -0.01699235063644849 -0.9189599544795822 -0.3939845962505792
332 -0.1694139734081333 -0.854386514388416 -0.4912459563653238
333 -0.03540100406021902 -0.8176505129007898 -0.5746254498928879
334 -0.2444049528278744 0.9343589108137573 -0.2593060832609477
335 -0.2548600351928324 0.966285190200088 -0.03659636131486524
336 -0.2025292313005207 0.9658522626973172 0.1615899659981797
337 -0.1464806608240948 0.8514747980070788 -0.5035216821183978
338 0.007139465689303818 0.8719911115409669 -0.4894696409617457
339 -0.1251068168208368 0.765738864904318 -0.6308662894465072
340 0.1846939461747137 0.7835594592291877 -0.5932307477692597
341 -0.03013830846332279 -0.7023237136118154 -0.7112194342546316
342 -0.01774552255977461 -0.5285162636892404 -0.8487376835306925
343 -0.03039850593797393 -0.3309801438946849 -0.9431479603880786
344 -0.3976520760681721 -0.06943674490573917 -0.9149051124873924
345 -0.2253747240757454 -0.2274358674237489 -0.9473537670569472
346 -0.4268944769095613 0.1308111901565467 -0.8947902201711526
347 -0.3136983594020961 0.1302137479530718 -0.9405518163038372
348 -0.1231761889153947 0.3498009463367165 -0.9286909735892863
349 -0.0885804277201149 0.6679718083981835 -0.7388959135156872
350 -0.1180893253697194 0.4658002572098325 -0.876974932148564
351 0.09542436235807134 0.4720670841501056 -0.8763828268117607
352 0.06431366121385119 0.6899466179226155 -0.7209975155286004
353 -0.8683717932457742 -0.2121434312848247 0.4482472456778951
354 0.07403480716037601 0.3423480113703444 1.969090319523078
355 0.5572249024612974 -0.4318445276739329 -1.871633167048253
356 1.063203371628386 0.3852950624545219 1.649589738512639
357 1.716213202834687 0.4231037496293939 -0.9357325790339106
358 1.899003457475 0.4193374101354554 0.4668425912005937
359 0.7779981531610087 0.3974812547500201 -1.799090749740104
360 1.468859984230679 -0.4481749105000383 -1.281245330264322
361 1.962423496875383 -0.3857940308916953 -0.007548817108002569
362 1.127529566261339 -0.4165800138589614 1.598479955851741
363 0.3004498105882736 -0.4379502048357078 1.928193332993824
364 1.757463179881802 -0.397623036660958 0.8678819574551958
365 0.4442360805675034 0.4387835874233609 1.900032438704642
366 0.9977401771954172 -0.4692922932915785 -1.668615978069007
367 1.463206573954712 0.4198863443792699 1.297197741186565
368 1.171630562466321 0.801490985790383 1.408862670664395
369 1.491203311163622 0.8255301891227811 1.046332925803998
370 0.7749060886755902 0.7774428720792294 1.671856194290256
371 0.3039530891352441 0.9154340693753702 1.75202539485933
372 0.8903920531171938 1.222433800827126 1.308761855472986
373 1.89497229991567 0.4235062192824406 -0.4792937145231625
374 1.695118888188905 0.8240487642412184 -0.6689660597203196
375 1.471746242663488 0.8076104509795468 -1.087073298666892
376 1.400769858001172 1.181479662885233 -0.8012175803762497
377 1.581805665080218 1.171181139484945 -0.3552823897055329
378 1.243903248352868 1.493768791580181 -0.4704885822613226
379 1.024147297775688 1.464845112710073 -0.8974135658815123
380 0.8341107874659165 1.733571530088538 -0.5467988151957494
381 0.5872324093828983 1.657786406950347 -0.952314195158833
382 0.3764111992148196 1.8767103232916 -0.5798904823812846
383 0.1154640914677049 1.749163078987769 -0.9628585392920209
384 0.605487507843735 1.899589570629748 -0.1579377757215586
385 0.1334509125119541 1.987388976977434 -0.1802107325835866
386 0.3516844568244278 1.953328521805467 0.2466287264885718
387 -0.1273479733260108 1.983402152409611 0.2233794876587338
388 -0.3439135209782366 1.961257007618274 -0.1876018127752622
389 -0.5996645124135946 1.897782687459271 0.1970364020470164
390 -0.3705798307518928 1.864904151915941 0.620324989990393
391 -0.8283540184502902 1.724117744706223 0.5841640373271747
392 -1.03630643847791 1.703834499785072 0.151713423636091
393 -1.237916800166598 1.480217453640948 0.5258500601901639
394 -1.412251258805709 1.413833526946742 0.08137038824427738
395 -1.575419913311063 1.147469277810335 0.4487386246183736
396 -1.707314200171204 1.041646682224745 0.00710009182638311
397 -1.821222577239322 0.7452999047429865 0.3573183120746233
398 -1.902918204011796 0.6096284721234584 -0.08517884019485385
399 -1.961042273663147 0.2971658875834389 0.2569156207061449
400 -1.983998596010322 0.1534431187565056 -0.2005112972761109
401 -1.987718992361999 -0.1645787805114929 0.1479426659511999
402 -1.951729512892518 -0.3142662724343022 -0.3032962553586563
403 -1.894225223191148 0.0101119383846469 -0.6417231120417513
404 -1.803051536749852 -0.4509767963122581 -0.7386643926790626
405 1.185788191253637 -0.8412916502307204 -1.373366201978008
406 -1.809088968223946 -0.7577701860984276 -0.3911284317340982
407 -1.607006044302402 -0.8853397559788664 -0.796055959125254
408 -1.562494936315654 -1.173236350138333 -0.4267622765686128
409 -1.314681683685543 -1.265538566133768 -0.8185500645713927
410 -1.228166351848451 -1.521193089547573 -0.4214012298273211
411 -1.429446252211795 -1.39862662833045 -0.0229557522780322
412 -1.060322546793278 -1.695771873145317 -0.00859366109640898
413 -1.692879187301104 -0.1179870538231198 -1.058413488355518
414 -1.90789516780008 -0.02872984326675264 0.5992583956783368
415 -1.226895087825833 -1.527717634264928 0.4010078221491605
416 -0.8252566305846492 -1.776297486513799 0.4046217160272463
417 -0.6273632141402713 -1.899013584447729 -0.01275945244034146
418 -0.3693195686978086 -1.926706464387261 0.3891082834703013
419 -0.1575777424397441 -1.993460734813046 -0.03582671972460208
420 0.1088884688842265 -1.963771492214343 0.362966703308036
421 -1.506642561088318 1.276161757187431 -0.3184954671726494
422 -1.361005597746279 1.178140449366013 0.8715783639300275
423 -0.965740207847545 -1.554493232983508 0.8067816554403436
424 0.3225358055511061 -1.972672975220557 -0.06732003395703502
425 0.02855763066035934 -1.948469061616295 -0.4501697209444265
426 0.5817225800807941 -1.885237452952899 0.3278392682517008
427 0.3578604813697815 -1.819910209564418 0.7482397376489598
428 0.7811654050293035 -1.838141750735486 -0.1049548197487238
429 1.519799807696797 -0.8086082534505182 -1.018018289116891
430 -1.319998423723149 -0.947062193674867 -1.166480759669936
431 -0.9858596006469119 -1.290583742612099 -1.167250809002786
432 -0.9540944475175559 -0.9353056459450473 -1.488256407303354
433 -0.5952300568141125 -1.250492248184246 -1.442903432907476
434 -0.5822380196561127 1.643431552967187 0.9798630614421524
435 1.021574472799838 -1.695517977250435 0.2856648129264897
436 0.8023137198356787 1.812289345925509 0.2681417938485666
437 -1.340518692320571 -1.254631048359313 0.7930388187421586
438 -1.040347200216808 -1.246751466418371 1.167599453573309
439 -0.1149294862618917 1.731820244215268 0.9937755556028474
440 0.3159477615140686 1.480365682262518 -1.307170401582624
441 -0.1606636174840304 1.5406330697171 -1.265162814230252
442 -1.379943219652081 -0.9165509274747098 1.120576239209764
443 -1.044781380966284 -0.8710879859150374 1.466164242771139
444 -1.348874935109577 -0.5214380020383433 1.381534950503749
445 -0.6746244262200523 -1.176331207493311 1.47007713193036
446 -0.9788729836849654 -0.4493970148773604 1.685185451168806
447 -1.24913724352411 -0.0733592537192353 1.560216192306292
448 -0.5408720427441264 -0.8634655134656911 -1.721012707807013
449 -0.8947388957766107 -0.5521822037416699 -1.701333924382702
450 -0.1667104221298071 -1.160386074481566 -1.620404823895116
451 1.224343648114276 -1.190188688344765 -1.041361376976501
452 1.515784021252466 -1.12628616702889 -0.6586943683341129
453 -1.724924046694293 0.3468335855388445 -0.9509697666477381
454 -1.472401985274843 0.2131810620516307 -1.336632420877648
455 -1.461812384126701 0.6698411072545931 -1.18929283384949
456 -1.166425479845409 0.5232959613049023 -1.538054919971776
457 0.03614299978419347 1.211805032399993 -1.5906672332756
458 -1.141000765109177 0.9680533914514616 -1.327022940766133
459 0.8967066295905001 -1.227764722814563 -1.299427183746948
460 0.8901209831883422 -1.508518718763989 -0.9654304275433166
461 -0.3141698030322446 1.473312904964161 1.3155403524517
462 -0.2155711461567906 -1.512771946487959 -1.290368210575447
463 -0.8465066540701649 -0.006208637453032045 1.812012123975971
464 -1.08615904301569 0.3709032805011886 1.637891721020867
465 -1.459903937979026 0.315174553193403 1.330167467987649
466 -0.7886608741707009 0.7942827204339166 -1.65744652570525
467 -1.884103433062723 -0.4982355261378476 0.4493502131026558
468 -0.8091515822838506 0.3358605584094562 -1.797907506573247
469 -0.5101452430444622 0.6591530715563877 -1.818039894847439
470 -0.6554170282871675 0.4327462704682438 1.839336615311902
471 -0.8861632606295999 0.8534076848425893 1.576835438136119
472 -0.3617650761206933 1.745232836639822 -0.9073523988029742
473 0.5087451235360759 1.128329939432227 -1.57100284756557
474 0.5418672805373373 1.808541490246024 0.659967823717007
475 1.058034682208614 1.566284466062736 0.6536937988189041
476 1.392592463821116 1.435423122866754 -0.015706305997618
477 -0.5497332654461355 -0.3755104002380166 1.885944133895544
478 1.671422949408647 1.093207901977022 0.1060273891270462
479 0.1559594863637627 1.501904875739433 1.311471838372166
480 1.189336929200619 -1.599787427906551 -0.1617338998224695
481 1.380641927278974 -1.43267057367077 0.2031819282743067
482 1.193870378546925 -1.464994042661641 0.6545731236417555
483 1.56995446651273 -1.115408749004475 0.5395426727525826
484 1.303183482202978 -1.157399517746116 0.9808869292810355
485 0.9067745681466338 -1.43705904380845 1.054808602150566
486 0.9721407754843181 -1.092940275422512 1.363973558028202
487 0.5613914542661926 -1.340092914270071 1.374405550119774
488 -0.1027840142186957 -0.756261669430892 -1.848649164598489
489 -0.4110251433227723 0.1186444199187827 -1.953709761755474
490 0.2781738743285356 -0.9882262926785829 -1.716399746591625
491 0.2119309199752189 -1.373282310962243 -1.438464799554254
492 0.1651364682063829 -1.671588756155066 -1.085597060222752
493 -0.416677887355267 0.8420243617906028 1.765608822004546
494 -0.6288087951055706 1.480599775355531 -1.188454376244638
495 -0.8445234402708202 1.661910132397345 -0.724454878283097
496 -0.3539519444960814 1.02800964002449 -1.678664409881904
497 0.599777123889766 -0.9513764655341316 1.65382895805047
498 0.1769337538086546 -1.174277353181435 1.60927534765446
499 0.1277210206486573 -1.526035204224296 1.28643068074132
500 1.754593553951452 -0.7477965018446554 -0.6018320797871344
501 1.706544680771884 -1.01638216618988 -0.2338216088824021
502 0.2223188237481105 0.8802863963449266 -1.78204102113765
503 -1.390143680874639 -0.253031013787798 -1.415441928369309
504 -1.66763539378762 0.7837193509347224 -0.7776735641368221
505 -0.2219704210032543 -1.800356165363516 -0.8422866555022793
506 -0.7701580602276024 1.318607099759534 1.291561798262169
507 -1.769529706796201 -0.3476416391012135 0.8648178464444241
508 1.440488837788705 1.327874200644202 0.4021716243964342
509 0.7990460689527635 -0.840472419997866 -1.629457422246456
510 0.7599478114991319 1.562583444673383 0.9903596832617658
511 1.697265391825155 0.8928776019586021 0.5675031080384123
512 -1.661590787669777 -0.8481647022168622 0.7209248866867556
513 -1.783107596775262 -0.8530953522654142 0.3045580704323844
514 1.307852330545343 -0.7666376742902888 1.304526334669367
515 1.726929519356523 0.4135039818562963 0.9201787283805446
516 0.8755127009468107 -1.712428934902731 -0.5486935878873737
517 1.955734358503196 0.4182834633070676 -0.01191903074656803
518 -1.04949455221665 1.336542381349582 -1.054616350965583
519 -0.03322005518828822 1.177979366292379 1.615939677253669
520 1.095754281313172 1.326820632009629 1.019249510893885
521 1.900316919279701 -0.4089346273554083 0.4707101834982945
522 1.819117530338264 -0.8088252175474385 0.1913457035717137
523 1.441257167948725 0.3950546303637205 -1.32917629186824
524 1.151161456684422 0.7568134980641298 -1.449848485115647
525 0.7194478274685311 -0.4489190745677953 1.811316230822217
526 0.2343238898939859 0.4138313159100868 -1.942636341829597
527 -1.733933245595744 0.1237632612401222 0.989018783939424
528 -0.9844987495438995 1.467392582998495 0.9367610258264936
529 -1.15445573090184 0.07544973452285075 -1.631422478375338
530 -0.2647590331441067 -1.358934401589352 1.443329465695753
531 -0.2338787535094244 -1.668021782389252 1.078426660525351
532 -0.209930257273464 -0.9345981765171766 1.75569232370933
533 -0.3970603735251833 0.07306515273741047 1.958827338800309
534 -0.6629703952458329 -0.7968264750261839 1.710420364625296
535 -1.56368558830073 -0.5369705583960481 -1.125411036180309
536 -0.4440084234900761 -0.4301178758881669 -1.902066016917212
537 -0.1057426977191777 1.915709895062286 -0.5646893657928367
538 -1.647514322554281 0.8328092831461261 0.7694967543038405
539 -1.405244792139616 0.8163453259375808 1.16570467228383
540 -0.7574191204275098 1.155232096153488 -1.446290109220012
541 0.09916846568426978 1.896477057344813 0.6273279735342487
542 0.7676376854533067 1.365074392933461 -1.24390686372784
543 1.160950371767052 1.117204695891231 -1.184925272653312
544 -0.5500891552482626 -1.74973728838562 0.7973840623634199
545 -0.09279950814894508 -1.85298141785373 0.746892305741661
546 0.804391325616832 -1.693297316769783 0.6969209369022064
547 -1.832709732267996 0.4207549273172554 0.6812784514340823
548 -0.9642266359097798 -1.560372434072613 -0.797185587920666
549 -0.8393879173321999 -1.769791036954654 -0.4040638684065704
550 -0.623444173121327 -1.554705896605503 -1.092797757163303
551 -0.779231811338136 1.826996979235215 -0.234264427654069
552 0.4747211736899276 -1.884386832182942 -0.4729969069095427
553 1.034666667546317 1.708413743526673 -0.1038622549234336
554 -1.874383485858428 0.4766494178140467 -0.5094034554640757
555 1.822570625694747 0.7988581472838049 -0.2001548772149801
556 -0.4113642666733986 -1.911882173303972 -0.4189104862697257
557 -1.167232965387349 1.598316443430603 -0.2880134565821609
558 1.742540744768021 -0.4017740717722085 -0.8956167417343701
559 -0.8527136832746521 -0.1410258133586339 -1.803605027250343
560 -1.387548626342621 1.050990904193471 -0.9849502164258331
561 1.576888489738691 -0.8050713571874638 0.9302057840961672
562 1.122717706346988 0.4008598782856677 -1.605869331494863
563 -1.579963515066954 -0.1819362827380841 1.212688946136116
564 -1.282376010090475 1.377258822335715 -0.6772517294498946
565 1.508114817261272 -0.398546896686228 1.251698873171489
566 -1.902681103382817 -0.6160634796607798 0.01644408277153035
567 -1.539301784694371 -1.212681792101609 0.3999411040915352
568 -0.02880850889560212 -0.4703360530030833 1.943695981129943
569 1.910712165256662 -0.3584661611616165 -0.4697669984601442
570 -1.651729520868062 0.5176755694221931 1.001898994268569
571 0.2404853388576938 -0.8141027781042945 1.810912330422809
572 -0.6578471137136269 -1.509804780466487 1.134780463287589
573 1.228748637213308 -1.45222560817456 -0.6174281897585067
574 -0.2261472453556898 0.552655281038303 1.908776981147486
575 0.01050106361101766 0.867303410057139 1.802130550921962
576 0.4996679524481569 -1.639113758729922 1.031328281023329
577 -1.241652814744978 -0.6068071535291101 -1.445712061947943
578 -1.740224647326164 0.9032740907890963 -0.3946062515313944
579 0.339801092587766 1.708353841357035 0.982884718670924
580 -0.530692132526053 1.84926631761402 -0.5464246947322492
581 1.169576635454575 1.604127086078856 0.2426247833732476
582 0.5214545647172323 -1.510085884082383 -1.20321476039429
583 0.5264461503083349 -1.732444930668779 -0.8494050935952673
584 0.3916074206985564 1.234857350857248 1.523735853449555
585 0.5264842306405629 1.474817670163006 1.244076844355596
586 -1.143498176930576 1.087657114463337 1.228582077320737
587 1.471061896419661 -1.328324340161812 -0.2674534431183831
588 1.847974017484122 0.737868620594274 0.2013502655719542
589 -0.4972154263630637 1.153410079842323 1.556413186626457
590 1.415949756917399 1.160280931039731 0.805502605179607
591 0.8846317781802669 1.056888598454308 -1.449280203235698
592 0.7490898000489855 0.8183379889294218 -1.664087559997226
593 -0.6280574785832816 -1.758988053657854 -0.7151956590224554
594 0.9755581478575202 -0.7504199288370149 1.576437829587026
595 1.759405040853591 -0.73586613028783 0.6024906144614948
596 0.0972160667800667 0.620224949747781 1.898912859525201
597 -1.717235654855637 -1.021527085628613 -0.08708684756979458
598 0.008756668552617565 -0.376105558421836 -1.964298330111813
599 -0.4009107400445021 1.312423652100462 -1.45492774250966
600 0.5385278508411605 -1.22238613091687 -1.488542878391646
601 1.868182482550712 -0.6775452542264571 -0.2254476444007883
602 1.632118110533965 -1.151271647631172 0.103750019892269
603 0.161748354189083 -0.6625097163861664 -1.880137852821182
604 -1.204876408457162 0.6775053963413575 1.445427022810806
605 -1.557536862448683 -0.5808107707434589 1.112087123701153
606 -0.1432158246934482 0.678064594173598 -1.876091051544559
607 -1.112429325122374 -0.2980626614038167 -1.635132914011779
608 0.7626213995834618 0.2437258986810999 1.832759200552394
609 -1.541055054301214 1.100085873006445 -0.6441741935411023
610 0.1297662632746579 -1.730771706190848 0.9937756376390771
611 0.1941644289410146 -1.837823848901812 -0.7646591887512639
612 1.246636276966563 1.073264080735063 1.137542177659741
613 -0.3567194275913195 -0.6605619072160759 1.853755436057837
614 0.1515917293703466 -0.2209674514327473 1.981967036303536
615 0.3907484318273624 -0.2205150072624737 1.949022522855108
616 0.4627461711063586 0.2207433536567764 1.933167957768482
617 0.2249467480263765 0.2221857822807664 1.974849978784374
618 0.2603679305381656 0.3924233883703539 1.943762440476511
619 0.03716126237677566 0.1718392302574901 1.992257593666812
620 -0.1630203006404851 0.209645260172321 1.982289899703463
621 -0.1995598948477961 0.03672205833048463 1.989680210184619
622 -0.01450671457430963 -0.2368408201774267 1.985874110091056
623 0.1362886699592596 -0.4557080431133184 1.942615653669703
624 -0.2158625303505339 -0.2013669119906499 1.978093712326596
625 0.1180111949282392 0.2084154889685808 -1.985607297989609
626 0.3575183100008473 0.2084154889685808 -1.956717568268892
627 0.2449317658188721 -0.1902037628117766 -1.975811468411167
628 0.004398005284281938 -0.1888976639286629 -1.991054577381497
629 -0.08977513868707775 0.2705305259807112 -1.979584213663646
630 -0.2067121466131502 0.05966847314210233 -1.988393764261866
631 -0.2038344985515544 -0.1304587989234491 -1.985304006691088
632 0.7484991021308024 -0.2181894078190829 -1.8417769887869
633 0.5196244281807226 -0.2172721811558778 -1.919057907655114
634 0.6321402109009827 0.2004394174633276 -1.88685526569714
635 0.8559370654760499 0.1998681860794129 -1.796503394969676
636 0.2857956207298741 -0.4079790017912414 -1.93697547668241
637 0.5112420449112846 0.4097284066192869 -1.889643935857798
638 1.172243926591171 -0.2372737229020542 -1.602980148657591
639 0.9681665363287455 -0.2364010831492386 -1.734003484950093
640 1.030846976998287 0.2018749820434623 -1.701940363713854
641 1.229877625958967 0.2017630858528794 -1.5641907435964
642 0.7832973912948875 -0.4539382461359734 -1.783363469819212
643 0.9550304307366408 0.4011331164223618 -1.710850402366107
644 1.56758437254851 -0.2258593103761886 -1.22133812142997
645 1.40680708124789 -0.2260128791591641 -1.403499916139997
646 1.389751482816926 0.1987760414499725 -1.424457405945728
647 1.552744033422841 0.198970013942394 -1.244747725533784
648 1.247910341597219 -0.4641679789017336 -1.492403386051168
649 1.289180998656638 0.4001902949176809 -1.475757459935871
650 1.691013760440858 0.2130702431609937 -1.04645761188831
651 1.806112847386908 0.2132272370146245 -0.8321601576013264
652 1.817021151371354 -0.2022153274908713 -0.8108903111992882
653 1.704553097662349 -0.2023622297920302 -1.026424992487658
654 1.590265941495382 0.4120670200079402 -1.140725649024156
655 1.617150073423533 -0.4280048412134422 -1.09619227142145
656 1.895325668645856 0.2133316280172483 -0.6018556523450205
657 1.954673951746128 0.2133701673785126 -0.3656814379183632
658 1.959015657039075 -0.1802715950955708 -0.3602218864498105
659 1.900533974995311 -0.1803110928298544 -0.5962034214016432
660 1.819305793789749 0.426519883940711 -0.7128865388589221
661 1.838820642364503 -0.3826577211883397 -0.6872493824145234
662 1.987198451738707 -0.1941706329066792 0.1154992585426623
663 1.98644276238926 -0.1941536505512992 -0.1278652092202175
664 1.984609902455076 0.2106669748517407 -0.1301651289096669
665 1.98563328728332 0.2107137784884143 0.1134026101444378
666 1.949839399226978 -0.3746803552300449 -0.2402934635541824
667 1.938860824996819 0.4238476682951134 -0.247329447040685
668 1.956952848645725 0.211233727403931 0.3545643250306255
669 1.898289816487148 0.211233727403931 0.5931914404542874
670 1.898324829918995 -0.2059255373443596 0.594943285685666
671 1.957176859884019 -0.2059474619316632 0.3564328577143797
672 1.941522761851883 0.4218860190309017 0.2291321718076579
673 1.945596151819359 -0.4002912058908725 0.2332864430526022
674 1.713022001639555 -0.2003602644363865 1.012625985413072
675 1.824627444816788 -0.2000363328473566 0.7941789176012798
676 1.811550237305276 0.2082882966062436 0.8215240247345583
677 1.696606035333716 0.2082361490745826 1.038347565648323
678 1.826438042899211 0.4195149804903712 0.6986639081809383
679 1.839165234214642 -0.405544558402602 0.6730563515830162
680 1.564056898339863 0.2114852449322551 1.228413615168535
681 1.402584382030362 0.211524508521623 1.409969656971097
682 1.426022172309238 -0.2008891653281419 1.387841600232607
683 1.584487069111053 -0.200460225279623 1.203834052475967
684 1.643584324206478 -0.400716939849169 1.066797311273632
685 1.605728024606573 0.419479972994966 1.116097694312292
686 1.201017478182668 0.1940890830128905 1.587415019758526
687 0.9995030045222121 0.1937594698401374 1.721467691186314
688 1.033892468198568 -0.2099065512523229 1.699119067029627
689 1.232778184900005 -0.2097392013267996 1.560854706326456
690 1.274623336846356 0.4062298018337874 1.486712042484604
691 1.328890917930621 -0.4109866851371658 1.437059105562982
692 0.6027829160601884 -0.2264370325174423 1.893509711200518
693 0.8282532478532171 -0.2261975361455006 1.80633087557687
694 0.845833286787966 0.1222035068621859 1.808212474758442
695 0.6221039483819414 0.1224531466100047 1.89683734260292
696 0.9170467650593255 0.3159348293763506 1.749059865836834
697 0.9296940740218362 -0.4356574023663121 1.716354146582843
698 0.5129931673671347 -0.4460819044042853 1.880917048888037
699 0.6061615361508735 0.3428002107447454 1.874848315892401
700 0.2720328027963642 0.5320600573165981 1.908640943082541
701 0.0858475269989019 0.4825348120368701 1.939017884724304
702 -0.07638629108878349 0.4494437327443531 1.947348316462805
703 -0.3141840673712821 0.3154508785916419 1.949815148932277
704 -0.06468676515457635 0.5884521407582125 1.910376847758293
705 0.9034550033074703 -0.6585722068574518 -1.658327984855108
706 0.6842375118224462 -0.6418827807077662 -1.766297122017101
707 0.543743663776058 -0.9230643604168752 -1.688873889499028
708 0.4231769956296648 -0.7193466402325306 -1.817542748205945
709 0.2209747880913758 -0.8291716493322799 -1.806555982794765
710 0.361865577467493 -0.5507981372294347 -1.888299424315091
711 0.08555386227171254 -0.5211432880122954 -1.929012755274087
712 1.327542668765105 0.6153816864237194 1.363427974856876
713 1.125997566824714 0.5979496651980992 1.540969070875306
714 0.9802509619275119 0.7951308967589363 1.55141061897214
715 0.9259495284557899 0.5857304287096904 1.673181799935698
716 0.7763432706369595 0.5156184259587205 1.769584348074022
717 1.718188206013374 0.6281542468618008 -0.8082397731280175
718 1.808452481065893 0.6284363786343362 -0.5784179645685088
719 1.60558760959124 0.6198383339650404 -1.018768309123586
720 1.594683842292143 0.8216265862699634 -0.8842585571351479
721 1.46707271883001 0.6056968983628365 -1.216893136219595
722 1.731416332928135 0.6605612326177628 0.7522342321592334
723 1.813793334696057 0.6618211658695869 0.521676608081271
724 1.883792552684652 0.5817852167990982 0.3359338922524321
725 1.782721187555531 0.8200196113236725 0.3866173877170667
726 1.911388966884787 0.5809741754022539 0.09519046583970076
727 0.4996745830922278 0.6260678389889259 -1.832584069557341
728 0.7682685164731795 0.6116711514079376 -1.742303615656981
729 0.945323422700291 0.6157344154494744 -1.651434151313731
730 1.337526387254224 -0.6496889367061559 -1.337507924806536
731 1.100776464462255 -0.6607012670763639 -1.533546546724183
732 1.50384339029007 -0.6323921709790755 -1.156950819855901
733 1.363008153584549 -0.8311786651139307 -1.204720216449223
734 1.64302796127549 -0.609590559965315 -0.9637730374253483
735 1.87409457553713 -0.6135871328163283 0.3335870986482278
736 1.905055491552664 -0.6018223637336494 0.0925927460176124
737 1.854892173434825 -0.7477170138802717 -0.01715494343331936
738 1.92382760171454 -0.5340359926562316 -0.1170167399518308
739 1.899164581157771 -0.5206697643507464 -0.3493950345479532
740 1.415898741290094 -0.5858674056980114 1.285297684333792
741 1.226984719634426 -0.5961241747193395 1.46258143913384
742 1.056009336353425 -0.585977858525598 1.594200185313047
743 1.148349660538758 -0.7629432377780387 1.448865305357708
744 0.853165012296926 -0.6036757925831028 1.705193537180325
745 0.2718201989775235 -0.6291572867870147 1.878902575417529
746 0.4855019767561651 -0.638794061575474 1.832001631402594
747 0.1065342461020416 -0.6464416656311324 1.889646429188148
748 1.768680390960471 -0.5700469671079206 0.7394701683793442
749 1.838157526798321 -0.5749956287033621 0.5390333325933598
750 1.5558492523193 -0.6070167108470028 1.10039257395257
751 1.677827441442064 -0.6051892114598364 0.9047878729716701
752 1.675783687562954 -0.7739960172529906 0.7698566085800751
753 0.5436467273821484 0.8530557351794277 1.725324360369425
754 0.3772769093064182 0.682868815500483 1.841562465549611
755 0.6148995473977676 0.6134289489351684 1.801555847377015
756 0.2015407927576138 0.7714898604637397 1.834171394405733
757 0.9991577307513733 -0.8465933935935041 -1.511609557724348
758 1.487856314949773 0.6271982988709989 1.180214336448006
759 1.341266666774944 0.8195288822404786 1.236679481422776
760 1.621336059432405 0.6242411006858959 0.9907534661047939
761 1.374493682128796 0.9532628350094069 1.096383639597861
762 1.214960266458015 0.9418947810173973 1.279338021173629
763 1.039700132817852 1.020490684028747 1.370263623405759
764 0.841725283021124 1.010838069330475 1.506553996880047
765 1.07452405360785 1.154305050068511 1.230031670163206
766 1.608179189040067 0.8667193895649531 0.8139761640801213
767 1.566789874631029 1.033294471091533 0.6909935055884054
768 1.461624858553085 0.9984031902168087 0.9310444901424274
769 1.337429566197841 1.121920230244661 0.9760005903828237
770 0.5902726219737644 1.018252869980376 1.617015561002721
771 0.3495525070728692 1.080624541291443 1.646227094163418
772 0.6469951205040819 1.240137314616512 1.429495279789218
773 -0.01140704036258923 1.026921600079684 1.716188190939428
774 0.1576758156852421 0.8939127811391734 1.782149903028368
775 0.1362254662330146 1.05334844859815 1.694668011200267
776 0.1802798452700703 1.213730928852224 1.579353161815595
777 0.05399021562279965 0.7455822170467371 1.855045070676364
778 0.9973487294399984 1.280114977196894 1.169017175682469
779 0.9327958652984993 1.452401323653167 1.010159526378162
780 0.8312735589525245 1.402808746881713 1.158063853964262
781 0.6457755488495135 1.524743871232488 1.121663972697294
782 0.7129148364594459 1.357147842316267 1.284485177046549
783 1.174911285207546 1.203849889374892 1.081817413311513
784 0.4612707961854575 1.361404335315299 1.390614068809582
785 1.771998752914198 0.817522129786606 -0.4378104464031184
786 1.871924036892114 0.6155068779037817 -0.3421281680286947
787 1.900951388524101 0.6123716969275674 -0.1066992186960302
788 1.446534632803331 1.001661134921528 -0.9509009027697096
789 1.559285004241752 1.010110717268915 -0.7404772882440606
790 1.502206145664545 1.1849428417267 -0.5824836115877651
791 1.650458191152264 1.004918936736455 -0.5158737150183849
792 1.714048438487551 0.9918829397312096 -0.2796536865277534
793 1.324738014246949 0.9685414496609552 -1.143239543533071
794 1.28930353993218 1.156918638701376 -0.9996177496141728
795 1.305610373515887 0.580111160716008 -1.399590152073253
796 1.321274414958505 0.7880694156846045 -1.277959512832307
797 1.163355676843199 0.9429257173540575 -1.32570534460303
798 1.33200847034347 1.347407962466032 -0.6405038779089367
799 1.423188445624874 1.342221037712172 -0.4159054389674594
800 1.221322206139563 1.332835311669202 -0.8555244594738672
801 1.142315517886775 1.490121364391661 -0.6889510700903251
802 1.100216276394935 1.300085238972433 -1.048476283261408
803 1.327924661493799 1.475347053849345 -0.2448819390944124
804 1.49757470180342 1.312394787698698 -0.1867884732516639
805 1.542145786073929 1.272682135560202 0.04545939199269815
806 1.638273083242118 1.140309537452662 -0.125520769272894
807 1.758198959490698 0.9520992204456533 -0.04736552831548388
808 0.9359173739568181 1.610892334558932 -0.7273819873938642
809 1.046598131279528 1.625459833975881 -0.5123599123012056
810 0.9413883302822045 1.733884770973625 -0.3277676198074213
811 1.147354398038775 1.612431635009948 -0.2892094530270885
812 1.221688992336152 1.582357171403312 -0.06018129371478748
813 0.8115731468373851 1.572716770334133 -0.9316174041108498
814 0.7158610511717346 1.708061123513785 -0.7550299025575906
815 0.9014253207339382 1.423698223783993 -1.077272369799773
816 0.6817793089219788 1.521122914268231 -1.105152502423984
817 0.9709808060550733 1.249746072779533 -1.222837285923509
818 0.4853391947855406 1.78014961311685 -0.7716950310354818
819 0.6096795133013588 1.818318797566834 -0.5674571714902562
820 0.4945329192347221 1.901932039447454 -0.371606928240623
821 0.725053146915241 1.829840239397631 -0.3549403223494407
822 0.8258699016029833 1.816744661420002 -0.1318246594086311
823 0.35391263786987 1.715907903622971 -0.9645755082108458
824 0.2477326718117968 1.826168792401815 -0.7770045463024555
825 0.454885678368545 1.580526774084932 -1.137986878665947
826 0.2172800950722292 1.626548532296833 -1.143297525742281
827 0.5455791935102832 1.432663114618226 -1.284453091249764
828 0.004896823158805749 1.84605575266707 -0.769450569671482
829 0.1363358418289878 1.910243712074035 -0.576525366930539
830 0.2567916993231407 1.946150935414445 -0.3828244502957123
831 0.3721658234530288 1.957674052484862 -0.1703082619282685
832 0.01394600725990851 1.964494847924904 -0.3749206600842537
833 0.07821255051997922 1.521597835927756 -1.295616773062594
834 -0.02275035629750764 1.655858835824334 -1.121433875496374
835 -0.2629483843539254 1.653839350435685 -1.093468586707516
836 -0.1240486149920465 1.759940075668746 -0.9419250878778224
837 -0.2353182752207818 1.842721720390623 -0.7409466718649463
838 0.2443377405343367 1.984736777806663 0.0334513284070925
839 0.4820783021236866 1.940516731355308 0.04466907153336872
840 0.5810703403073805 1.896093858833245 0.2592013466591543
841 0.708968031454914 1.869300464247395 0.05549869133067604
842 0.9243777319899245 1.771635429094525 0.08266628682976072
843 0.003073730727878954 1.999879457507648 0.02174184027007551
844 0.112986533488918 1.982724990704381 0.236718513189121
845 -0.1059912510028117 1.988580920499132 -0.1852343848686949
846 -0.2372397714875409 1.985797798105433 0.0180109928697687
847 -0.2262537208432998 1.950775171883204 -0.3785306890710692
848 -0.01418854858754438 1.953542105180754 0.4283362328532652
849 0.2269344034408288 1.937779015840335 0.4399014233937186
850 0.4499933203583132 1.894480539512466 0.456562697820856
851 0.6767887912679633 1.823071241386588 0.4672988132268395
852 0.3225888910197925 1.864479214333718 0.6478068127984923
853 -0.475027031731763 1.942762661714591 0.004749670698945468
854 -0.3661603122795687 1.954761274196502 0.2117427368600749
855 -0.4886893989462024 1.895177418873578 0.4116858296678202
856 -0.2507789728512911 1.938181186734692 0.4249277516982758
857 -0.1366557937584288 1.893857814876316 0.628194055260123
858 -0.5652893880264578 1.906663115004588 -0.2123291634836658
859 -0.6943096279796444 1.875521995484286 -0.01874526471962893
860 -0.3200765616013751 1.893486313751965 -0.5588028045271753
861 -0.4397305477125795 1.915838872253228 -0.3690507566336542
862 -0.6582555637323317 1.847375017634511 -0.3923074776693942
863 -0.7192502567182469 1.824243004792819 0.3934673146211792
864 -0.6038357361676194 1.807589034633292 0.6066335678153603
865 -0.8239374236112361 1.813911906244387 0.1756437256429402
866 -0.9391243996148635 1.726466382420996 0.3706200108172549
867 -0.9143717325986781 1.778256391630884 -0.04157571705213427
868 -0.7102779128767193 1.695668075563395 0.7875373413334918
869 -0.4797657898771927 1.766528040891402 0.8057316349802198
870 -0.3510762834526699 1.699693182216569 0.9938755100733561
871 -0.2444606342861324 1.811000317437117 0.8127218764910187
872 -0.007932046040844021 1.826012541770767 0.8158524866306832
873 -1.145396655679319 1.603625535520017 0.3412501179293123
874 -1.040662871241331 1.613841050208389 0.5590508501755731
875 -1.119396482737661 1.484665776355926 0.7366946768858917
876 -0.9125673394050002 1.606566258361698 0.7656145953056089
877 -0.7881776700234858 1.564961113786972 0.9641953499218862
878 -1.233189356953235 1.570179470691775 0.117390117622238
879 -1.334811943417804 1.457648619931851 0.3058391350366344
880 -1.109480886844364 1.662631197130571 -0.06862699217661393
881 -1.299134391724705 1.517042664129464 -0.1040739518278095
882 -0.9795503116759607 1.723774748395231 -0.2628341752711882
883 -1.504810565041858 1.29006015013996 0.2670018208913015
884 -1.416914982010948 1.32341382387262 0.4908439513081153
885 -1.478679464663856 1.171094357220705 0.6648646834260594
886 -1.308734098384236 1.338663915539909 0.703700206734203
887 -1.181261061597736 1.332363831221735 0.9107298861930082
888 -1.571170862742886 1.236703960671915 0.04455820604754478
889 -1.652959785632252 1.102288678562902 0.2295291184025027
890 -1.468086138520561 1.352959385643714 -0.1192643730640999
891 -1.617182596982571 1.166263192006283 -0.1566863586532781
892 -1.346221328630321 1.447219148400445 -0.3053602312743174
893 -1.776718464533686 0.8997783490671089 0.1834950144694165
894 -1.710689161429759 0.9532765767048867 0.4059634974632101
895 -1.745737682958957 0.7942270505686689 0.5671008150603265
896 -1.621998388102751 0.9966100450086929 0.6130983992638109
897 -1.514314386103087 1.012195428431487 0.8260220061860523
898 -1.818429013298647 0.8317266905384992 -0.0393272912820697
899 -1.875058233146303 0.6821894653277544 0.1370188151536049
900 -1.733635776934719 0.9780264659955795 -0.1948620659444794
901 -1.833554022181521 0.7614273424327266 -0.2414705984955584
902 -1.633645101268745 1.096572316647032 -0.3587935861522522
903 -1.945280353666438 0.4565184511966842 0.08645952438197894
904 -1.904900702894214 0.5250277013445958 0.3093529132462475
905 -1.909558640426448 0.3613604402956065 0.4722334496433508
906 -1.839098915671022 0.5868992623851048 0.5227470078245214
907 -1.75174882165416 0.6309736367416713 0.7302385470312079
908 -1.957454113268624 0.3842834053658978 -0.1438737599707914
909 -1.986879253762211 0.2269445909008658 0.02840745729838387
910 -1.900474377119224 0.5465391609554738 -0.2991522813808779
911 -1.942093727166672 0.3171533396235157 -0.3573313785067219
912 -1.819466088705459 0.6946047638914712 -0.455046562485787
913 -1.999816979290127 -0.005606965993364953 -0.0264690626064083
914 -1.988461248769389 0.06676633676676791 0.2038727996011933
915 -1.961867196810411 -0.09735200465420935 0.3762973415652417
916 -1.94829164405009 0.1351770893215229 0.4311459430948633
917 -1.882961832162495 0.1973392780680895 0.6446021625396747
918 -1.982184924106411 -0.08099676142421408 -0.2537369726390913
919 -1.983867450626716 -0.2411416504532816 -0.07823453687804158
920 -1.952784780075525 0.08235415003855806 -0.4240865438525588
921 -1.936523568867979 -0.1531484577637753 -0.4758382257694324
922 -1.898330217821276 0.2451922878384168 -0.5798475024445549
923 -1.939101905396525 -0.4680363289051773 -0.1443114524649013
924 -1.959231972377341 -0.3931367564974345 0.08278628573061261
925 -1.948921638523174 -0.3336343981245293 0.3006535136735176
926 -1.910591891140176 -0.2655105836450022 0.5283396213439775
927 -1.905436746916738 -0.5606937105258311 0.2343786817868363
928 -1.862088941319571 -0.2220362796364014 -0.6952155530053862
929 -1.891051918519419 -0.3854057944136852 -0.5247713931764783
930 -1.81832500330365 -0.6084743541284612 -0.5687294108174239
931 -1.893757355861004 -0.5398231633064208 -0.349677035963453
932 -1.86729614963024 -0.6911404167861259 -0.1884940685029153
933 -1.806617279077081 -0.05433046413801915 -0.8562605956171701
934 -1.760401391544911 -0.2865058928731991 -0.9049316626108702
935 -1.82316674957013 0.1798133102826677 -0.8023279732796774
936 -1.721243572462211 0.1152496486275172 -1.011947667989189
937 -1.812969701459026 0.4147880449899865 -0.7355893822812795
938 -1.717439127239424 -0.6730215777102136 -0.7729455350563469
939 -1.719971575013809 -0.8272903372513368 -0.5977361282665499
940 -1.694754459109001 -0.4973147954732839 -0.938341791424384
941 -1.596951540542702 -0.7163612583182707 -0.9677666685410052
942 -1.638385867552155 -0.3295108095945297 -1.098687569496319
943 1.382191992221408 -1.006769934412747 -1.037284722629987
944 1.213954365803318 -1.023232167541543 -1.216269184455192
945 1.066384892179207 -1.21565670307622 -1.176861097155394
946 1.049092367612914 -1.042322519795176 -1.34646536121215
947 0.8550800907817238 -1.042904667262758 -1.476884522686278
948 -1.595822188405037 -1.0364790693397 -0.6156806654548024
949 -1.698293382315497 -0.9726632095032125 -0.4119779951190339
950 -1.648248373077974 -1.102991590843432 -0.2582379739203518
951 -1.772629392632602 -0.8944254937425168 -0.2403914984320939
952 -1.821926143828172 -0.8242093017738288 -0.03555493362253273
953 -1.47148207812035 -1.083270766032861 -0.8131819853078357
954 -1.44873918536147 -1.227991622383808 -0.6270497174493953
955 -1.473827447544727 -0.9226649012107238 -0.9881913453059581
956 -1.326596808939341 -1.114074190322029 -0.9994896722679403
957 -1.452283579512443 -0.7473899318735082 -1.154244642358212
958 -1.280685295432036 -1.403515351241426 -0.6244916595870729
959 -1.405597295328804 -1.357127340727316 -0.4272020884953108
960 -1.337795338385201 -1.469785777481157 -0.2236814719840116
961 -1.50691486427383 -1.295339148373311 -0.2265040452665033
962 -1.584729509160415 -1.218835942267015 -0.05541956905523511
963 -1.147013594244145 -1.422329413381741 -0.8132274309492268
964 -1.103546207721897 -1.551113311539476 -0.6133785635214687
965 -1.161293462907482 -1.126939980973654 -1.175331345745297
966 -1.158641044778511 -1.287361475560888 -1.000125672401351
967 -0.9815118072306318 -1.434935079719381 -0.9887344887570133
968 -1.152524078588264 -1.620121286880139 -0.2165531437594786
969 -1.253721125715866 -1.558181938111669 -0.01588668235672553
970 -1.04073593497976 -1.656568581029871 -0.4155108301674987
971 -0.9561715164072455 -1.744303990282236 -0.2077007960912453
972 -0.9078988761585949 -1.676329162090331 -0.6046818758615874
973 -1.151690440302597 -1.62313458671734 0.1975936312676596
974 -1.338136611738344 -1.474151057813169 0.1904443936526822
975 -1.391685827757346 -1.378707018996101 0.4029609318410862
976 -1.494945410548669 -1.31495279832513 0.1898350801521674
977 -1.644034402738379 -1.127920782756161 0.1579417311523223
978 -0.9497147315079748 -1.748786505094505 0.1994685146986434
979 -1.033305827946399 -1.663647989227657 0.405653095477872
980 -0.8499412630901138 -1.810382337215743 -0.01075371536007578
981 -0.7315507809648264 -1.850915567492969 0.1973449185612153
982 -0.7383478238147702 -1.846839487687735 -0.2098246834509699
983 -1.610297480231152 0.2820451110993187 -1.152125245130135
984 -1.594427526147169 0.04795148954185877 -1.206441676383461
985 -1.441687494845206 -0.02006996002460179 -1.386049913932239
986 -1.55307415987678 -0.1869005188388 -1.246205781554884
987 -1.485990941089588 -0.3974282440634964 -1.27823382595685
988 -1.838832315986316 -0.4257204287501455 0.6614059496475631
989 -1.849808236830103 -0.1893213571816748 0.7364556406671038
990 -1.764958414740102 -0.1127844170906735 0.9339172712288936
991 -1.832717694631747 0.04782472069811939 0.7992863365989944
992 -1.794156426022843 0.2739132604945193 0.8402227351638374
993 -0.9020240779688457 -1.677531396589057 0.6101155433378352
994 -1.104408472414222 -1.552478792197383 0.6083514821524136
995 -1.161528819835377 -1.414792940654311 0.8057367658029279
996 -1.293492592324357 -1.40177926833152 0.601574431369855
997 -1.448802398694365 -1.241274860749122 0.6001735828988989
998 -0.5019440213211602 -1.926688550085234 0.1895347736706966
999 -0.6016421100791856 -1.864998743478974 0.3997579995463649
1000 -0.463054596493072 -1.851618474059179 0.5975696337577696
1001 -0.6926845170273388 -1.775865909672791 0.6053828794512051
1002 -0.7629615397674731 -1.663116487717179 0.8074238274406581
1003 -0.3953240309862834 -1.960387753373518 -0.024469714912221
1004 -0.2653616813864321 -1.974316697593014 0.177923454488673
1005 -0.5228354540372927 -1.918184943207749 -0.2172777293067623
1006 -0.2864273231467021 -1.966100054530272 -0.2289322260650004
1007 -0.6293937188011761 -1.852662759935637 -0.4141307096573439
1008 -0.02452223998706388 -1.993050856366862 0.1647632959166972
1009 -0.1311647650025743 -1.959418929961173 0.3787786442391291
1010 0.008095324699943797 -1.920438157245523 0.5584368808678598
1011 -0.2325902815443975 -1.902363941949768 0.5717632318542691
1012 -0.32370113864852 -1.814006396189105 0.7775592372434832
1013 0.08308341050697819 -1.997598110338087 -0.05195128941837936
1014 0.2172854878269408 -1.982577956536536 0.1489015212656329
1015 -0.06493422549709459 -1.983924480958014 -0.2445959938645061
1016 0.1768423183967454 -1.97504076418995 -0.2606545112060111
1017 -0.192585613276328 -1.942098281738842 -0.4372242509582688
1018 0.4554283911640351 -1.943030849893854 0.1312101249237458
1019 0.3478252277749765 -1.938547631213072 0.3479234002499274
1020 0.4732217845137061 -1.866100678780133 0.5419680796116958
1021 0.2350784940908776 -1.905654412483006 0.5596600412750721
1022 0.1333843364296021 -1.848277422919002 0.7523823407836782
1023 -1.233064040910039 1.497820630952777 -0.4858872590497014
1024 -1.402829156013204 1.334625660289983 -0.5008439936095964
1025 -1.418148745500133 1.24431700004258 -0.6637238424536457
1026 -1.53047545668493 1.193290521557412 -0.4834279756554179
1027 -1.647900820840995 1.006113111034494 -0.5216888847541877
1028 -1.25947316905614 1.139431797631863 1.056135651785842
1029 -1.072567630273679 1.287813701769925 1.091391106809447
1030 -1.536785511344976 0.8301987854229225 0.9741972432738986
1031 -1.392705274154606 1.004150191409908 1.025697037352351
1032 -1.280228927164965 0.9563769399953226 1.202645850903426
1033 -1.010346507203602 -1.410819781075312 0.9943779365553578
1034 -1.199100063624025 -1.259797093998168 0.9874564898620244
1035 -0.8170286518647348 -1.542029333188841 0.9770413080403885
1036 -0.8549029733570567 -1.387702286102677 1.159061375118103
1037 -0.607452292665843 -1.63917282197894 0.9716553770862426
1038 0.2532566194197824 -1.928744302355262 -0.4645497829642975
1039 0.4010867704739259 -1.940422852301609 -0.2718244963510165
1040 0.5558577779202228 -1.919243165930431 -0.08676289964569017
1041 0.6863802179801457 -1.875175258254201 0.1122494863989131
1042 0.6325359979700502 -1.874877375128597 -0.2910894012205456
1043 -0.3189435076106927 -1.86946071304716 -0.6351312315783184
1044 -0.09743518777083596 -1.888538442898486 -0.6510982520930488
1045 -0.01398213077555212 -1.829444122352823 -0.8080462259101793
1046 0.1118464185778822 -1.901398103475799 -0.6100619892682525
1047 0.3361907792467119 -1.870832477888999 -0.6220623759923084
1048 0.697929891387211 -1.801847866103686 0.5159826878160063
1049 0.58512674927441 -1.768697357193266 0.7275550466742154
1050 0.9079400075357593 -1.779708253816318 0.09101359246858472
1051 0.8075050440037513 -1.803457485334935 0.3089930460348448
1052 0.9192175235040506 -1.705978504571686 0.4946478408144859
1053 0.2447348553000411 -1.782050788667197 0.8742996266794855
1054 0.01855625078733275 -1.798941278548979 0.8737653814893798
1055 0.6563017203295514 -1.677122473252104 0.8697863310061931
1056 0.4305565851687887 -1.736741884085439 0.8935035842296045
1057 0.316169275032957 -1.692717392499195 1.017224074949006
1058 0.9923042476776694 -1.731270076629829 -0.1342989270508196
1059 1.113751827605115 -1.660017861498121 0.06243048945402506
1060 0.8341358260337469 -1.787708910422908 -0.3291113418306025
1061 1.040947048131334 -1.669778658600166 -0.3581458840613586
1062 0.6792889794549618 -1.809521563342849 -0.5140021344199721
1063 1.528822463008731 -0.9744781301602538 -0.8444490810222334
1064 1.380257368836514 -1.166854933293276 -0.8563522408574924
1065 1.649198961199082 -0.7839073752415739 -0.8158627417781359
1066 1.645688748145255 -0.9430583137076828 -0.6343103035383592
1067 1.759943799882568 -0.5785249952526178 -0.75359581416225
1068 -1.145582887216112 -0.9482499205663649 -1.33733389124163
1069 -0.9770333639102091 -1.12104108808749 -1.337412682991274
1070 -1.288901790753703 -0.7818335900425555 -1.314331925836494
1071 -1.104535119342277 -0.7757348827347796 -1.475885348476636
1072 -1.412018370897553 -0.5757006497711918 -1.294130164280567
1073 -0.7802954249297085 -1.100846266770826 -1.476237293517035
1074 -0.7962934960843325 -1.279777067023827 -1.314567353471735
1075 -0.6134906258387341 -1.412159807087977 -1.276492824599201
1076 -0.8098990278144713 -1.431921897043151 -1.13739317982548
1077 -0.7989336722978284 -1.567542185739897 -0.9510607147782377
1078 -0.7529165370152054 -0.9059230163676067 -1.616298294469325
1079 -0.5721800883612899 -1.064661828653624 -1.593456976855914
1080 -0.9301227081313019 -0.7483347442219299 -1.604639167666299
1081 -0.7228492699495679 -0.7127975215510185 -1.723197210479434
1082 -1.074550316672412 -0.5829419645946934 -1.582883534203859
1083 -0.3564554529376129 -1.019546088650991 -1.683290017551196
1084 -0.3836563037957462 -1.213938216614073 -1.542453191121737
1085 -0.1925631048697989 -1.346524789653437 -1.466216369261941
1086 -0.40842648952465 -1.391944524161771 -1.37683631718176
1087 -0.4222500128552789 -1.543765088573009 -1.199372451720851
1088 -0.451224252052039 1.568873732772341 1.15543579872577
1089 -0.2159720182816677 1.613190914924262 1.162312849161174
1090 -0.6812836635263408 1.492157937199732 1.144254019116371
1091 -0.5461454082225511 1.406211481203199 1.313123932920929
1092 -0.8826950269527086 1.401520828100044 1.120976742753713
1093 1.293002148396154 -1.525683645635751 0.02085324153538846
1094 1.208870712044707 -1.574202690830913 0.2460030279107048
1095 1.297007494454173 -1.459807636301883 0.4321263985507223
1096 1.115379313626416 -1.59117918251706 0.4733685623893966
1097 1.005613112315051 -1.589391017671874 0.6801312088737015
1098 0.808205425839848 1.70482486593899 0.6636084433754088
1099 0.9382593594663362 1.703970340857881 0.4649241355861143
1100 1.1202251380241 1.59434219535062 0.4507422814241528
1101 0.9915027797399646 1.717837089670744 0.2568228399490053
1102 1.107294057261586 1.664043515552458 0.06970687986842833
1103 -1.218805464581577 -1.089391900068803 1.152275369679735
1104 -1.369816100312738 -1.09324082580141 0.9635498680011613
1105 -1.532483728202486 -0.8891559262190272 0.9278444706222017
1106 -1.514051046890877 -1.060501000638985 0.7635358898259796
1107 -1.613142166645925 -1.038597298663529 0.5648787492884733
1108 -1.050148934347331 -1.066623355536544 1.326462149144531
1109 -1.221319612380253 -0.9004232745525952 1.302926065077881
1110 -0.863721856765243 -1.220352240202932 1.328429510353367
1111 -0.8659550708721363 -1.031154498445145 1.478797557330676
1112 -0.6709470523498643 -1.352565491509274 1.311638915296929
1113 -0.07965936356717716 1.498030974688091 1.32270842768583
1114 0.02066220859091754 1.628464606100437 1.160894525706059
1115 0.2493210748746297 1.61445905131234 1.153846165335318
1116 0.113171865909061 1.731347619547899 0.9948002558566637
1117 0.2210074828479481 1.814919936933028 0.810691874295178
1118 0.1773289332354061 1.35589970937718 -1.459482931571477
1119 -0.06275809920445719 1.387222346448566 -1.439331644374561
1120 0.4153518408699795 1.313854585606721 -1.449575446869225
1121 0.2744297776686913 1.178595554847829 -1.592356999928612
1122 0.6428297851513461 1.255763208327106 -1.417684249730626
1123 -0.1836483103543406 1.270864393122185 -1.53335481621123
1124 -0.2820754053275746 1.433073145951755 -1.366285044952636
1125 -0.397587290489506 1.521527239780526 -1.235669537152659
1126 -0.4987332655977362 1.624139379792537 -1.055194960561001
1127 -0.5173103285446959 1.403158644241626 -1.327981868502346
1128 -1.205214371045201 -0.7011417309426897 1.433826556092755
1129 -1.374112752890617 -0.7241079524157584 1.259953100552408
1130 -1.458670976008112 -0.5531970020724998 1.251499924350594
1131 -1.475409815393886 -0.7520807239537091 1.121401115255662
1132 -1.621531990548936 -0.719800422648567 0.9233208300376143
1133 -1.019183490730465 -0.6650426753072287 1.58713050888787
1134 -1.17249026179078 -0.4890111141109438 1.544711855422156
1135 -0.6730579869674047 -0.9928638452041972 1.600379433467489
1136 -0.8595612254400862 -0.839509943977832 1.598867584786894
1137 -0.8266542239220692 -0.6274629633373136 1.709658744811887
1138 -1.122101691291803 -0.263277827885207 1.634494594590059
1139 -1.308969646351168 -0.2996797166397807 1.482157391226046
1140 -1.425371277176891 -0.1286242364301482 1.397058527049558
1141 -1.47352670437496 -0.3538743462365547 1.305178914390483
1142 -1.577137457116835 -0.3834125270460605 1.168602702146113
1143 -0.2394539311509186 -1.156957620778001 1.61372577552076
1144 -0.4472806455551142 -1.06740473508373 1.631130637206178
1145 -0.4726857646856646 -1.275713289567239 1.46598900769585
1146 -0.4652820006168666 -1.446741613873895 1.300173589405478
1147 -0.4395696454163486 -0.87189958897094 1.745442532305447
1148 -0.919321994589806 -0.2294581841407356 1.761305201262478
1149 -1.055436079179451 -0.04007304064580777 1.69836651938847
1150 -0.7698546471034582 -0.4154495687281523 1.798534258271663
1151 -0.7031907602902666 -0.1922458286568876 1.862408198007736
1152 -0.6105860134659198 -0.5902616791790826 1.810739039799078
1153 -0.9733530626332129 0.1836720381968268 1.737483351818707
1154 -1.176130872549133 0.1498528121925645 1.610670762544225
1155 -1.28258567125662 0.3456134453200677 1.495167329198039
1156 -1.365154910153543 0.1218568937531773 1.456538007993097
1157 -1.533182798007052 0.06719984586617966 1.282511087129787
1158 -0.6748441664477816 -0.4951640006289588 -1.816424499805187
1159 -0.4960175309665202 -0.6514902679915908 -1.824699164159978
1160 -0.3240606473026363 -0.8154818612597314 -1.797212850729195
1161 -0.1356811138875059 -0.9649657497482593 -1.746548521269027
1162 -0.2753447868948743 -0.5974175949673592 -1.88872376634415
1163 -0.878718272969286 -0.3485843100392212 -1.762482106446575
1164 -0.6537004837960583 -0.2879236067851193 -1.86809412882238
1165 -1.007253052550051 -0.4266766118134444 -1.674332212274495
1166 -0.9862923958218086 -0.2203756275755512 -1.725880034276646
1167 -1.182519294451657 -0.4545406453767067 -1.547591974633522
1168 0.02276861192576783 -1.275707145329713 -1.540147028587105
1169 -0.001832997837377311 -1.453242449394951 -1.374075333959347
1170 0.08829412511477248 -0.8782037815142054 -1.794703949292018
1171 0.05614873322713654 -1.082344573332519 -1.680885940310833
1172 0.2468321802923731 -1.189329964102738 -1.588888954980648
1173 1.380501804910094 -1.296993187044157 -0.6418905197936883
1174 1.236179604357796 -1.331584090479677 -0.8359089637940345
1175 1.06453628265574 -1.358675812595282 -1.010327936453333
1176 0.8987781063851467 -1.376356416571337 -1.139228216840524
1177 1.06743530368528 -1.491551433523804 -0.7974059152021616
1178 1.742032314834572 -0.8879322466886785 -0.420594507052217
1179 1.62281875483938 -1.079083693219569 -0.4494860086467407
1180 1.596499563533444 -1.178032214835406 -0.2518516318142733
1181 1.502649802544904 -1.23488793718205 -0.4659349241192615
1182 1.358273800542058 -1.398893773794464 -0.445183661425388
1183 -1.604963811211293 0.5120367263280222 -1.077919085828525
1184 -1.477783927055159 0.4447241423946352 -1.272153725816495
1185 -1.708289721152928 0.5692787390993249 -0.8704412362777488
1186 -1.575831368984717 0.7319394120892196 -0.9904646351860518
1187 -1.782691226878267 0.6343411548682432 -0.6477833656799799
1188 -1.323682500793895 0.6009100927850761 -1.373598084404988
1189 -1.329015834554944 0.3709183865805039 -1.447804013669924
1190 -1.168110596527382 0.3013515679660206 -1.595213110140731
1191 -1.322006804332596 0.1452579158214816 -1.493719567786911
1192 -1.280736165882987 -0.08937939924288646 -1.53353389150365
1193 -1.310066083292834 0.8243964924630344 -1.266529620901311
1194 -1.162574839089053 0.751402233374709 -1.443542319156789
1195 -1.433331060073562 0.8656403881834228 -1.093722446772512
1196 -1.271634847988499 1.01539922243731 -1.162716316413842
1197 -1.536882025265571 0.9229340013884749 -0.8866715679983523
1198 -0.9728756946721515 0.8885153408222107 -1.504677165321442
1199 -0.9846582467590494 0.6635843537360987 -1.609379987003082
1200 -0.8047186804177825 0.5691828251557589 -1.740246751737917
1201 -0.9949751987964508 0.4327036618246231 -1.680116631315673
1202 -0.9884600574859305 0.2070494406220292 -1.726290023111127
1203 0.3676997805937395 1.010264271280166 -1.686464637496461
1204 0.1299689153184615 1.05201940474216 -1.695984449544539
1205 -0.06657951570808926 0.9652086435936041 -1.750411220947887
1206 -0.1598751549862532 1.126748393500937 -1.64465132856821
1207 -0.3790117353038321 1.175116616012098 -1.573356616687474
1208 -0.9550897680209105 1.068219027438958 -1.395246087412228
1209 -0.7773233737786466 0.9801584909938623 -1.560467143233082
1210 -0.9112236572277645 1.256597858963845 -1.261203103134439
1211 -1.10279883372381 1.160242393739743 -1.199029741126748
1212 -1.226235637161234 1.201323975462888 -1.026239186609937
1213 0.7100713020759071 -1.518462475476965 -1.090903504686181
1214 0.7142276589713588 -1.378862034461367 -1.260404038823009
1215 0.7213254973536214 -1.231405953003358 -1.40118839053692
1216 0.673722896846943 -1.039041669504057 -1.570506245545807
1217 0.5327364595765919 -1.373312845379581 -1.352850210981703
1218 1.058675176561508 -1.59216973024745 -0.5866876687098708
1219 0.8888217404335245 -1.621428230046268 -0.7622115248024959
1220 0.7056851764184081 -1.733999838432185 -0.7037421346633123
1221 0.7126590108251434 -1.630492402307612 -0.9130233624102299
1222 0.5268336019622754 -1.630187062681169 -1.031957604027605
1223 -0.1751035820803109 1.336397027296474 1.477627057472822
1224 0.0618223223606431 1.349824305957869 1.474500709902608
1225 -0.6371191908512606 1.242703592825775 1.431700707908935
1226 -0.4081729549361215 1.321391176058413 1.444756103532246
1227 -0.2670553852508423 1.173771605335145 1.597166753885605
1228 0.1898174769159827 -1.532802256599086 -1.270624479388777
1229 -0.02538615679866807 -1.602839224636211 -1.19593560153153
1230 -0.0286194895810004 -1.748343844081172 -0.9708113759529161
1231 -0.2207352582923134 -1.671439342944878 -1.075902629703367
1232 -0.4265133304825346 -1.692635428783636 -0.9762539035246572
1233 -0.7564169173946088 0.2148180265802599 1.838936285610624
1234 -0.8771135436092556 0.404743678490864 1.751243668465042
1235 -0.6262981921971001 0.0336709752912725 1.899109486015374
1236 -0.5297331677597369 0.2545851217730611 1.911692754274868
1237 -0.4768340839802512 -0.1523206289205968 1.936343895685875
1238 -1.150749030402653 0.5265982538885149 1.548699760453562
1239 -1.341204336267008 0.4996234134726715 1.396977942949884
1240 -0.7780973987955503 0.6491734840364194 1.724279045169782
1241 -0.9947954166241287 0.6175151670675888 1.621436738668862
1242 -1.050448409694483 0.7690648988082081 1.518254695362887
1243 -1.665673713856462 -0.02923967756478472 1.106650857417789
1244 -1.608425451960258 0.221050326608223 1.167948765397198
1245 -1.564917953835065 0.4188610666944657 1.172854298100258
1246 -1.701471822481708 0.3223564103986238 1.000539845271385
1247 -1.537002231491385 0.6707263074797576 1.089839603265119
1248 -1.445331873490721 0.5707982031106142 1.259049318651774
1249 -1.310711652677585 0.7501596280679047 1.311219087701295
1250 -0.6518853813484812 0.7294957522672113 -1.744385678973615
1251 -0.6636911591289389 0.5005558542572748 -1.81905411740906
1252 -0.5757140060446446 0.9181756215969894 -1.680924421605269
1253 -0.4344978781464154 0.8483636202498908 -1.758263564350567
1254 -0.5597758038103547 1.099656034202551 -1.573978289529557
1255 -1.786618915938206 -0.6784296576778956 0.589683007042635
1256 -1.730929867577397 -0.6032597559206562 0.7999746623581564
1257 -1.842673652203043 -0.6790069578166854 0.378818376947621
1258 -1.732566373898361 -0.8556760664337097 0.5157831224160183
1259 -1.851798113586204 -0.7381284644458193 0.1612765218295407
1260 -0.4652669532385177 0.3928518268182209 -1.90504438383722
1261 -0.61452047913167 0.2289034130782496 -1.889435843898625
1262 -0.6375743054476058 -0.01129173297285128 -1.895619028655144
1263 -0.8369529023934157 0.09812318046286675 -1.813803098638628
1264 -1.008881262604419 -0.03296108277917106 -1.726578166486458
1265 -0.328102295637126 0.671518716919517 -1.855104174008676
1266 -0.2805671823045808 0.4033090588749441 -1.938717065289073
1267 -0.250198563758891 0.8585780284153649 -1.788922705936557
1268 -0.5399413264920898 0.642015306772114 1.815565947526079
1269 -0.6566991056250888 0.8545851582859766 1.684764224426831
1270 -0.4436118776659531 0.4958638247809224 1.886087900726613
1271 -0.3228334721162839 0.7004226323347672 1.84531479303521
1272 -0.4590633743789331 1.00233895398679 1.668705318390427
1273 -0.6969736818695076 1.0110746821857 1.578592941142316
1274 -0.9627640219301826 1.210596013917411 1.267889083936011
1275 -1.02260569769298 0.9779679933947967 1.413455408189875
1276 -0.8363352452280105 1.096727123321074 1.448355265313482
1277 -1.182307086105974 0.8886845214722963 1.346250264787033
1278 -0.7435455744215442 1.585928331968232 -0.9653866088871325
1279 -0.6083653304958686 1.718318321230064 -0.8229664462028491
1280 -0.6911871914567697 1.764727099662483 -0.6387476262836084
1281 -0.4486129838931922 1.806853007144737 -0.7307726057088267
1282 0.6321362238354322 0.9783154293321379 -1.625823703617878
1283 0.4902485012669571 0.8572582522905382 -1.739185066600238
1284 0.8300567897693818 1.216730605884648 -1.352986459082767
1285 0.7002250068698683 1.098155613042639 -1.517807362380694
1286 0.8199780241628355 0.9411913342340377 -1.562624366971399
1287 0.6553713523597104 1.697121750305979 0.8308225774162464
1288 0.9147903423271208 1.574414581584396 0.8272710286716569
1289 0.4429871254701428 1.767035544219461 0.8254379396009937
1290 0.5533056988089374 1.645674057124829 0.9927787776598866
1291 1.312235528930201 1.47409185660242 0.3241775977943354
1292 1.259792524756756 1.459277619200195 0.5323829680487615
1293 1.249391008620868 1.376947339555637 0.7369112101657737
1294 1.436837683164332 1.251584774616876 0.6074808838030858
1295 1.083428182119055 1.455329027203555 0.8415466693944869
1296 1.262814656180879 1.250445218633991 0.9174344114595657
1297 1.424958646640027 1.389859306944971 0.1943809719706829
1298 1.565579551144072 1.218028302440536 0.2556711236986918
1299 1.286926461474901 1.526705476223047 0.1139766275437658
1300 -0.291869976117405 -0.426723177228416 1.932024649702304
1301 -0.5119756865271277 -0.7317395945554152 1.78953571134106
1302 -0.4549290457088192 -0.5199823330393576 1.876874512773139
1303 -0.1936849554608364 -0.5681505808677724 1.907797435653939
1304 1.582913040207005 1.120309855445812 0.4891749532974883
1305 1.697862023648231 1.001012504355183 0.3394679878540822
1306 1.768927769181815 0.9203400863111353 0.1544948961819139
1307 1.844842558081695 0.7723701022934694 0.0006008109228365873
1308 0.2752661449709978 1.375791666920029 1.425280968323865
1309 0.3427522836814655 1.495036770171773 1.28350532833545
1310 0.4352919309201424 1.599483260937504 1.11900591278891
1311 1.337079582843142 -1.471628397841485 -0.2157036110279875
1312 1.436693227622649 -1.390993924838617 -0.03238009829007104
1313 1.217865640887676 -1.537142383963181 -0.3924239699218656
1314 1.486943483828908 -1.284096311207857 0.3742936540219749
1315 1.394026928790989 -1.301511919302675 0.6022919937361209
1316 1.513601627557574 -1.298164839744927 0.1542016922899689
1317 1.610886045993454 -1.140312636209816 0.3236251512534146
1318 1.561136207199032 -1.24742588799069 -0.08235530670732791
1319 1.448740388613867 -1.14603238354389 0.7666557651695149
1320 1.256923113685092 -1.320014410208024 0.8232291559021311
1321 1.113389531059517 -1.307103092181143 1.025595075328252
1322 1.058403567845592 -1.462190621804938 0.8612667839162327
1323 0.8610961102295379 -1.575263798530812 0.8815086238862535
1324 1.585808187496176 -0.9677995116574156 0.7406595018669245
1325 1.449195687559022 -0.9874768257949377 0.9616243433265861
1326 1.79929382089421 -0.7766762796812714 0.3991437118036233
1327 1.674330073440142 -0.9310034550925811 0.5743268858234015
1328 1.709414797489908 -0.9705648092790173 0.3686529548392643
1329 1.734306310815853 -0.9849829790905003 0.1482907656137359
1330 1.147038041690015 -1.134442856121478 1.182092693958844
1331 0.9459320739123258 -1.273717579213607 1.217725765493264
1332 1.316150062909848 -0.9698532892485052 1.152012851159335
1333 1.148014358568259 -0.9363283518276772 1.343633971766409
1334 1.452112893593019 -0.7911625659877223 1.124913302632978
1335 0.7723351375251345 -1.225352155441917 1.379133978443675
1336 0.7394363632713284 -1.398702267171806 1.223464683789656
1337 0.534061603559409 -1.499520086292027 1.210874772389906
1338 0.7078173806989833 -1.548139041437218 1.049885738525046
1339 0.7919889219536619 -1.030000493312514 1.520477731266938
1340 0.5848148520542097 -1.154083353224321 1.525150222970616
1341 0.9788319457105787 -0.9263956732516645 1.477727674044524
1342 0.792325951691386 -0.8559304625100741 1.624685394045146
1343 0.3911829864254079 -1.070565164962953 1.643431196825454
1344 0.3718504119624508 -1.26633847734371 1.502702276541221
1345 0.1534360562774872 -1.359982984881691 1.45839077666663
1346 0.3470639863461889 -1.44349418475768 1.340101163327699
1347 0.3158356936380126 -1.593376774296642 1.166789728167087
1348 0.02955592863887222 -0.7111604379043743 -1.869057858559213
1349 -0.2190806547101617 -0.4058064231278976 -1.94610503665139
1350 -0.04726594075070564 -0.5692216654695672 -1.916703583344332
1351 0.04586580981976692 0.5496844878073872 -1.922431609018513
1352 -0.4316493068978825 -0.1572421324784092 -1.946523513248227
1353 0.4105964706074907 -1.111384525140764 -1.611283642194108
1354 0.3767861736689091 -1.303218802100014 -1.469575766398231
1355 0.3686548609278354 -1.449398335711104 -1.32790739810883
1356 0.3450999265259983 -1.599198987350788 -1.150421070551111
1357 0.1803931557305051 -1.761960572914785 -0.9289527699831638
1358 0.3478632966587396 -1.712215357261396 -0.9732983598033766
1359 0.3617631677392253 -1.792357454317908 -0.8102975789290684
1360 -0.2042692761368918 0.8596333572588969 1.794242055552792
1361 -0.2269601424070486 1.019031852416393 1.705890728481572
1362 -0.1083881117461005 0.7136998208831118 1.865176823495169
1363 -0.844864360722945 1.418160197968885 -1.129170432165606
1364 -0.9547040112053577 1.511408367627698 -0.8967636239574936
1365 -0.6972417329397662 1.325764660511888 -1.325217729576899
1366 -0.5819335551403846 1.239726032668156 -1.4575433788833
1367 -1.173228136536831 1.365387933874421 -0.8713504057888852
1368 -1.072707222626 1.532812699711341 -0.7069543423232114
1369 -1.015399914029707 1.645544050712253 -0.5110262143510573
1370 -0.81886271878326 1.759462185069326 -0.4834838850447462
1371 0.03978008956155919 0.7836787822460892 -1.839637222588128
1372 0.42241594589733 -0.887540045791346 1.741791444395212
1373 0.2098565433063142 -0.9996537974943926 1.719491935539846
1374 0.6657063405943117 -0.706616122437644 1.748579058436798
1375 -0.04426923801375214 -1.276891516425984 1.538696945420064
1376 -0.06896567026471001 -1.451888121661583 1.373777499634835
1377 -0.01661736178340357 -1.062050337258986 1.694630621821591
1378 0.01538388534724652 -0.8804366932668408 1.795715613681903
1379 -0.2511275818249467 -1.524457646650011 1.270025126214858
1380 -0.05340391774634463 -1.606808585616353 1.189669782233254
1381 -0.05229100482289543 -1.707060567878152 1.040773687412463
1382 0.1292599688347368 -1.634934173550854 1.144675547311302
1383 1.820484892397808 -0.7162499440447199 -0.4157171805534106
1384 1.795292006590175 -0.8507206896290134 -0.2306532447431828
1385 1.843829941414796 -0.5565047986122473 -0.5390673021653725
1386 1.776006877973782 -0.9194246848240515 -0.02139668960407645
1387 1.676560862091397 -1.088520696453471 -0.06531744863206167
1388 0.2300789369924406 0.6520398085495128 -1.87667465769087
1389 -1.138480475146378 -0.1118012005485913 -1.640537320290633
1390 -1.256298818510864 -0.2766506037478057 -1.531397310319625
1391 -1.322031971817053 -0.4319230417980726 -1.437245264893023
1392 -1.712854931376371 0.8479148207365478 -0.5892100142011804
1393 -1.611102484887922 0.9458697641413732 -0.7139181833173219
1394 -1.470848022506123 1.080346598249093 -0.8182037168953955
1395 -0.4274624425744432 -1.789924747842005 -0.7832274620128082
1396 -0.629386908892039 -1.666474502474537 -0.9092496090279988
1397 -0.5222980441368482 -1.844572088828947 -0.5698759182524209
1398 -1.671937655059155 -0.4665715316005947 0.9934462660331298
1399 -1.684481987220953 -0.2663281908873342 1.044791715829921
1400 -1.671571410878393 -1.039334296077168 0.3544477949314913
1401 -1.760439299059046 -0.9428101112737707 0.1093735270000604
1402 0.5032237836847238 -1.817953623760594 -0.6646882317220284
1403 -1.34390341719622 1.222256636295185 -0.8366673892776646
1404 1.142373587077053 0.5816032395675956 -1.535161313762559
1405 1.023059581855605 0.9114507685246913 -1.456916809062612
1406 1.027615283950038 1.092173931054444 -1.323315129709234
1407 0.9564636294708582 0.792829423413261 -1.567354085990026
1408 -1.750165088495854 0.471355123179435 0.8454268217077103
1409 -0.4487890055672375 -1.599340868568123 1.113865887173915
1410 -0.1641828821205077 -1.769595719154308 0.9173739542680238
1411 -0.3942780745313886 -1.718880901353082 0.9433945340669714
1412 -0.2842703640593897 -0.8002417540284409 1.810746667876825
1413 -0.1204419128754306 -0.7087787575636502 1.866313590597635
1414 -1.657583865789813 0.6785015018134327 0.8899727186325526
1415 -0.8001321690604243 -1.667998244011132 -0.7599805063358136
1416 -0.7369906722679102 -1.772248072408169 -0.5621223344038417
1417 2.775557561562891e-17 0 1.110223024625157e-16
1418 0.4280608177834549 -0.276134178622482 -0.02447059762099843
1419 -0.05145295739673926 -0.440085503761357 -0.2567100556264751
1420 -0.2653264780452355 0.4040883699870929 0.1656674884251155
1421 -0.511269041914115 -0.04814376193036451 0.001774929988880847
1422 0.0292009376537759 0.4426081085269106 -0.244703253751801
1423 0.3707743921220662 0.2963283974859454 0.1999182340180972
1424 0.05973779066429932 -0.4390522619090563 0.2859887201624187
1425 -0.275839079270854 0.08012912185863029 -0.4309423180419178
1426 0.4238824523129534 0.1512669765433665 -0.2661840013480173
1427 -0.2540188356899303 -0.02496077811112601 0.4421752965657239
1428 0.3230883519890717 -0.09200650967608903 0.456245601915382
1429 0.1381807115167748 -0.1099988089659399 -0.5235944510708576
1430 -0.5121482036542091 -0.4492030342663163 -0.0579702709626343
1431 -0.5180126110258023 -0.4180490258237329 0.1619456755302037
1432 -0.6630230001398696 -0.3124044639274453 0.03086993706438872
1433 -0.2325091947365951 -0.6135032758130788 0.3040525706169726
1434 -0.2257656256249079 -0.2435980119197104 0.1438818250756498
1435 -0.3893875079137099 -0.4064575339141137 0.3821458588186252
1436 -0.3826439388020227 -0.03655227002074526 0.2219751132773023
1437 -0.09714052251281551 -0.2320065200100911 0.3640820083640713
1438 -0.6494710366056893 -0.2410886078990467 0.2195116612140208
1439 -0.5208459334935969 -0.2294971159894275 0.4397118445024423
1440 -0.226644787365002 -0.6446572842556622 0.08413662412413464
1441 -0.05470254259603376 -0.7077556945755109 0.209923913293704
1442 -0.1102979166265531 -0.7082723155016613 -0.06142547460074287
1443 -0.2822401613955213 -0.6451739051818126 -0.1872127637703123
1444 0.004142416633780031 -0.4395688828352067 0.01463933226797182
1445 -0.3945757741769317 -0.509110080419889 -0.3026831001256809
1446 -0.6244838164356197 -0.3131392095043928 -0.173440607318003
1447 -0.2813609996554272 -0.2441146328458608 -0.1274675628187971
1448 -0.2029479282619734 -0.4947582933643274 0.489467423142061
1449 -0.3598262414390883 -0.2877125514653622 0.5675607113437136
1450 -0.5067688351139891 -0.2490027676098954 -0.3897992313334023
1451 -0.1636460183337966 -0.1799781909513634 -0.3438261868341965
1452 -0.3935540605924845 0.01599267996413289 -0.2145836940265185
1453 -0.2691227475559602 -0.4565324592963659 -0.4955482665753994
1454 -0.3813158084930176 -0.1964251464863722 -0.5826643977831207
1455 0.02422602663906079 0.6409142102172732 0.2638830725191402
1456 -0.1487140857200747 0.7001883160951849 0.1227686283276809
1457 0.1693363493635762 0.6463083298446113 0.1398940011241717
1458 0.05272395703841537 0.3502083837365191 0.1827928612216064
1459 0.3422764617227116 0.5870342239666995 0.2810084453156311
1460 -0.1180627701957298 0.4233482392570017 -0.03951788266334272
1461 -0.001450377870568979 0.7194481853650938 -0.08241674276077737
1462 0.1999876648879211 0.369468253006428 -0.02239250986685187
1463 -0.02720976453346236 0.5241913968430032 0.4503942679576769
1464 -0.1866902628656429 0.6293634890690485 0.3367614761740231
1465 0.2908406705501885 0.4703114105924295 0.4675196407541677
1466 0.1313601722180079 0.5754835028184748 0.3538868489705139
1467 -0.6491287257565357 -0.1134584139047141 -0.2943621895663674
1468 -0.5314137444349052 -0.04932197201021672 -0.5107208135817667
1469 -0.3882977599796752 0.1779723040283642 0.08372120920699819
1470 -0.6818116969138364 0.2343656354489907 -0.03890028190305157
1471 -0.5588404149793966 0.4604817014077194 0.04304599731506577
1472 -0.2705827786580447 0.2421087459228616 -0.1326374148084012
1473 -0.5640967155922059 0.2985020773434881 -0.2552589059184509
1474 0.3994176049527606 0.01009710943173173 0.08772381819854939
1475 0.6729018523772339 0.1481641987429726 0.2109972180235052
1476 0.7015450652079283 -0.1380670893112411 0.09880280220395735
1477 0.4259716350482041 -0.06243360103955774 -0.1453272994845078
1478 0.6994558824726774 0.07563348827168312 -0.02205389965955208
1479 0.3973284222175097 0.223797687014656 -0.03313288366496003
1480 -0.4718392567308912 0.470753960111921 -0.167675109458105
1481 -0.3245755488813855 0.4900138293818299 -0.3728604805465633
1482 -0.123319070808539 0.2613686151927704 -0.3378227858968594
1483 -0.4770955573437005 0.3087743360476897 -0.4659800126916217
1484 0.1883039301933578 -0.3581098411919195 -0.1405903266237368
1485 0.07391686780879358 -0.7059019844275225 -0.1916954544446169
1486 0.3136737553988907 -0.6239263218580849 -0.07557572544187861
1487 0.2438993042238771 -0.3575932202657691 0.1307590612707101
1488 0.1295122418393129 -0.7053853635013722 0.07965393344982996
1489 0.6490588323107366 -0.04600325483804463 0.3391609019721476
1490 0.3755745848862633 -0.1840703441492855 0.2158875021471918
1491 0.3469313720555689 0.1021609439049282 0.3280819179667396
1492 0.6471421357377789 0.3398108755620951 0.09261562000069203
1493 0.6736961658332224 0.2672801650908056 -0.1404354976823652
1494 -0.2477563578079314 -0.6047122635406113 -0.357989736822791
1495 0.2176811309141511 -0.5969532602785885 -0.349015863128315
1496 0.4574380185042483 -0.514977597709151 -0.2328961341255766
1497 0.3124979653709081 -0.4319099128808799 -0.4824580608505062
1498 0.2831207646501149 -0.1930664937942109 -0.274032524345928
1499 0.04336387706001776 -0.2750421563636484 -0.3901522533486663
1500 -0.6769882200175836 0.1900886346066687 0.1639712896307624
1501 -0.5540169380831438 0.4162047005653974 0.2459175688488797
1502 -0.5483631169054912 0.2016801265162879 0.3841714729191839
1503 -0.2596726568675829 0.1895637959379834 0.3039213924954197
1504 -0.2556345209570575 -0.02407188096518226 0.0008874649944404789
1505 -0.02572647869836962 -0.2200427518806785 -0.1283550278132375
1506 0.02986889533214968 -0.2195261309545281 0.1429943600812094
1507 -0.2643041736291026 0.4930153111327118 0.4675498318528293
1508 -0.7059125067682597 -0.01327252328468037 0.2179890756920476
1509 -0.5772874036561673 -0.001681031375061124 0.4381892589804691
1510 0.4849611848338635 -0.5579646463378533 0.004574110770892828
1511 0.3007996712742857 -0.6394236879811405 0.1598037696626014
1512 0.4047322732428726 0.2202016581381802 -0.5711920536582359
1513 0.2265416949833646 0.2969375425351385 -0.2554436275499091
1514 0.2073915159132839 0.3658722241299522 -0.5604516798601278
1515 0.2618814028447833 0.08956876538352697 -0.699897278519656
1516 0.08369082458527534 0.1663046497804854 -0.3841488524113292
1517 0.281031581914864 0.02063408378871331 -0.3948892262094374
1518 -0.3633059700289584 0.639222653499546 0.007475152740280294
1519 -0.2160422621794527 0.6584825227694548 -0.197710218348178
1520 0.4550765950053118 -0.3347563795018303 -0.4036558645507493
1521 0.3101365418719718 -0.2516886946735593 -0.6532177912756788
1522 0.7013262031534595 -0.1380670893112411 -0.1242299812504605
1523 0.6992370204182087 0.07563348827168312 -0.24508668311397
1524 -0.2174366675468614 -0.1495457125244654 -0.6712397083631652
1525 -0.105243606609804 -0.4096530253344591 -0.5841235771554438
1526 -0.01042677215304702 -0.2446096779367505 -0.7175657748776351
1527 -0.06882918387703961 -0.01493484355365478 -0.4772683845563877
1528 0.538147774279901 0.4754690586869273 -0.03580355500265819
1529 0.3673610470457558 0.5486089142074099 -0.2581142988876073
1530 0.5647018043753446 0.4029383482156378 -0.2688546726857154
1531 0.6055252796487116 -0.3404216916340885 -0.2484224726572907
1532 0.4605852265153715 -0.2573540068058175 -0.4979843993822203
1533 -0.04254588333560615 -0.6308090983621349 0.4179533034725698
1534 0.2071119693806211 0.6805848830528791 -0.1670779330172531
1535 0.3778986966147663 0.6074450275323966 0.055232810867696
1536 0.6398714224147548 -0.3300304097072263 0.1661169224378752
1537 0.5873851895175631 -0.2379665752340299 0.4064750222060654
1538 0.6034360969134608 -0.1267211140511643 -0.3692791745208001
1539 -0.3149637889750861 -0.177041919507866 0.654207328126986
1540 -0.1270094178449651 -0.01248038905556301 0.7210876482828619
1541 -0.117820000828297 0.1816467932452825 0.6817721300128503
1542 -0.1234738220059496 0.396171367294392 0.5435182259425462
1543 0.1945766130777012 0.3422913810438183 0.560643598739037
1544 0.05837777821606793 0.1356838096874097 0.3210467652919106
1545 -0.4787067762215775 0.3471402038472866 0.413289513833285
1546 -0.473052955043925 0.1326156297981772 0.5515434179035892
1547 0.1853871960610331 0.1481641987429727 0.09995911700904866
1548 -0.1326632390226177 0.2020441849935464 0.08283374421255782
1549 -0.1270094178449652 -0.01248038905556301 0.221087648282862
1550 0.03645500815272512 -0.5467412098833224 -0.5017202380721499
1551 0.1312718426094821 -0.3816978624856138 -0.6351624357943411
1552 0.575708354401657 0.1481641987429726 0.4124481461790878
1553 0.5518653343351597 -0.04600325483804461 0.5406118301277302
1554 -0.09964446426857851 -0.690359938760765 -0.2811224167889095
1555 0.326034874505706 -0.5624516254089893 0.3543892938741741
1556 0.5101963880652838 -0.4809925837657021 0.1991596349824655
1557 0.4577101551680921 -0.3889287492925056 0.4395177347506558
1558 0.1914130713266855 -0.2655293857925727 0.3711171610389004
1559 -0.03730564053424794 -0.5367431337696554 0.5236003963656088
1560 -0.1941839537113628 -0.3296973918706902 0.6016936845672614
1561 -0.7339652923779816 -0.1403847796891526 -0.08669668141511841
1562 0.05887196652755572 0.4011301216830936 -0.5867895882525815
1563 0.1133618534590552 0.1248266629366684 -0.7262351869121098
1564 0.170733593011204 0.148123927462801 0.6888072826876794
1565 0.03453475814957066 -0.05848364389360752 0.449210449240553
1566 -0.09364804193475923 0.2198906283489535 -0.67990912039764
1567 0.5976086494299453 0.3294595982148316 0.3172272727814969
1568 0.1324260907857123 -0.4099788338067903 0.5937823253564235
1569 -0.02445222239140252 -0.2029330919078252 0.6718756135580761
1570 0.1615441759945359 -0.04600325483804452 0.2281228009576911
1571 0.6022957049405481 0.07563348827168315 -0.4455394056771802
1572 0.4594448345424588 -0.05499940448297003 -0.5742446305386004
1573 -0.7145421061007673 0.06360036365789126 -0.1772063468585286
1574 -0.5968271247791368 0.1277368055523887 -0.3935649708739279
1575 0.3149420864384262 0.4261104193179963 -0.4656434350560996
1576 0.5122828437680149 0.2804398533262243 -0.4763838088542077
1577 0.1433235339378081 -0.678328614992051 0.3061762390379674
1578 0.3174666281955091 -0.4101662839368845 0.504856041007388
1579 0.1534903845208885 -0.5565016885986483 0.4910822813901694
1580 0.4607644892321279 0.4606055708541398 0.3766317311201171
1581 -0.7331792298446356 -0.1422069735315993 0.09030307279197433
1582 0.526742363814365 0.5011545260266723 0.1941635664381564
1583 0.03141507127057048 -0.6570086611605219 -0.3645660296619805
1584 0.2641013714480985 -0.2364559576903067 0.6789107662329051
1585 0.4491419088578953 -0.2366434078204008 0.5899844818838696
1586 0.6016928185713712 -0.4478856297713398 0.04884111323659292
1587 -0.1176314878895367 -0.5860020990401358 -0.4564209137450047
1588 0.183742581415343 0.6010897755432136 -0.4001172684897043
1589 0.3810833387449317 0.4554192095514416 -0.4108576422878125
1590 0.2851656651832746 -0.3829788124821647 0.576210722266651
1591 0.5867418212398434 -0.457102893873868 -0.1086840339631694
1592 -0.1222159693002061 0.5842388045293323 -0.4378823374377417
1593 -0.2747359777625211 0.4029993111951922 -0.5310018695828003
1594 -0.3901031599509586 0.005684373811610438 -0.645844746010569
1595 -0.7503784016962296 0.03848253216004968 0.03715643064969096
1596 0.06501665744690424 0.5099007133022488 -0.5275308172555118
1597 -0.08750335101541071 0.3286612199681088 -0.6206503494005702
1598 -0.315430266706181 0.6520530321187392 0.201527682982701
1599 -0.4901785725065556 0.1307118903720264 -0.558540591389396
1600 -0.25865035245145 0.2784907370836024 0.6058037359231334
1601 -0.4362211706808522 -0.1013790067295695 0.603821403893481
1602 0.6787315322143838 -0.3224959538791972 -0.01846906948609022
1603 -0.3956786247863768 0.5448936421340311 0.3343832554226096
1604 -0.4608643333345747 0.5684024219901994 0.1726428967368868
1605 -0.137919539635427 0.04006456092931514 -0.2154711590209589
1606 0.01460046882688796 0.2213040542634553 -0.1223516268759004
1607 0.3565917615988451 0.1528831661460634 0.6433343505297879
1608 0.1615441759945359 -0.04600325483804452 0.728122800957691
1609 0.3778546250325846 -0.04600325483804457 0.6789107662328941
1610 0.3804347816653424 0.3470506197270806 0.5151706665811455
1611 0.5262919038979628 0.2957342142775553 0.4346336913192891
1612 0.5024488838314656 0.1015667606965381 0.5627973752679315
1613 0.008467218243881382 0.6893189777280657 -0.298205016526771
1614 -0.3026005601366325 0.2021825445024448 -0.6588648000318151
1615 -0.2805404752537061 0.005505228080072845 -0.6934512017386251
1616 -0.137919539635427 0.04006456092931514 -0.7154711590209589
1617 0.06909035575838741 -0.05499940448296993 -0.7617972255354288
1618 0.2140304088917275 -0.138067089311241 -0.01223529881049916
1619 0.0690903557583874 -0.05499940448296993 -0.2617972255354287
1620 0.2119412261564767 0.07563348827168324 -0.1330920006740086
1621 0.4282325345365071 0.07563348827168319 -0.5838891500874167
1622 0.2853816641384179 -0.05499940448296999 -0.7125943749488368
1623 0.02778945288431622 0.6150534620310011 -0.430227339757316
1624 -0.07353057985989168 -0.08955873733221223 -0.739777268253095
1625 0.648554369554551 0.2370415149773855 -0.3156198394466841
1626 -0.3433666237683054 0.06458205454840123 0.6652170654923406
1627 0.1185110406816737 -0.1930804014903381 -0.7398047925959979
1628 1.22567787538294 -0.8438413822284405 -0.06695564454953809
1629 0.1652979748960007 -1.214883392238468 0.7913475835020876
1630 -0.5387550871385527 -1.307291897238847 -0.4185195439156877
1631 -0.7747406603145226 1.179918766101608 0.4837411641714862
1632 0.8405857668197712 -1.181321857528359 -0.2966218328269336
1633 -1.28013282671947 -0.644931770214323 0.3357802996388585
1634 0.9629463467675821 -1.078014457722319 0.3487020616771053
1635 0.2585744934647799 1.240606044913169 -0.8179552976492311
1636 -0.1306821994793076 0.9793325653132989 -1.108330831618824
1637 -1.462313968987668 -0.1376991169401082 0.005076593151422781
1638 -0.5836883235603878 -0.9720018020408959 -0.9563908888493637
1639 0.06466896197511759 -1.41068176395767 -0.4622589275199416
1640 -0.593266972553522 -1.342095793502786 0.1377209418815549
1641 0.6559641462427448 0.900581415339526 -0.9777436025030115
1642 0.7166961247212447 1.180616996267372 -0.4867874036165463
1643 -1.043295259679245 -1.025237364639762 -0.1931102438732551
1644 0.5181498890838571 1.086668511537193 0.8526874222673488
1645 -0.9320510720024642 -0.2955830861658841 -1.117630606890176
1646 -1.004210715935084 1.068977162838924 -0.1309919811543938
1647 0.6553809048494277 -0.990176333884337 0.8703727437138479
1648 -1.349498155350821 -0.1232085180263328 -0.5672793177587951
1649 -0.7890588100136822 0.2323742556777135 -1.237267143945413
1650 -1.395694449600006 0.3901176638471396 0.3413326408306616
1651 1.347577660130032 -0.4030443914612761 -0.4048348143976077
1652 0.02133914649379862 -1.144568317612509 -0.9194109659923912
1653 -1.025660879602195 0.753595659075937 0.7395182074234631
1654 0.0851842481334131 -1.473556843165354 0.09364690427479766
1655 -1.237894617603899 0.6844106474187515 -0.4481781073651679
1656 0.9108047320039563 0.6957488720970134 0.9486986446092689
1657 1.096745116411113 0.7278568086776867 -0.6796444351134834
1658 1.360520832090096 0.4867305342724224 0.3224660068379249
1659 1.386267143105789 -0.4758303018328301 0.3018474831634741
1660 -0.5108411475957473 -1.216473504720795 0.6671511190817491
1661 -0.9281770358424994 -0.8574224894432338 0.7785720697642919
1662 0.2548827704391511 1.418255526143932 -0.2927793093053446
1663 -1.217013388592102 -0.2963696404299581 0.7699099731554513
1664 0.1239644468057314 1.349438585891936 0.5726402866984915
1665 -0.03310889996640615 1.057762936103794 1.025473044408965
1666 -0.3348825768506085 1.430953232720185 0.3071075069742865
1667 -0.3062596006149484 1.408886973061763 -0.2803039781816355
1668 0.1134994459932895 -0.8528784561811343 1.184167314417992
1669 1.382793702803947 0.4914841652090832 -0.2832886477156508
1670 0.9127369617278838 0.1329929935636684 1.148425364575282
1671 0.8231532144879834 1.22074958156179 0.05206148988305251
1672 1.483563898065344 0.04524625948725566 0.02022017302585907
1673 1.327213383342887 0.04117496398381586 0.6403371405043614
1674 0.5159303969752217 -1.348714942955277 0.4206411440329117
1675 1.120316135676354 -0.4385023531031175 0.8471301167211125
1676 0.9354576755749469 1.022438362252331 0.531270020126561
1677 -1.1412883980488 -0.6071403442692553 -0.7182677981457584
1678 -1.208413712548182 0.2461259703305462 0.8339465261033705
1679 -1.189278033686686 0.3167783849312662 -0.8836371658072832
1680 -0.6262362913849434 -0.6845496263277702 1.18703098631127
1681 -0.7185096050088968 -0.1581762096925713 1.302630852580835
1682 1.25310755037049 0.2221648337180099 -0.7221873658754868
1683 -0.4976237129055022 -0.558665284162342 -1.284112330481362
1684 0.03152830186394857 -0.6551293608939457 -1.335182697229364
1685 0.5456181032893203 -0.9531867098409077 -0.9609529034919154
1686 -1.337616984508855 -0.5899876842489477 -0.231292109009001
1687 -0.6921917397802005 0.7613347681838274 -1.031351643719572
1688 0.6607598797731653 -0.345358759418376 1.270074698902258
1689 1.154747914474664 0.836091831902371 0.0143361275873044
1690 -0.1967863719144294 -0.1436393308225291 -1.5
1691 0.3540716974911787 0.7537375992505654 1.241696775987438
1692 -0.06814073606667695 0.5340389420962117 1.42441677298159
1693 1.095919750670779 -0.7888937107659624 -0.6852121836365435
1694 -0.1888169678849639 1.192133071156039 -0.6982360316862668
1695 0.9094471539431845 -0.2309534390522639 -1.144210678560313
1696 0.3193044638715405 -0.1092769860326994 -1.403633721197033
1697 -0.9641143656857549 -1.040078292209 0.3072236985299906
1698 -0.7619231219288122 0.5136194013852442 1.160413418674443
1699 -0.7351355598587334 1.127494235442084 -0.6145424987530652
1700 -0.5510653802890647 0.9998599294744994 0.9292136440235372
1701 -0.1910951075390638 -0.3393852481303693 1.414512452668418
1702 -1.476786821500234 0.3430982733664508 -0.157776490501483
1703 0.9178322624531392 0.4698594273340362 -1.089553323631782
1704 -1.127164512825511 0.8189251053767439 0.2680356546125501
1705 0.3247524153046631 0.1417506271686601 1.427442315148705
1706 0.4071666008140715 1.463111334881503 0.1791730397320993
1707 0.4678346361131354 -1.482010605458246 -0.2033178457373512
1708 -0.1320369154451321 -1.447843549842744 0.5104578088618766
1709 -0.9067858827216122 -1.107451822693585 -0.6385178807567613
1710 0.491427062519101 -1.30437062344267 -0.6442723119926653
1711 -0.306833456170478 0.3716364331618914 -1.417512551408022
1712 0.2798470701911443 0.7034864489689001 -1.289289782980516
1713 -0.1986708508012289 -1.034675980450964 0.9256592167498703
1714 -0.01042481286975284 -0.7436562309056944 0.9726896934933953
1715 -0.3225951096642712 -0.9254537551755246 0.714181595825274
1716 -0.5685387194903453 -0.9505115655242824 0.9270910526965095
1717 -0.3802926815588693 -0.6594918159790124 0.9741215294400345
1718 -0.2563684226958269 -0.7687140412544522 1.185599150364631
1719 -0.6855945076642591 1.567393866252629 0.2294104653051887
1720 -0.6695466463928461 1.249965197779555 0.08805776290994631
1721 -1.020258577206497 1.386405831311998 0.01036072124084859
1722 -0.6712830195464291 1.556360736423418 -0.06429527727277226
1723 -0.6552351582750161 1.238932067950344 -0.2056479796680147
1724 -0.3205710887327785 1.419920102890974 0.01340176439632546
1725 0.01023420878024456 -1.018724663526841 0.6706327351424042
1726 0.01547445158160277 -0.924658698934361 0.7762798280354433
1727 -0.3278353524656294 -1.019519719768004 0.608534502932235
1728 -0.1727715863498733 -1.215678448479631 0.7292493512919183
1729 -0.0756297935754086 -1.105906428885243 1.313748390056872
1730 -0.387800090369927 -1.287703953155073 1.055240292388751
1731 -0.445497662264525 -1.021742013958561 1.315180226003512
1732 -0.1733476523491405 -1.661281968630821 -0.4405847068948336
1733 -0.2370430625817175 -1.358986830598259 -0.4403892357178146
1734 -0.4750596769059757 -1.60958703527141 -0.4187150150927067
1735 -0.1630900092699928 -1.692719508234663 -0.162631790997464
1736 -0.2267854195025698 -1.390424370202101 -0.162436319820445
1737 0.07492660505426535 -1.442119303561512 -0.184306011622572
1738 -1.429004209293837 0.1262092734535157 0.1732046169910422
1739 -1.651794808700043 0.1806939102901935 0.4702955182544992
1740 -1.685104568393874 -0.0832144801034304 0.3021674944148798
1741 -1.339663678789885 -0.2170343786850331 0.387493283153437
1742 -1.562454278196091 -0.1625497418483554 0.6845841844168941
1743 -1.306353919096054 0.04687401170859076 0.5556213069930565
1744 -0.04973052912405299 -1.28690889691391 1.11733852459892
1745 0.1393987104446451 -1.033880924209801 0.9877574489600396
1746 0.4152871854083561 -0.7478008904459059 -1.48232005973791
1747 0.2885732025766344 -0.8041580353674267 -1.14806780036064
1748 0.6723320861210419 -0.8968295649193869 -1.295205162869186
1749 0.559175266412152 -0.4748747030152827 -1.516545571721745
1750 0.4324612835804303 -0.5312318479368036 -1.182293312344474
1751 0.1754163828677445 -0.3822031734633226 -1.369408209213199
1752 -0.5570571940943723 1.6289751059777 0.03642153966010872
1753 -0.5427457059765423 1.617941976148489 -0.2572842029178523
1754 0.5138552377582445 -0.6732826451110432 -0.8718970174862077
1755 0.2568103370455587 -0.5242539706375622 -1.059011914354932
1756 0.4006984180493546 -0.2513277832069391 -1.093237426338767
1757 -0.8894756881248032 1.124447964470266 0.1763745915085462
1758 -0.9055235493962162 1.44187663294334 0.3177272939037886
1759 -0.5548116185825656 1.305435999410896 0.3954243355728864
1760 -0.2291367864251906 1.496435069429562 0.776251674070322
1761 -0.4585602982533606 1.537192392843686 0.6434852842082195
1762 -0.1054590650224385 1.390195909306061 0.439873896836389
1763 -0.2135504667416666 1.174649257683218 0.7509269653610144
1764 -0.4429739785698366 1.215406581097342 0.6181605754989119
1765 -0.5666516999725887 1.321645741220843 0.9545383527328448
1766 0.6957697630851767 -0.3121660097167214 -0.9635259050204068
1767 0.7275326286162525 -0.5920700744465858 -1.052581791026114
1768 0.6143758089073625 -0.1701152125424817 -1.273922199878673
1769 0.9802996865370565 1.337192893923776 -0.4786379929389344
1770 0.9067206205661789 0.9542369024725295 -0.5832159193650148
1771 1.170324182381991 1.110812800128934 -0.5750665086874029
1772 1.199325581413766 1.164930311741276 -0.2280762273370091
1773 1.125746515442889 0.7819743202900289 -0.3326541537630895
1774 0.9357220195979545 1.008354414084872 -0.236225638014621
1775 0.8542466114479741 -0.535712929525065 -1.386834050403385
1776 1.339275390745666 0.9495189740813158 -0.5174634124095081
1777 1.368276789777441 1.003636485693658 -0.1704731310591142
1778 -0.2311152750883096 1.707177692564898 0.2652434973165101
1779 -0.03999990320572872 1.424604379432059 0.007164098834470917
1780 0.06376739855657014 1.700828839276772 -0.03469991082330541
1781 0.1399093137440303 1.723256743645557 0.2012762636954166
1782 0.3310246856266112 1.440683430512717 -0.05680313478662265
1783 0.03614201198173148 1.447032283800844 0.2431402733531929
1784 0.004517480271919866 1.540629415053602 0.7832079211506695
1785 -0.2249060315562501 1.581386738467727 0.650441531288567
1786 -0.07401919311414892 1.394791590159531 1.009624300005906
1787 0.04542777341966264 1.203600760997865 0.7990566655537281
1788 -0.3076734598112594 1.350597244535491 1.002668052925558
1789 -0.8917212636366099 1.447987071037069 -0.1826282044042314
1790 -0.2168037869704796 1.696144562735687 -0.02846224526145087
1791 -0.02568841508789868 1.413571249602847 -0.2865416437434901
1792 -0.03429038930671181 -1.44145258731386 0.9348871220137192
1793 -0.3723599505525858 -1.442247643555024 0.8727888898035498
1794 -1.148125210611205 0.2058581896040717 0.3877679311129379
1795 -1.181434970305036 -0.0580502007895522 0.2196399072733186
1796 -1.058784680107253 -0.1373854625344771 0.6020565972753329
1797 1.300342605250261 -0.09043977887163313 -0.5635110901365472
1798 1.497824147569256 -0.0898046190270993 -0.8089020538049285
1799 1.545059202449027 -0.4024092316167423 -0.6502257780659889
1800 1.128512407036608 -0.31699891525677 -0.7745227464789606
1801 1.325993949355603 -0.3163637554122362 -1.019913710147342
1802 1.081277352156838 -0.004394302667127023 -0.9331990222179001
1803 -0.583059150639412 -1.603152740843288 -0.2156394981780146
1804 -0.6103150933468966 -1.620554688975258 0.06248074472060673
1805 -0.5660110298460374 -1.324693845370817 -0.1403993010170664
1806 -0.5023156196134604 -1.626988983403379 -0.1405947721940854
1807 -0.2920871401277354 1.028811432789146 0.9773433442162509
1808 -0.3754223574966331 -1.667778264157916 0.05094711107847642
1809 -1.371223397853569 -0.3913154435772156 0.1704284463951406
1810 -1.673208701025196 -0.3179673215389779 0.2272134031270393
1811 -1.582118129891096 -0.5715836481760853 0.3925652563707571
1812 -1.248573107655786 -0.4706507053221405 0.5528451363971549
1813 -1.550558410827413 -0.3973025832839028 0.6096300931290536
1814 -0.3539489814974598 -1.141875512240407 -0.1423302187453492
1815 -0.3432955291394852 -1.12396313549951 -0.3620271609335157
1816 -0.04197931386147687 -1.22500798520366 0.1137530053498935
1817 -0.03132586150350232 -1.207095608462763 -0.1059439368382731
1818 1.09248186941396 0.4246606666080701 0.3785011591914107
1819 1.135662782047026 0.5912397031847179 0.6355823257235969
1820 0.8676238193708904 0.5291698355203656 0.6916174780770827
1821 1.075828145040356 0.2018828814637668 0.537436726024629
1822 1.119009057673421 0.3684619180404146 0.7945178925568152
1823 1.343867107716491 0.2639527491281191 0.4814015736711431
1824 1.47811080480926 -0.7956195254186527 0.4206950779580284
1825 1.174606744936685 -0.7769223797775746 0.3252747724202897
1826 1.266450406640156 -1.096711603363397 0.444122367214844
1827 1.345135301094542 -0.7769555510537964 0.6933363947368476
1828 1.041631241221968 -0.7582584054127184 0.5979160891991089
1829 1.253291639391072 -0.4571663274679738 0.5744887999422933
1830 1.425862071626859 0.6561303616976017 0.6843994663209613
1831 1.201004021583789 0.7606395306098972 0.9975157852066333
1832 1.213330493369285 0.9239842756875561 0.7888014729652794
1833 0.9231312037894516 0.8590936171746724 0.7399843323679149
1834 1.147989253832522 0.7545844482623768 0.4268680134822429
1835 -1.208701693381412 -0.1869846510364711 0.0919539043732453
1836 -1.086051403183629 -0.2663199127813961 0.4743705943752595
1837 1.543725175723309 0.4501172580643594 0.6213223676092348
1838 1.31886712568024 0.5546264269766549 0.9344386864949068
1839 1.527071451349705 0.2273394729200561 0.7802579344424529
1840 -0.04645439023231326 -1.702071249385358 -0.2490428236222719
1841 -0.03619674715316551 -1.7335087889892 0.02891009227509779
1842 -1.558154440174131 0.1086980635318968 0.7166024608908537
1843 -1.302054081074094 0.3181218170888429 0.5876395834670161
1844 -1.212713550570142 -0.02512183504970594 0.8019282496294109
1845 -0.04158350458265007 -1.175658068858921 -0.3838968527356427
1846 -0.3812049242049445 -1.159277460372376 0.1357900241532721
1847 -0.2540413622100545 -1.40782631833407 0.1156839230781763
1848 0.8154695263534739 -0.8702981313606759 1.223405286650437
1849 0.8137608401668729 -1.041558304653424 1.117173150871025
1850 0.9816166176973854 -0.8784070040873129 1.087449539191607
1851 0.1941668414755526 1.702822251560683 -0.2364950209444656
1852 0.2703087566630128 1.725250155929468 -0.0005188464257436382
1853 1.187971767841298 0.2764396689714692 1.222811552880923
1854 0.91177084686592 0.4143709328303409 1.048562004592275
1855 1.187005652979334 0.5578176082381416 1.122948192897917
1856 1.395209978648799 0.2305306541815429 0.9687674408454632
1857 1.119975172535385 0.0870839787737421 0.8943812525398215
1858 -0.08640434405149718 1.698137975019599 -0.2302573553826111
1859 1.447410533698043 0.1110824168590047 -0.9322278020410089
1860 1.27558033548439 -0.1154767195261322 -1.143239458383422
1861 1.13306491448528 -1.117706987734218 0.6647944954790704
1862 0.8091636258085049 -1.034095395803328 0.6095374026954766
1863 0.9792821935262027 -1.073787925815227 0.9256298364974417
1864 1.211749808939666 -0.7979509354246167 0.9140085230010739
1865 0.8878485202628911 -0.7143393434937273 0.8587514302174801
1866 0.9843061051592542 -0.5559982168543324 1.287300516785812
1867 0.8181590138153427 -0.5478893441276954 1.423256264244642
1868 0.6580703923112965 -0.6677675466513565 1.070223721308053
1869 -1.117611122247313 -0.4406009776735785 0.2573057576169632
1870 -0.7155714244692182 0.9563176200474568 0.3316797346100721
1871 -0.5701373578408246 1.039968230175996 0.3605645208558863
1872 -0.8303064522794987 0.9008468184161151 0.02431316194713209
1873 -0.6848723856511052 0.9844974285446548 0.05319794819294628
1874 0.4806048451807194 -0.3916544821270419 1.599134015948041
1875 0.3871296628832274 -0.5991186077997551 1.227121006660125
1876 0.2069746282907816 -0.6454143305084211 1.556180323705908
1877 0.05467735152460493 -0.3886677264830386 1.671352892831121
1878 -0.03879783077288713 -0.5961318521557518 1.299339883543205
1879 0.2348323861170508 -0.3423720037743726 1.342293575785338
1880 0.007955199559840545 1.10203859702147 0.5402478753107112
1881 -0.2214683122683294 1.142795920435595 0.4074814854486086
1882 -0.3295597139875575 0.9272492688127518 0.718534553973234
1883 -1.072595212217301 -0.576896064936596 0.7742410214598716
1884 -1.282944161850839 -0.4089038212341507 1.0757224618296
1885 -1.138525985476038 -0.6894302457407886 1.080053510134021
1886 -0.7772066636137214 -0.770986057885502 0.982801528037781
1887 -0.98755561324726 -0.6029938141830568 1.284282968407509
1888 -0.921624839988523 -0.4904596333788641 0.9784704797333607
1889 -1.033692270059237 -0.3398071058654574 1.342082901542292
1890 -0.9677614968004996 -0.2272729250612647 1.036270412868143
1891 -0.6723729481969201 -0.4213629180101708 1.244830919446052
1892 0.7963070738389079 0.4954444515830893 0.8090238966148748
1893 1.004511399508373 0.1681574975264905 0.6548431445624212
1894 0.6238564315982702 -0.8380136613966296 0.6465813056498887
1895 0.7776391525573474 -0.8819327233156207 0.3857459646315174
1896 0.8563240470117335 -0.5621766710060199 0.6349599921535209
1897 -0.6035662483408575 -1.263353849323199 -1.024594323006333
1898 -0.5612217053494702 -1.139646849639872 -0.6874552163825257
1899 -0.5810996301299398 -1.430998896922175 -0.7556586505394953
1900 -0.3010525133137642 -1.349637107109006 -1.006104361577847
1901 -0.258707970322377 -1.225930107425678 -0.6689652549540395
1902 -0.2811745885332946 -1.058285059826702 -0.9379009274208775
1903 1.033528231420426 1.357259186570986 -0.209213546189135
1904 0.769924669604614 1.200683288914581 -0.2173629568667469
1905 0.9889505644813239 1.028420706732081 0.03319880873517846
1906 -1.233075316058106 -0.1848644470745967 1.165063082730872
1907 -1.228775478036146 0.08638335830565544 1.197081359204831
1908 -0.9838234242665035 -0.1157677317059033 1.431423522443563
1909 -0.9634616587785396 0.04397488031898741 1.068288689342102
1910 1.60760414416452 -0.2015221957306383 -0.5601728532135988
1911 1.415570779097688 -0.1788990659870102 -0.1923073206858743
1912 1.675597263132176 0.0226231297436276 -0.3476453595018654
1913 1.560369089284749 0.1110824168590047 -0.7188491289525383
1914 1.368335724217917 0.1337055466026328 -0.3509835964248139
1915 1.433178800434646 0.2683652123481695 -0.1315342373448959
1916 1.625212165501478 0.2457420826045414 -0.4993997698726204
1917 1.317950626587219 0.3568244994635466 -0.5027380067955688
1918 0.7972731887008716 0.2140665123164168 0.9088872565978812
1919 0.9922604097837102 -1.386766217486377 0.3171834373017975
1920 0.9017660567936766 -1.129668157625339 0.02604011442508589
1921 0.9310801198098048 -1.438419917389397 -0.005478509950221949
1922 0.7687524348875301 -1.522116460102856 0.3531529784797007
1923 0.6782580818974964 -1.265018400241818 0.06200965560298907
1924 0.7394383718714019 -1.213364700338798 0.3846716028550085
1925 1.214084233110849 -0.6025700136967032 1.075828225695239
1926 0.8905380077247599 -0.3919305562607467 1.058602407811685
1927 -1.005530182726461 0.2201300738330045 1.360314805490368
1928 -0.9851684172384974 0.3798726858578952 0.9971799723889069
1929 -0.7402163634688546 0.1777215958463364 1.231522135627639
1930 0.6517071783129655 0.379497883533515 -0.9828767148001183
1931 0.6185683631623399 0.1802912206506684 -1.246593522414408
1932 0.3524432790221662 0.08992967685014719 -1.139916913582744
1933 0.3327145821819681 0.496311394350947 -1.082744944474485
1934 0.2995757670313424 0.2971047314681003 -1.346461752088774
1935 0.5988396663221418 0.5866729381514681 -1.189421553306149
1936 -0.4672735446321016 1.664367960089728 0.2520719545106515
1937 -1.611940820604624 0.176720449893857 -0.5383413866114355
1938 -1.269388094518754 0.09678493345246669 -0.7254582417830392
1939 -1.531830759772557 0.3967139013726565 -0.6965203106356794
1940 -1.675585153679331 0.4098738455902488 -0.3335899729827794
1941 -1.33303242759346 0.3299383291488585 -0.5207068281543832
1942 -1.413142488425527 0.109944877670059 -0.3625279041301391
1943 0.7447045544564869 -1.58876429135434 0.04117348359456921
1944 0.6542102014664533 -1.331666231493303 -0.2499698392821424
1945 0.4918825165441786 -1.415362774206761 0.1086616491477802
1946 1.638883001359808 0.457495192245762 -0.3812911811194066
1947 1.689268098990507 0.2343762393848481 -0.2295367707486517
1948 -0.8208862466441671 0.04567422115953979 -1.520436085597878
1949 -0.8605549410080732 -0.03160441524408529 -1.177448875417795
1950 -0.8923823776385582 -0.218304449762259 -1.46061781707026
1951 -0.5247500275945407 -0.1423325720905815 -1.651802513625172
1952 -0.5644187219584468 -0.2196112084942066 -1.308815303445088
1953 -0.4929225909640558 0.04436746242759219 -1.368633571972707
1954 1.118974585075922 -0.4298784713124004 0.3292759628301114
1955 0.9073141869068184 -0.730970549257145 0.352703252086927
1956 0.9859990813612045 -0.4112144969475441 0.6019172796089306
1957 -1.537211101022557 0.1118125337562558 -0.7591245422032666
1958 -1.45710104019049 0.3318059852350553 -0.9173034662275107
1959 -0.7148373924539831 -0.427124185164113 -1.200871468685769
1960 -0.6751686980900772 -0.349845548760488 -1.543858678865853
1961 -0.3472050424099657 -0.3511523074924355 -1.392056165240681
1962 -1.31272162197326 0.8677007758061113 -0.7165641618955005
1963 -1.213586325645292 0.5005945161750088 -0.6659076365862255
1964 -1.288413330014654 0.6838846445623686 -0.9342936911165582
1965 -1.039870183061411 0.9061628361886492 -1.008150930072703
1966 -0.9407348867334435 0.5390565765575468 -0.9574944047634278
1967 -0.9650431786920495 0.7228727078012894 -0.7397648755423701
1968 -0.3617788821769222 0.4833926062822278 1.631876694146746
1969 -0.3933251705377869 0.1879313662018202 1.363523812781212
1970 -0.6869633166480322 0.1372850303878362 1.570983733946368
1971 -0.7086700751079898 0.473182835926744 1.499875016993172
1972 -0.4150319289977445 0.523829171740728 1.292415095828016
1973 0.5486513085162746 0.1441021343586603 -1.601362235468569
1974 0.847915207807074 0.4336703410420282 -1.444322036685943
1975 0.5289226116760766 0.5504838518594601 -1.54419026636031
1976 -0.2504275739566787 0.3440819146520701 1.156337803700273
1977 -0.5756120084277887 -0.002025661242321439 1.095444843499896
1978 -0.5973187668877463 0.3338721442965863 1.0243361265467
1979 -1.521188671325962 -0.1205977859247263 -0.8128464030571565
1980 -1.140774613676643 -0.2093958020961084 -0.8424549623244854
1981 -1.312465129651784 -0.2067850699945019 -1.088022047622847
1982 -1.441078610493895 0.0993956655540732 -0.9710253270814005
1983 -1.060664552844575 0.01059764938269106 -1.000633886348729
1984 -0.4882373973919967 -0.8834689147701966 0.6800486226017262
1985 -0.5459349692865948 -0.6175069755736844 0.9399885562164867
1986 -0.94307275976001 -0.6154443660554657 -1.302943507096765
1987 -0.757869697781426 -0.63379244410339 -1.03701074786977
1988 -0.7688913855389718 -0.9536537239929717 -1.222323648076359
1989 -0.725859080211529 -0.7469854650536947 -1.386184368892358
1990 -0.540656018232945 -0.7653335431016189 -1.120251609665363
1991 -0.7195090917191234 -1.036947997082014 0.7228615944230206
1992 -0.9842621180296538 -1.052086977930802 0.9730857616688007
1993 -0.7755941739062777 -1.231612485569582 0.9173752863275293
1994 -0.8332917458008757 -0.9656505463730704 1.17731521994229
1995 -0.3803627540709035 -1.553824031301182 -0.6304030997089836
1996 -0.07865072951406836 -1.605518964660593 -0.6522727915111105
1997 -0.1003156372547278 -1.472462241488012 -0.8808488107473353
1998 0.04300405423445811 -1.277625040785089 -0.6908349467561664
1999 1.607880071340372 -0.5402948228438667 -0.315141229399198
2000 1.286627767756486 -0.6234428868448583 -0.2358952294735729
2001 1.546930178966826 -0.7606933182274488 -0.1462016444751632
2002 1.62722481282825 -0.5766877780296435 0.03819991938134287
2003 1.305972509244365 -0.6598358420306354 0.117445919306968
2004 1.36692240161791 -0.4394373466470531 -0.05149366561706678
2005 1.248757487206142 0.95466823578146 -0.7404310077448666
2006 0.1113905385221186 1.207271894173604 -0.1064547705375492
2007 -0.1834921351227612 1.213620747461731 0.1934886376022663
2008 0.1875324537095788 1.22969979854239 0.1295214039811728
2009 0.4159642102036071 0.9822042809923233 0.6073930394402569
2010 0.726803782329402 1.054553436894762 0.6919787211969549
2011 0.6246181034491519 0.9500892063498925 0.4466843383698629
2012 0.3604725660687143 1.170425692664478 0.2706358481726321
2013 0.6713121381945092 1.242774848566917 0.3552215299293301
2014 0.4626582449489642 1.274889923209348 0.5159302309997241
2015 0.8799502911563857 0.6925145805980244 0.4829031658357288
2016 -0.6784893399853176 1.411675159534397 0.7318021128068193
2017 -0.6629030203017936 1.089889347788053 0.7064774040975117
2018 -0.3527312038012507 1.647928692318064 0.4637162484823397
2019 0.8691355830634347 -0.8488257693212584 0.2354274428856448
2020 1.094312111075261 -0.9609279199753799 0.1408732085637836
2021 1.000501347371114 -0.7317392315743191 0.02759858977232309
2022 1.080795981232538 -0.5477336913765138 0.2120001536288292
2023 -0.07058147382622823 0.9562007721273988 0.7666642541659476
2024 1.734155961825111 0.02262312974362759 -0.113153122654411
2025 -0.3612825527604434 -1.019605295778881 -0.5373256578896111
2026 -0.4914074226788381 -1.038315460279357 -0.4388944809673972
2027 -0.383749170971361 -0.8519602481799053 -0.806261330356449
2028 -0.5138740408897556 -0.8706704126803808 -0.7078301534342353
2029 0.1769923924254916 -0.8334906171427144 1.4975398224204
2030 0.024695115659315 -0.5767440131173319 1.612712391545613
2031 -0.3751993728450975 -1.066193938261231 -1.28839785637224
2032 -0.07268563781800426 -1.152477196047037 -1.269907894943754
2033 -0.06759106013292929 -0.907757717687756 -1.47779376056224
2034 0.0264337241788736 -0.8998488392532272 -1.127296831610878
2035 -0.2760800108482196 -0.8135655814674208 -1.145786793039364
2036 0.2567286319519655 1.329430785528551 -0.5553673034772879
2037 0.185173430953428 1.58370930256585 -0.6278189242986828
2038 0.1870192924662424 1.494884561950469 -0.890406918470626
2039 0.03487876278990799 1.216369558034604 -0.758095664667749
2040 -0.03667643820862953 1.470648075071904 -0.8305472854891438
2041 0.03303290127709359 1.305194298649985 -0.4955076704958057
2042 -1.054484842085293 0.133862342845775 0.6340748737492925
2043 -0.08123543594426778 -0.9382435059657117 -0.7877713689279628
2044 -0.9023343240122935 0.1063635354043087 1.47026128680085
2045 -0.9240410824722511 0.4422613409432165 1.399152569847655
2046 -1.161097376438552 -0.2743070499768411 -1.266536267629742
2047 -1.289710857280663 0.03187368557173409 -1.149539547088296
2048 -0.06324841232330956 -1.042601345686341 -0.6124728719718675
2049 0.6275790143695968 -0.9707763997092342 1.262100850882159
2050 1.10787283915455 1.328086352214272 0.01817759194271726
2051 1.27367018914789 1.135757477384562 -0.0006850892051567959
2052 -0.5894591901872501 -1.111247025112571 -1.19964716087842
2053 -0.5464268848598073 -0.904578766173294 -1.363507881694419
2054 -0.3321670675176547 -0.8595256793219541 -1.452258577188239
2055 -0.2330477055207768 -0.6068973225281438 -1.309647513855363
2056 -0.584344130654687 -1.363139142593641 0.9009657911846689
2057 -0.6420417025492852 -1.097177203397129 1.160905724799429
2058 -0.7327480889738824 0.9716670499254616 -0.1408545820494744
2059 -1.325545208906694 0.4933097460929297 -1.036464999828386
2060 -1.077002061953451 0.7155879377192103 -1.110322238784531
2061 -1.551504324885605 0.7158821730359421 0.1742163663285223
2062 -1.43624063555012 0.3666079686067952 0.09177807516458927
2063 -1.592050510835719 0.6923724777955977 -0.07533819933754995
2064 -1.417239356498358 0.9302858938007443 0.1375678732194666
2065 -1.301975667162873 0.5810116893715973 0.05512958205553356
2066 -1.261429481212759 0.6045213846119417 0.3046841477216058
2067 -0.001691763260139693 1.666420369150774 0.3980098871786127
2068 0.2655655238099014 1.40627496038672 0.3759066632152954
2069 0.6302685018314657 -0.6483676124762537 1.461951828476364
2070 0.4927561475389142 -0.1018040661248579 1.348758507025481
2071 0.3126011129464684 -0.1480997888335239 1.677817824071265
2072 0.06682865388279968 -0.0988173104808546 1.420977383908561
2073 -0.8267947596733999 -1.518933833324052 0.06456364039257298
2074 -0.7995388169659152 -1.501531885192082 -0.2135566025060483
2075 -1.051808903236262 -1.36050461889254 -0.1008519524848321
2076 -0.791025173408899 -1.166264630939305 -0.3058148938944714
2077 -0.8182811161163837 -1.183666579071274 -0.02769465099585011
2078 -0.9864792084043916 -0.8642552376791357 1.122368156267716
2079 -0.8355088361756136 -0.7778188061214037 1.326597614541205
2080 0.3844401754213586 -0.9215273950327356 1.02727002906592
2081 0.3566382849415278 -0.902127460857633 1.418998136234231
2082 -0.2869454551601569 -1.197530282898377 -1.181157199449934
2083 -1.357340719552066 0.5137544603926011 -0.3029772989333255
2084 -1.472604408887551 0.8630286648217481 -0.2205390077693924
2085 -1.182529565214705 0.7516678763977477 -0.09007122637630888
2086 0.3759435403158007 -0.05463849301634977 -1.152614010011925
2087 0.6752074396066001 0.2349297136670181 -0.9955738112292991
2088 0.4506226093154295 -0.5797307687613352 1.540493514662533
2089 -1.398488451829528 -0.2391529615840211 0.9912994596457837
2090 -1.394188613807568 0.03209484379623102 1.023317736119743
2091 -0.4812932706256653 -1.634401128945024 0.2634146126759281
2092 -0.1420676602821977 -1.700131653776308 0.2413775938725495
2093 -0.9177184471319382 -0.2370834378889855 0.7676887421883447
2094 -0.6223298985283587 -0.4311734308378916 0.9762492487662542
2095 -0.6684665553403355 -0.1679867225202922 1.034049181901036
2096 1.189153569086932 -0.3395641747761511 -1.212728004412318
2097 -0.1691806470049312 1.20258761763252 -0.1002171049756947
2098 0.8657031472714785 -0.897239180035814 -1.167159552734962
2099 0.8207689269800496 -0.871040210303435 -0.8230825435642295
2100 1.140853970962208 -0.8150926804983414 -1.029289192807276
2101 1.047617672598411 -0.5361225446414921 -1.258788440269161
2102 1.002683452306982 -0.5099235749091131 -0.9147114310984285
2103 0.430185139141443 1.65892254838684 -0.2253585425134516
2104 0.4857894475801979 1.299436261205652 -0.3897833564609455
2105 0.6610918162824898 1.54010328344856 -0.3223625896690525
2106 0.7143203611658592 1.560169576095769 -0.05293814291925303
2107 0.5390179924635672 1.319502553852861 -0.1203589097111461
2108 -0.7733002707571368 -0.5176098623956235 0.772019790492765
2109 -0.8834607194935017 -1.41424249339321 -0.4199603868715044
2110 -0.6890715022353763 -1.538541467096751 -0.4112917061611291
2111 0.8438215252017369 0.4552179328214488 1.410140779432769
2112 0.8428554103397732 0.7365958720881214 1.310277419449762
2113 0.6324382147475675 0.7247432356737894 1.095197710298353
2114 0.5644888930833845 0.7655902356648974 1.456776485138847
2115 0.6334043296095312 0.4433652964071169 1.19506107028136
2116 1.016908253969317 0.1110824168590048 -0.6735410879409149
2117 1.064143308849087 -0.2015221957306381 -0.5148648122019754
2118 0.8450780557556636 -0.1154767195261321 -0.8845527442833283
2119 0.8756813961337806 1.444515369897022 -0.29532482926999
2120 0.92890994101715 1.464581662544231 -0.02590038252019055
2121 -1.061342093100677 1.089242569817778 -0.7997463575894492
2122 -0.7136636498194669 0.9444145018129558 -0.8229470712363188
2123 -0.9865150887313159 0.9059524414304179 -0.5313603030591165
2124 1.23976940960753 0.6096704869433849 -0.4814665414145671
2125 1.482299683942083 0.8313326523470141 -0.3192855187105919
2126 1.268770808639306 0.6637879985557271 -0.1344762600641732
2127 0.6217614418869009 -0.05463849301634983 -1.588639885828659
2128 0.9210253411777003 0.234929713667018 -1.431599687046033
2129 -1.135730805763848 -1.273215227093667 -0.3072557368502882
2130 -1.247868330151597 -0.4162768222809661 -1.121520821535242
2131 -1.456591871825776 -0.3300895382111905 -0.846345176969552
2132 1.058732991361208 1.181048329576303 -0.644002491996398
2133 -1.556139051731163 0.5805300326163991 -0.4787907814146218
2134 -1.608458513419664 0.567708784295063 0.3493254764526424
2135 -1.649004699369778 0.5441990890547186 0.09977091078657016
2136 0.883769713633606 -0.8418182481408325 -0.016668412693377
2137 0.9855503500395859 -0.7409564956768473 -0.1299265574274393
2138 -0.5577849892670401 -0.04255552847758044 1.630729095690572
2139 -0.2326005547959301 0.3035520474168111 1.691622055890949
2140 -0.2940777405321235 -0.1331600476964794 1.686669895734363
2141 -0.1296179218028704 0.09732684698292121 1.419464612825004
2142 -0.4548023562739803 -0.2487807289114703 1.358571652624626
2143 0.9168327869227229 -0.1154767195261321 -1.458928364510299
2144 0.9136397081981619 0.1194529941408862 -1.116882001096048
2145 -1.330840009480764 0.2649797234914484 -1.110134793342465
2146 0.4229034514238391 1.449196225931758 -0.885134746404032
2147 0.4572693198537623 1.070593730126348 -0.8978494500761214
2148 0.6215982778128215 1.279183911144936 -0.9650288988309222
2149 0.6519642670520716 1.41920170160886 -0.7195507993876896
2150 0.6863301354819947 1.040599205803449 -0.7322655030597789
2151 0.4876353090930123 1.210611520590271 -0.6523713506328888
2152 1.57403992514308 0.3228355265002253 -0.6007405401993247
2153 1.655000578502707 -0.3944192111764857 -0.2061918157528051
2154 1.674345319990586 -0.4308121663622627 0.1471493330277358
2155 0.8653533750040567 -1.344920288146174 -0.6310261301851251
2156 0.9682527587452749 -0.9851077841471609 -0.4909170082317385
2157 0.9930203669295605 -1.148706214764976 -0.82532130558993
2158 0.6907740228537216 -1.406444671103329 -0.804851369767991
2159 0.7936734065949398 -1.046632167104316 -0.6647422478146043
2160 0.666006414669436 -1.242846240485515 -0.4704470724097994
2161 1.397816170947835 -0.9796250656164579 0.2362935141015223
2162 0.8793054450314651 1.121593971907061 0.2916657550048067
2163 0.9967461788917802 1.294361414157533 0.5924819094727325
2164 0.9405939483482985 1.393517023812263 0.3528776443509783
2165 0.6151599076510275 1.341930458221646 0.1156172648075759
2166 0.7326006415113425 1.514697900472119 0.4164334192755017
2167 0.5684658729056702 1.049244816004622 0.2070800732481087
2168 0.4859559538784067 1.190473548801022 -1.142457002042818
2169 0.2872611274894242 1.360485863587844 -1.062562849615928
2170 0.2978974158526064 1.091926065615709 -1.29823009228157
2171 0.2692107818279621 0.9720462469410347 -1.053622540314874
2172 0.4679056082169445 0.802033932154213 -1.133516692741764
2173 -0.7094218048588227 -0.3842812504986294 -0.9260085422072497
2174 -0.5352404306377845 -0.7224906084361353 -0.8453886831868438
2175 -0.8140404678819904 -0.5400598795503151 -0.7263271378350411
2176 -0.8624883608045937 -0.7895710731550756 -0.8373293434975611
2177 -1.036669735025632 -0.4513617152175697 -0.917949202517967
2178 -0.7571836855984346 1.47724560733865 -0.4244034632035671
2179 -0.8696731378969085 1.098235699140504 -0.3727672399537295
2180 -0.5206975802368409 1.268190604251924 -0.4474232384673504
2181 0.7178695432388312 -1.230852714302448 -0.963191665517616
2182 0.5185225829042106 -1.128778666641788 -0.8026126077422904
2183 1.691940408672523 -0.1818441839340763 0.2454651782620768
2184 1.434915520585567 -0.2152920211727873 0.1610338280946666
2185 1.643292031192745 -0.4423824645941192 0.3862788333308843
2186 1.613765151311294 -0.1838798316857962 0.555523662001328
2187 1.356740263224338 -0.2173276689245071 0.4710923118339178
2188 1.405388640704115 0.04321061173553575 0.3302786567651103
2189 -1.352486993174765 -0.5720554513326517 -0.9218394171630336
2190 -1.24539327669981 -0.3651744311477941 -0.6427735579522768
2191 -0.9134186091099783 0.0341643674912666 0.7997070186623043
2192 0.4210575899110247 1.538020966547139 -0.6225467522320888
2193 -0.4529620565142716 1.653334830260517 -0.04163378806730955
2194 -0.1233076919730807 1.607171368903939 0.5964826383444423
2195 -1.475473317093923 -0.08630318959491791 0.8794643785474376
2196 -1.471173479071963 0.1849446157853342 0.9114826550213972
2197 -1.711678121325408 0.07973338532166535 0.1309961069287838
2198 -1.678368361631576 0.3436417757152892 0.2991241307684032
2199 -0.3250865607965925 1.685071990340019 -0.2339528954784489
2200 -1.225900865233006 -0.006295145344822145 0.03880726223096193
2201 -1.192591105539175 0.2576132450488017 0.2069352860705813
2202 0.8108755859245373 -1.509731804131923 -0.2007883262878287
2203 0.6245000205712194 -1.660076178096866 -0.1541363327430375
2204 -1.614202090934001 0.4054362955821975 0.5113055461323719
2205 -1.520561722408089 0.3334404488239008 0.7576124887687263
2206 -0.1829578344772782 -1.557932666115998 0.7944422346936137
2207 0.01663052972543433 -1.331363471040606 0.6509026961819822
2208 -0.3214390315204397 -1.332158527281769 0.5888044639718129
2209 1.277417563690145 0.06649649678183399 1.145070285889669
2210 1.484655774497646 0.02058748199190773 0.8910261738542093
2211 1.38120715066438 -0.219251176551559 0.9944226619625849
2212 1.223764759509621 -0.1986636945596508 0.743733628612737
2213 1.016526548702119 -0.1527546797697246 0.997777740648197
2214 -1.15406012774729 -0.8869867084589718 0.9495741544870279
2215 -1.298478304122092 -0.6064602839523339 0.9452431061826075
2216 0.6710148853516227 -0.115476719526132 -1.022902488693565
2217 1.221748705400405 -0.5959690511136193 -0.5450234990170756
2218 0.9394547460923734 -0.5968014577058287 -0.5787932656650632
2219 1.065283700822 -0.4038767980534856 -0.4386045810455953
2220 0.8462184477285764 -0.3178313218489796 -0.8082925131269482
2221 -1.291298522186808 -1.118959578370685 0.10341543010914
2222 -1.161714043199358 -0.8350845674270424 0.07133502788280166
2223 -1.40971730570692 -0.9288067811579659 0.3678607018651968
2224 -1.251708075190063 -1.126380042155304 0.3535824013107629
2225 -1.122123596202612 -0.8425050312116613 0.3215019990844246
2226 -1.0037048126825 -1.032657828424381 0.05705672732836772
2227 1.734734082644211 0.02262312974362759 0.1286261628751398
2228 1.656558825282982 0.02058748199190769 0.4386846466143909
2229 -0.2506782420714704 -1.687275007115002 0.449783046166089
2230 -0.362651943999327 -1.394969671672765 0.3240893753717158
2231 -0.02342633365585949 -1.460700196504049 0.3020523565683372
2232 0.7754034560935805 1.457094263177955 -0.5167931094061479
2233 -0.3407168656439182 -0.6452919892406284 -0.9701220511724482
2234 -0.07614085825919281 -0.6935240276064302 -0.9956572345464492
2235 0.06518483585526061 -0.465645677454341 -1.145598915675251
2236 0.2090729168590565 -0.1927194900237179 -1.179824427659086
2237 0.5131060894590433 1.302840218923315 -1.030931080688536
2238 0.7118009158480257 1.132827904136494 -1.110825233115426
2239 0.5300085848105972 1.447605000891608 0.7563276229921779
2240 0.3210571679447942 1.218053548714565 0.7126638544829202
2241 0.3329158636715344 1.57899003806898 0.6163040552077492
2242 0.4745169406757044 1.635826412563763 0.4195704317245532
2243 -1.230643410885974 -0.7771012689720611 -0.9423742789078474
2244 -0.9518433736417683 -0.9595319978578815 -1.06143582425965
2245 -0.745237103141 -1.03972681236724 -0.7974543848030625
2246 -1.11339215322238 -1.027257008184226 -0.9024993202133489
2247 -1.024037140385206 -0.8572960834814201 -0.6783928394512598
2248 0.5498292519901267 0.4595967496239447 1.54964925471948
2249 0.6187446885162735 0.1373718103661642 1.287933839861993
2250 0.3394120563979209 0.4477441132096127 1.334569545568071
2251 -1.689852512756015 0.4763633727449545 -0.1214776653481684
2252 0.8704217112484662 1.322731054488723 -0.6921004847490293
2253 0.8400557220092163 1.182713264024799 -0.9375785841922619
2254 1.0604462070934 1.09635096069388 -0.7885290004974979
2255 0.8763546313269289 0.8142191120086063 -0.8286940188082474
2256 0.2188714890645442 1.113589318169695 0.4673694716558282
2257 -1.474193545032417 0.7821125050598652 0.3126769833435867
2258 -1.621861689270985 -0.05654828982084296 -0.6045012149002732
2259 0.9011331364244244 0.6912332642827979 -0.4755848895684485
2260 0.7111086405794902 0.9176133580776407 -0.37915637381998
2261 0.9301345354562001 0.7453507758951401 -0.1285946082180546
2262 1.033131821101355 -1.0125816198784 -0.1817887386882358
2263 1.110613847049373 -1.306996215599565 -0.04671995227631344
2264 1.303159901330957 -1.138255977949605 0.06811314186238429
2265 1.171794137023278 -1.255342515696545 0.275941994975706
2266 0.146509497772329 -1.370459298231382 1.038889132121704
2267 0.9084572590048985 1.008893055615379 -1.081334437578162
2268 1.128847744089083 0.9225307522844589 -0.9322848538833975
2269 0.1115664562450006 1.622957821618375 0.5999841301163702
2270 0.2531675332491706 1.679794196113158 0.403250506633174
2271 0.07457003635998669 1.666982710603109 -0.4287343375490906
2272 -0.1472798328020708 1.553921483109163 -0.6314626987395517
2273 -1.043253401452152 -0.1100666758215167 -1.374526542632757
2274 -1.022240198562419 -0.2968228737848504 -1.376381760450977
2275 -0.9717572704577608 0.1539119951002821 -1.434344811160376
2276 -0.9507440675680283 -0.03284420286305161 -1.436200028978596
2277 1.722993697470364 -0.1702738857022198 0.006335677958928252
2278 -1.053546601987053 0.2460614370887066 -0.6199123947566106
2279 -1.13365666281912 0.02606798560990711 -0.4617334707323666
2280 -1.197300995893827 0.2592213813062989 -0.2569820571037105
2281 -0.2826780812148703 0.8437245109692673 1.490414979804023
2282 -0.242409311710972 0.6880316519434073 1.595012797493068
2283 -0.6295692741459379 0.8335147406137835 1.35841330265045
2284 -0.5893005046420396 0.6778218815879236 1.463011120339494
2285 0.3174928463397997 1.558658184102385 -0.6989228900152579
2286 0.3156469848269853 1.647482924717766 -0.4363348958433146
2287 -0.3996297348585892 -1.242386874264427 -1.123379549712405
2288 -0.09711599983149601 -1.328670132050234 -1.104889588283919
2289 1.3483698859013 -1.086082861195126 -0.1672045438339606
2290 1.370730948317703 -0.9850637746286653 -0.3628250064418255
2291 1.28349082354522 -1.058609025463887 -0.4763328133774632
2292 1.305851885961622 -0.9575899388974263 -0.6719532759853282
2293 1.160798813026859 -0.8163675464972014 -0.3760839140930408
2294 -0.3096030581778708 0.7669494357853556 1.176815208502563
2295 -0.5241404033260642 1.076635004658411 1.242813415324997
2296 -0.6564942511089384 0.7567396654298718 1.04481353134899
2297 1.615383860144035 0.6146763929016786 -0.04096919107184829
2298 1.371657267447022 0.4891073497407528 0.01958867956113702
2299 1.604247424787109 0.6122995774333482 0.2619081362049396
2300 1.501360965979393 0.7869802262483225 0.1078431965796293
2301 1.25763437328238 0.6614111830873968 0.1684010672126146
2302 -0.3597545502055084 1.52069969438503 -0.6223303632092581
2303 -0.2475382842499562 1.300510022108901 -0.4892700049339512
2304 -0.4184758665705007 1.629076645337892 -0.4133643364569424
2305 -0.6329138461923931 1.488380276528052 -0.5804835967426571
2306 -0.4619762638718486 1.159813653299062 -0.656389265219666
2307 -0.6680488890901982 -1.496385495617297 0.5358864175544977
2308 -0.5520540600746346 -1.27928464911179 0.402436030481652
2309 -0.7092618015690856 -1.559196640008292 0.2711713289544006
2310 -0.894685498135202 -1.408187889361399 0.3559227072786184
2311 -0.7786906691196385 -1.191087042855893 0.2224723202057728
2312 -0.7374777566407511 -1.128275898464897 0.4871874088058699
2313 -0.5834062828609172 -1.533139975448351 -0.5668576014690716
2314 1.03466720201654 -1.31677373285146 -0.4570250112927201
2315 1.162334193942044 -1.120559659470261 -0.6513201866975251
2316 1.020133263994611 -0.1417935101476465 1.373452660213511
2317 1.116863993619722 0.06649649678183402 1.325042674782267
2318 1.220653580593957 -0.2192511765515589 1.174395050855182
2319 1.123922850968847 -0.4275411834810395 1.222805036286427
2320 -0.6606934572587559 -0.7750682295596585 -0.6525235167371253
2321 -0.6754228204703678 -0.9383954230067252 -0.5488936493879341
2322 -0.8222422368393683 -0.842793239886003 -0.4935870126908241
2323 -1.493271547694152 -0.3220056397655858 0.8173639097999377
2324 -0.5258912262664279 -1.078777101920558 -0.2681175079149186
2325 -0.9165962524446887 0.8646940798176446 -1.179187292242853
2326 -1.093495959560116 1.296876146524175 0.2825557762078818
2327 -1.00632873024056 1.330068109871278 0.504795612180825
2328 0.7524039493259271 -0.9589047858877719 0.1911604404199447
2329 0.6912236593520216 -1.010558485790792 -0.1315015068320747
2330 0.5288959744297469 -1.094255028504251 0.2271299815978479
2331 0.4329371353401453 -0.3631320825614501 1.085825314726343
2332 0.1593069184502074 -0.6168919309428293 1.04287162248421
2333 0.00700964168403076 -0.3601453269174468 1.158044191609423
2334 1.428897992958452 -0.9975565149298063 0.01839718767136545
2335 1.509192626819877 -0.8135509747320011 0.2027987515278716
2336 1.5983304252107 0.0205874819919077 0.6755437831728799
2337 0.294376602162623 -0.5434869442839393 -1.603407932138809
2338 0.438264683166419 -0.2705607568533162 -1.637633444122643
2339 0.5063270543289032 1.681350452755625 0.01061763200527038
2340 -0.9502503934730511 0.2681590040190133 0.7474290326724125
2341 -0.7052983397034083 0.06600791400745454 0.9817711959111446
2342 -1.269707885815611 1.116379316161743 0.1747030214284138
2343 -1.182540656496055 1.149571279508846 0.396942857401357
2344 -0.950952586570017 0.9994219357391757 0.3758884093920182
2345 1.307859779183788 -0.7987509821082404 -0.8516152363767171
2346 1.282389867450729 -0.6185343106330004 -0.9832287569504327
2347 1.4192302477194 -0.5953338912690854 -0.7904144626854568
2348 -1.208230987370396 1.241405344892833 -0.02481079645505823
2349 -0.7163274449428609 -1.55594341522872 -0.1331714632625078
2350 -1.389474835952556 0.8922482602125982 -0.5461761504531351
2351 -1.260135313847187 1.030834734877233 -0.5627149184075313
2352 -1.351891667182227 -0.8901883472037941 -0.5725150373571856
2353 -1.092291828864022 -0.8161888544545086 -0.4556890210095068
2354 -1.302895097997449 -1.099236857389047 -0.309936260220934
2355 -1.234640409518633 -1.140344086415959 -0.532640078662687
2356 -0.9750405712004288 -1.066344593666673 -0.4158140623150082
2357 1.316361533700051 0.9576579821054667 0.5493865640824867
2358 1.528893111957626 0.6898040681155122 0.4449845574381686
2359 1.42600665314991 0.8644847169304866 0.2909196178128584
2360 1.045102795024806 0.9292650970773511 0.2728030738569327
2361 0.1206102333209734 -1.189456830202715 1.235298997579656
2362 1.155823831619716 -1.254823098845086 -0.2820376379726584
2363 -1.121052666769491 0.8766939051288378 -0.2895850442597809
2364 -1.355762458053144 1.055311922531835 -0.06194594466400537
2365 -1.065687614380298 0.943951134107834 0.06852183672907815
2366 0.6152881852880733 -0.6857283199245248 0.7970480527831025
2367 0.8477558007015367 -0.409891329533915 0.7854267392867349
2368 0.6179776727499421 -0.3633195326915443 0.9968990303773074
2369 -0.7382906777216461 -1.385483368852151 0.7369663872610464
2370 -0.96492728676665 -1.297285762596254 0.5570026769851671
2371 0.06394614699273612 1.109969305113234 -0.9631430646340275
2372 0.09263278101738048 1.229849123787909 -1.207750616600724
2373 0.07458243535591833 0.8414095071410995 -1.19881030729967
2374 -0.1627220896359295 -0.4869096268803119 1.087862262618608
2375 -0.4086656994620036 -0.5119674372290697 1.300771719489844
2376 0.5048480939987038 -1.160902859755735 -0.08484951328728357
2377 -1.177851756766048 0.4200371731180843 -1.21084604288953
2378 -0.9293086098128045 0.6423153647443649 -1.284703281845674
2379 -0.6467130253223726 0.08180694072115205 -1.049007158962317
2380 -0.5371503406251201 0.08162779498961445 -1.096613614690373
2381 -0.2410141215754938 -0.1063789982605069 -1.227980042717666
2382 -0.3505768062727462 -0.1061998525289693 -1.18037358698961
2383 -0.8015473393824064 1.452018255403915 0.5339526007493305
2384 -0.5816182976504494 1.577535488713204 0.4456357721507306
2385 -0.1736393514993254 1.265537920533978 1.170506698430333
2386 0.6485479010022626 -1.593428346845381 0.1578431621420939
2387 -0.04821540564008725 -0.8937383163491555 1.46992981906366
2388 -0.4180832743292037 -0.8095739014224734 1.4713616550103
2389 -1.068243282474889 -0.1509907919526983 -0.5788893134402053
2390 -0.8595197408007103 -0.2371780760224739 -0.8540649580058957
2391 -0.9881332216428214 0.06900265952610124 -0.7370682374644495
2392 0.987970166678135 0.2591440280090951 1.39900755154396
2393 0.6939778934665246 0.2635228448115911 1.538516026830672
2394 1.229077743294404 0.02262312974362771 -0.1018845959270318
2395 1.161084624326748 -0.2015221957306382 -0.3144120896387652
2396 1.113849569446977 0.1110824168590048 -0.4730883653777047
2397 -1.685506022345691 0.1766051058755488 -0.3997498012716171
2398 0.04661329631773847 -1.679575412786982 -0.4562143242321841
2399 -1.405906062169245 -0.1304538174832205 -0.2811013623036862
2400 -1.666748375680571 0.01511730036508641 -0.383895307517453
2401 -1.723156282498995 0.007872000908198729 -0.09771735206234407
2402 -1.469550395243951 0.1026995782131713 -0.07634994867503012
2403 -1.730392708755278 0.2482706960614782 -0.179143893888797
2404 -0.3393980489144225 1.69610512016923 0.05975284709951215
2405 -0.3914327920710302 -0.3138919749304133 -1.120036207958347
2406 -0.5009954767682826 -0.3137128291988757 -1.072429752230291
2407 0.4513119416134526 -0.8320637245862887 0.783274293165884
2408 0.4302476478782765 -0.6855408697944307 0.885974337132138
2409 -0.5531471689739127 -1.096179050052527 0.01000273498370274
2410 -1.481409332149096 0.515622116478798 -0.699573937006453
2411 1.602682164249347 0.6451711562464441 -0.2417217624653155
2412 1.488659270084706 0.817474989593088 -0.09290937481383786
2413 -1.523711985234034 0.4538966166346663 0.6716158175496154
2414 -1.521604386077143 0.6114634734966329 0.555414697567251
2415 -1.427964017551232 0.5394676267383361 0.8017216402036055
2416 -1.430071616708122 0.3819007698763696 0.9179227601859699
2417 0.9246256416981763 -1.227585188272989 0.7624729336778017
2418 1.078408362657254 -1.27150425019198 0.5016375926594304
2419 0.8549003877610732 -1.406854492808459 0.5376071338373336
2420 0.5856556509123247 -1.169445638419807 0.6455069438733798
2421 -0.2752910220028286 1.46868295389793 -0.8027942152446206
2422 -0.5484503179897133 1.436363536040953 -0.7609474487780197
2423 0.5444967789525338 1.575913528116235 -0.419789062250547
2424 -1.19045612209405 -0.8076125244443548 -0.2122011764411281
2425 -1.450055960412254 -0.8816120171936404 -0.3290271927888069
2426 -1.239452691278827 -0.5985640142591016 -0.4747799535773797
2427 -0.6969053415153728 -0.7039434071314161 0.7357590979429975
2428 -0.4922081253103417 -0.5158223494968583 -1.009249404002843
2429 0.4103394398727142 -1.102529863061402 0.8308601636079678
2430 0.5775244286487923 -1.314645046307129 0.9508505123685884
2431 0.3324829636720788 -1.426998575484195 0.9113379322627082
2432 0.3406141859356112 -1.281799167596872 0.6059943637674996
2433 0.5077991747116892 -1.493914350842599 0.7259847125281202
2434 1.014961348010195 -1.390554642717455 -0.2291778663247015
2435 1.0761416379841 -1.338900942814435 0.09348408092731791
2436 1.522397702860602 -0.8263332998879396 0.0621950295110878
2437 1.602692336722026 -0.6423277596901343 0.2465965933675939
2438 -0.4786467730148906 -1.612070518178271 0.4575397624445615
2439 -0.9394934945029618 -0.5926375006738382 -0.5334619713853226
2440 0.6083861795578102 -1.165134624077204 1.122389146916811
2441 0.3633447145810967 -1.277488153254269 1.082876566810931
2442 0.3374454501297411 -1.096485685225602 1.279286432268883
2443 -0.7270050981633659 0.4019057195463623 0.9106624789579489
2444 0.9535936655693009 -0.3501228661719212 -1.40641332831466
2445 0.6585223205334788 -0.289284639662139 -1.53612484963302
2446 0.7298861152331299 -1.34173682532706 0.7836468403080271
2447 0.6601608612960268 -1.52100612986253 0.5587810404675591
2448 0.3794255288192496 1.708219928343485 0.2129008831103356
2449 -0.3283289843641855 -0.4689429155349515 -1.097824714582887
2450 -0.06375297697946011 -0.5171749539007534 -1.123359897956888
2451 0.1217296109195837 -1.014205835928094 -1.386823748391809
2452 0.1166350332345088 -1.258925314287376 -1.178937882773323
2453 0.3787745116322696 -1.163234510401575 -1.199708851523085
2454 0.2834786248915594 -1.048877513726708 -0.9401819347421534
2455 -1.077854893945659 0.4298775683324493 -0.4021828655355529
2456 -0.8025546375349544 -0.5669733206025653 1.436108218740038
2457 -0.8486912943469311 -0.3037866122849658 1.49390815187482
2458 0.8849808757017981 -1.071687699092836 -1.001157140234208
2459 1.160131699392527 -0.9895411995553638 -0.8632867803065221
2460 -1.2106776646011 0.5718566614615382 0.5404254241270623
2461 -1.336587601078238 0.7932024711110315 0.7545074808636518
2462 -1.117037296075189 0.4998608147032416 0.7867323667634167
2463 0.8941447230172522 -0.3809693866386687 1.434277327376999
2464 0.7867484207505245 -0.1061828829273538 1.20925003173877
2465 0.1803712121853835 -0.7634147857346874 0.9401715785179559
2466 -1.227985040867171 -0.9363394552015118 -0.7684089313585756
2467 -1.110733783203578 -1.186495194413677 -0.7285339726640769
2468 0.8376791806556727 0.1883594461223841 1.490592282563838
2469 0.5436869074440625 0.19273826292488 1.63010075785055
2470 0.7890060614489738 -0.5911361455735706 -0.7340266575585217
2471 -0.6605002674428856 1.120967271769679 -1.109903009982105
2472 -0.4114369696297541 0.8703336667485632 -1.069841237669198
2473 -0.3797454972924391 1.229966170334415 -1.148392603931731
2474 -0.4088128814952673 1.336366423255785 -0.9433452039654523
2475 -0.1597495836821358 1.085732818234669 -0.9032834316525454
2476 -0.4405043538325822 0.9767339196699334 -0.8647938377029196
2477 -1.489059632465032 0.7938423691039238 -0.4213921794482811
2478 -1.608505734413199 0.6231861820777735 -0.2761913710164387
2479 -1.591406965051144 -0.6304976249375513 0.1761121912051944
2480 -1.682497536185243 -0.376881298300444 0.01076033796147657
2481 -0.6504303588024978 -0.9304404169105405 1.328554059120815
2482 -1.498684240787553 -0.833229427921468 0.124346726034532
2483 -1.380265457267441 -1.023382225134188 -0.1400985457215249
2484 -1.294883911756138 -0.8527935958300481 0.7497484782255237
2485 -1.104154931280985 -0.7511771298287784 0.5571761847015753
2486 -1.470861807194624 -0.7465482362155926 0.528352593162807
2487 -1.43930208813094 -0.5722671713234102 0.7454174299211034
2488 1.046500242413132 -0.5205580002932652 -0.2988661423514741
2489 0.9206712876835053 -0.7134826599456083 -0.4390548269709419
2490 -0.9891684218501843 0.2745763203044899 -1.060452154876348
2491 -0.9777421449295454 0.3778351084913079 -1.387661031958595
2492 -0.7406252748969413 0.4968545119307705 -1.134309393832493
2493 0.5823546348894104 1.014455677385876 -1.274373225034291
2494 0.3942960968636101 0.9159081942005635 -1.430146315273043
2495 -1.620149043945836 -0.6030255819548638 -0.1074240131187353
2496 -1.308874905614162 -0.6174597272316353 0.05224409531492875
2497 -1.399965476748261 -0.3638434005945279 -0.1131077579287891
2498 -0.8182845688723608 -0.05714421364023074 -0.9018847358135249
2499 -0.9468980497144719 0.2490365219083444 -0.7848880152720787
2500 0.6514160664682511 0.2653829177659421 0.9894242318597377
2501 0.6504499516062874 0.5467608570326146 0.8895608718767314
2502 0.3720834343498986 0.5757552206093906 1.036059937565816
2503 0.2318827696967487 1.528896213624486 0.7777625026847077
2504 0.4289754908358115 1.397511176447114 0.9177860704691364
2505 0.1533460963106799 1.383058388730415 1.004178881539944
2506 0.2425204945587255 1.072215723820493 0.9390802333381567
2507 1.314215476468813 -0.4185246248946728 1.049414494946301
2508 -0.1178570555831694 1.663715145032499 0.4672177402542676
2509 1.297532228650774 -1.114643052676746 0.2262260407846872
2510 -0.5304651514220049 -1.483105396553207 0.7322675907225844
2511 -0.3410630353466974 -1.598790419114182 0.6539209356126483
2512 0.5465536619680321 1.528663659779486 -0.5333389429989155
2513 -0.5192478778248143 -0.7110653988140165 -1.502562519144187
2514 -1.3498535008653 0.6771258773366723 -0.8187354706073288
2515 -1.067873129030401 1.17902960773381 0.6776597640507569
2516 -1.244085055285895 0.9985327773713784 0.5698070092712888
2517 1.395932002300009 0.7759527864594525 -0.6743052474169016
2518 1.538956295496426 0.6577664647251509 -0.4761273537179852
2519 0.3124094329297241 -1.65624321758481 0.3918039236704738
2520 0.3005573225543174 -1.411135893060315 0.2571440241538547
2521 0.09703635850881978 -1.718664167689848 0.2283068037914168
2522 -0.0115742232804528 -1.705807521028543 0.4367122560849563
2523 0.1919467407650448 -1.39827924639901 0.4655494764473942
2524 -1.527426319682246 -0.8057573849387802 -0.1591894782893978
2525 -0.7825081295395309 -0.0821924235728017 1.557321488278403
2526 0.812733467161831 1.51651946374365 0.1601016418658096
2527 0.6047401603248751 1.637700340403506 0.223657416790333
2528 0.04593137670540878 1.172863424047607 0.3262550274643689
2529 0.4368954391725016 -1.584312576259847 0.5844404408409357
2530 0.1129117829623247 -1.633876879703581 0.6293487732554182
2531 -0.05062481801654155 0.7959009391000027 1.224944908695277
2532 -0.2651621631647349 1.105586507973058 1.290943115517711
2533 -0.7847739621036498 -1.131292772326497 -1.061820848926075
2534 -0.9463227416842621 -1.199017782652842 -0.9028843448797739
2535 1.207507402291779 -1.221814405067496 -0.1143447721860038
2536 -1.23637075594552 -1.211931996485106 -0.1080329980756437
2537 -1.196780308948775 -1.219352460269725 0.1421339731259792
2538 1.629144912693347 -0.3807552763114463 -0.437300906428876
2539 1.697138031661003 -0.1566099508371804 -0.2247734127171426
2540 -1.725016480674834 -0.1511389487258006 0.07650962955131133
2541 -0.9002007699583586 0.9667572125887722 0.6116296857974747
2542 -1.193333238674237 0.9658680542209749 0.8055482856767453
2543 -1.076412696213853 0.7862603822263404 0.5037769310180066
2544 -1.085721840661216 1.333646803134763 -0.2095027188682774
2545 -0.9511842626230411 1.362905339436344 -0.4512779776676131
2546 -0.2005126824062639 -0.6369917123237729 1.585102388188874
2547 1.658127595296646 0.452506998789745 0.1552734880456784
2548 1.669264030653572 0.4548838142580754 -0.1476038392311094
2549 -1.272632885118149 1.084531517922684 -0.387583087347748
2550 -1.255426638511701 1.172569460013178 -0.2247437241635216
2551 -1.372268589346108 0.980286202303091 -0.3833367872689086
2552 -0.4326175916606547 1.23658641721933 1.122376998237619
2553 -1.452765005695759 0.734064999176737 -0.612925835750995
2554 -1.374147221175601 -0.7462400501240609 -0.7571618786355061
2555 -0.5385480759082915 0.8427794218777344 0.7161563332218204
2556 -0.4582997178280956 0.9499388118624424 0.5833007607819118
2557 0.2649334031058942 -0.1195773892679321 1.164509122849567
2558 -0.681972177482152 1.304047005398808 -0.9014984374988515
2559 -0.8579250335698814 -0.6457279716554813 0.6079102311017264
2560 -1.002343209944683 -0.3652015471488435 0.603579182797306
2561 -0.6503857159210205 0.9328088401912884 0.4934200932957949
2562 -0.2060011491670631 1.662298434062025 -0.4224966719872361
2563 -1.428456713737153 0.5502488679329943 -0.8306553649720527
2564 -1.387275125520393 -0.4385902055867085 0.9409985484283021
2565 -1.095504726755794 -1.283897963236964 0.3541157603395755
2566 -1.008755784974604 1.2523765288889 -0.64589711410148
2567 -1.012218456239516 -1.367925082677159 0.1493150187167908
2568 1.691283677770172 0.2322918348113555 0.2435313821132264
2569 1.613108420408943 0.2302561870596357 0.5535898658524776
2570 0.1424762307898182 1.01405243022413 -0.7168533617060311
2571 0.1797034353524062 0.9088996814953783 -0.8141568392042269
2572 -0.05215211568222556 0.8834156904241953 -0.8620411286908276
2573 -0.01492491111963753 0.7782629416954431 -0.9593446061890233
2574 -0.09554755376953183 -0.1696926240651846 1.707256226334209
2575 -0.03407036803333841 0.2670194710481059 1.712208386490795
2576 0.1623762076523316 0.07087531358433005 1.713721157574353
2577 0.1283058396189931 0.3378947846324359 1.425929544065147
2578 -1.143293363012779 1.22311799258732 -0.4041218553021442
2579 -1.338695200235128 0.635635614249065 0.8707086008460161
2580 1.42204236507772 0.2659883968798391 0.171343089931892
2581 1.629762144782548 0.4530339722039389 0.3946542990192593
2582 1.187973256681826 1.175156281448267 0.4667208222614976
2583 1.297618376131685 1.081983016273287 0.2082538759918693
2584 -1.531620211747366 -0.7490135612398686 0.3201691850356214
2585 -1.560362290642058 -0.7215415182571809 0.03663298071169173
2586 -0.7467884378779697 0.206834457281568 -0.9617030043411439
2587 1.178184894036118 -1.153804012278625 -0.4776581005805232
2588 -1.472311514405628 -0.737663720113907 -0.5136740340671274
2589 1.178692645663705 0.2457420826045415 -0.2536390062977867
2590 0.05687093939688622 -1.711012952390824 -0.1782614083348144
2591 0.3576085449947741 -1.160216704024482 0.1469801453850764
2592 0.3335606645637309 -1.226864535275967 -0.164999349500055
2593 0.7810777364980308 -1.213617688846393 0.9625906729322069
2594 0.2615792281328911 -1.517396800901443 0.7697936605755237
2595 -1.387339417689896 0.8258671942614351 0.5187662044581953
2596 0.1422354705738698 -1.222637654129521 -0.01651697449398057
2597 0.2765094421232743 -1.4777837243118 -0.05483547073127679
2598 0.5488264885280079 -1.616976197954088 0.3742402061423062
2599 0.5247786080969647 -1.683624029205573 0.06226071125717481
2600 0.8466896392045657 0.06649649678183409 0.88670171145768
2601 1.053927850012067 0.02058748199190783 0.6326575994222199
2602 -0.7898295000647768 1.394702183919715 -0.6694986885180811
2603 1.466111278077412 -0.9301117742091605 -0.1503886267159701
2604 1.527061170450958 -0.7097132788255782 -0.3193282116400049
2605 -1.067476117285032 -1.314322456120579 -0.5299595552920412
2606 -0.7227704849300824 -1.207371859966216 -0.5285187123362245
2607 0.6807426513402403 0.7775955676137176 -0.6246344732632125
2608 1.571865161493796 -0.4367266692468941 0.5848647203093349
2609 1.57283609197969 -0.60584821606033 0.4521690488124844
2610 1.438889657779078 -0.4180626948820377 0.8575060370881542
2611 1.439860588264973 -0.5871842416954738 0.7248103655913036
2612 0.203923729636438 0.1251875744032886 -1.166254821975198
2613 0.00623550385053126 0.131179723564596 -1.410573136302528
2614 -0.1091452303845712 0.365644284000584 -1.173194237080692
2615 0.1841950327962399 0.5315692919040884 -1.109082852866939
2616 -0.01349319298966684 0.5375614410653957 -1.353401167194269
2617 -1.146353201142005 -0.4131289346908908 -0.02623044670696657
2618 -0.7651150279214696 -1.331078859649544 -0.8656578189600321
2619 -1.134347864081535 -1.056026768901273 0.7858054442532253
2620 -1.31032575952002 -0.949781409286818 0.5644095591905085
2621 -1.152316529003163 -1.147354670284156 0.5501312586360746
2622 -0.9461457007641272 -0.9487503908261168 0.5428978841471412
2623 0.7930042957580015 -0.9096967333268069 -0.244759651566137
2624 1.003279506658564 1.011284752053321 0.983974077751577
2625 0.7144773105439066 0.8912086918171032 0.9006930334383089
2626 0.8069520851985144 1.206744571773411 0.9359684665806169
2627 1.015605978444059 1.17462949713098 0.775259765510223
2628 -1.576274846050337 -0.2870926571692954 -0.6529718552189289
2629 -1.650613834121669 -0.2187373952303175 -0.4352877865587257
2630 -1.570334260629353 -0.5204822402806029 -0.4849782508440318
2631 -1.644673248700686 -0.4521269783416249 -0.2672941821838287
2632 -1.343557569929838 -0.3565981011376402 -0.3992857133838981
2633 -1.707021740940093 -0.2259826946872052 -0.1491098311036168
2634 -0.9469586218450222 -1.205957861213371 0.7926768626023177
2635 0.3574237932566409 0.269761734568438 1.128932707146449
2636 1.157834694875551 -0.4223440154843712 0.144689970906146
2637 1.138489953387672 -0.3859510602985942 -0.2086511778743948
2638 1.206483072355328 -0.1618057348243283 0.00387631583733853
2639 0.730779659173073 0.6603158081596738 0.7510219364157029
2640 0.7431061309585683 0.8236605532373327 0.542307624174349
2641 -0.8708431459984254 1.048938574766705 -1.042983997342578
2642 -0.8923150560376918 1.232018308395833 -0.8345794248593241
2643 -1.351292213068287 0.9831971915935396 0.3583871396154619
2644 -1.209487755914758 -0.1851624571940245 -0.08504584983384744
2645 -1.190064569637544 0.01882268615301944 -0.1755555152772576
2646 -1.153079849096335 -0.1779171577371368 -0.3712238052889564
2647 1.28694614911101 0.1110824168590048 -1.112014392773804
2648 1.347182359159608 0.3086097320408652 -1.025681828871863
2649 1.119308505152334 0.234929713667018 -1.295697371651952
2650 1.179544715200932 0.4324570288488784 -1.209364807750011
2651 1.085469906411815 0.3460121305260231 -0.9058703447536345
2652 0.1961036260536588 -1.066244180156757 0.5588556707078018
2653 0.3714198370932693 -1.133159955515161 0.3735024509732139
2654 0.04743618088309241 -1.182724258958895 0.4184107833876963
2655 0.298429359320845 1.000088743736343 -0.6867432904384194
2656 -0.3502083161088676 1.165485463485286 0.2722476922572864
2657 -0.3358968279910375 1.154452333656074 -0.02145805032067458
2658 0.7211623664399102 -1.090475716327735 -1.130190043619432
2659 -0.7099066240579577 -0.9788570646479264 -0.3781166763354554
2660 -1.233137291489289 0.2341035498084573 -0.04261927959549097
2661 0.1936023837631118 -1.691677369589113 -0.2647894807384883
2662 0.2038600268422596 -1.723114909192955 0.01316343515888132
2663 0.3951852208321208 -1.727341790339401 -0.1353189398471931
2664 0.2662517990441265 -1.446346184707958 -0.3327883866286464
2665 0.1475321190853293 -1.472827549214658 0.8925616105705823
2666 -0.001135326085237101 -1.589307628016796 0.7521167232504768
2667 -0.9133949838895374 -0.423882644953777 -1.409482265636439
2668 -1.71891454758169 0.3201320804749448 0.04956956510233093
2669 0.4411450910303723 -0.9538906509796914 0.5983682508136819
2670 0.7643371854628596 0.9376796507248497 -0.1097319270701805
2671 -1.524831266757836 -0.4962867046577683 0.6002990730416413
2672 -0.6961813043410564 -0.555423743952006 -1.492723127432032
2673 -0.6446033433153882 -0.7406880506769771 1.448725675468283
2674 -0.6907400001273649 -0.4775013423593776 1.506525608603065
2675 1.542338281612345 -0.1782240363385711 0.7541095489797787
2676 1.413085431941655 0.9646498669396966 0.0601817583571753
2677 0.411895988808928 -0.9707065012597453 -1.33867632504177
2678 0.5420729770652404 -1.087786420378889 -1.224747890941781
2679 -0.9100810301896776 -1.434906713883857 0.2693643820153577
2680 1.077540061014126 -0.6063495556821764 -0.03971159295036005
2681 -1.047454892542547 -0.6107984680694245 0.1978726218893775
2682 -1.076196971437239 -0.5833264250867368 -0.08566358243455219
2683 -1.472169967399326 -0.5290585702907566 -0.7284660954124105
2684 0.2062704766367391 -0.9444172537633539 0.7437617130600038
2685 -0.7514908615241662 -1.43383216565573 -0.6078525659181768
2686 -0.935506259315696 -1.333912128383099 -0.7178517343387136
2687 0.156046762672365 -1.1955809056202 0.2100053310941568
2688 0.9504792261788011 -0.2192511765515588 0.7360540875305954
2689 0.7207010982272066 -0.1726793797091881 0.947526378621168
2690 -1.334158825263604 0.2806502617619746 1.082056997045509
2691 0.1548510880962421 -0.8216778267862643 -1.525791221910495
2692 -0.09554755376953186 -0.1696926240651846 1.207256226334209
2693 -0.03407036803333845 0.2670194710481059 1.212208386490795
2694 0.1623762076523316 0.07087531358433005 1.213721157574353
2695 -0.9338150345516166 0.4270989675840077 -0.6923274365743044
2696 -0.9581233265102227 0.6109150988277503 -0.4745979073532467
2697 -0.6852718875983737 0.6493771592102883 -0.766184675530449
2698 1.474113219279698 0.5231067989796141 -0.6955767127979032
2699 1.174926333390802 0.4750108211978483 -0.7009159004944852
2700 1.131821026138344 1.274311891102996 0.2271165571397434
2701 0.7529317749973237 0.9633651180645948 0.120235194370634
2702 0.8090840055408053 0.8642095084098651 0.3598394594923882
2703 -0.5879847784155394 -0.5300300132828933 1.536487560103407
2704 -0.6341214352275162 -0.266843304965294 1.594287493238189
2705 0.07794563778306904 -0.6542631384496167 -1.040956558873594
2706 0.3349905384957549 -0.8032918129230977 -0.8538416620048701
2707 0.1596522319357703 -0.05463849301634972 -1.201816860598517
2708 -0.153416728085239 0.1858182165809457 -1.208756275704011
2709 -0.7781613125367743 -0.937749835621015 -0.1554128578937023
2710 0.1149027150907502 -1.541135260056368 -0.7739279938713467
2711 0.1294166954580661 -1.624252806429741 -0.6134590581356028
2712 0.3427957457300578 -1.571097236172241 -0.7044657503719647
2713 0.2780480122471093 -1.35752619370017 -0.5532656197563035
2714 0.3282817653627419 -1.487979689798868 -0.8649346861077085
2715 1.71964912828427 0.2317648613971616 0.004150571139645523
2716 -0.03625478313824602 0.3927338745359891 -1.68007444661881
2717 0.2768141768827632 0.1522771649386937 -1.673135031513315
2718 0.2570854800425651 0.5586588824394935 -1.615963062405056
2719 -0.3704141864925997 -0.357447824184193 1.650228293281981
2720 -0.2657964697619049 1.14587810870688 -1.281629287064242
2721 -0.5465512399123513 1.036879210142144 -1.243139693114616
2722 0.6390488502914945 1.324625978105288 0.9215235527645573
2723 0.8477027435370394 1.292510903462857 0.7608148516941634
2724 -0.4270327513924483 -0.5681058615782766 1.562466408646857
2725 -0.512602495570891 0.5477808268317874 0.9649227969774932
2726 -0.1657113026398233 0.5579905971872712 1.096924474131066
2727 -0.4071736247510172 0.7909010908764151 0.8493229096520402
2728 -1.086851943373721 -0.4511951198474971 -1.281671334419059
2729 -1.191470606396889 -0.6069737488991827 -1.081989930046851
2730 0.5274901749490774 0.9700942194134445 -0.521159343422077
2731 0.2965834978080306 1.088913484351724 -0.4241552962664762
2732 1.07872050448526 0.8845064764160384 1.043120411134505
2733 1.091046976270755 1.047851221493697 0.8344060988931512
2734 0.01876875898977827 0.1350959925437788 -1.721318170914798
2735 -0.09839318595721464 -0.07181966541126455 -1.75
2736 0.1596522319357703 -0.05463849301634972 -1.701816860598517
2737 0.06125904597855555 -0.1264581584276143 -1.451816860598517
2738 0.3334534141071036 -1.679397148059127 0.2107430862632493
2739 0.4971241857098274 0.8300764289495213 -0.7666374428653095
2740 0.2481961333867474 -1.71523983353727 -0.3267437833408888
2741 -0.04726959984755709 1.095568798856646 -1.349499032447212
2742 0.1579950349876689 0.9576457406844464 -1.439978508128058
2743 1.515971890749372 0.7899692181247223 0.2142466979824855
2744 0.720916634180194 1.585762539204087 0.03765539240433286
2745 1.041217647235139 0.7486199289436982 1.178780657636832
2746 1.042183762097103 0.4672419896770257 1.278644017619838
2747 1.044157429620841 0.5730469425484962 -0.2774069958695322
2748 0.5681747840926131 -0.172679379709188 1.606352752432585
2749 0.400171051858362 0.07087531358433 1.685036560555809
2750 0.3645284190310839 0.8654814676180532 0.7939042348787935
2751 0.1674356978920211 0.996866504795425 0.6538806670943649
2752 -0.9290361090224346 -0.800951265282144 -0.06657264986667928
2753 0.5541311776611672 -1.017282965932099 0.4217155058094206
2754 1.020274984400064 0.4353596528098519 -1.347711327563322
2755 0.08947603095649891 -1.142306791258678 -0.4673404656087137
2756 0.06781112321583942 -1.009250068086098 -0.6959164848449385
2757 -0.8240431912792061 0.6835135431139168 1.368624428405281
2758 -1.005079814573047 1.110494121037216 0.8381396166249784
2759 -0.879619704929211 1.323655674550051 0.7102510949989899
2760 -0.7677820649164822 1.233626256236497 0.9329873349250154
2761 -0.7883631299456297 0.8767277942752182 0.8343659257235001
2762 -1.300540396456629 0.9505324684431361 0.5941284160209184
2763 -0.2739072675651917 -0.4999735776732226 1.634133944363127
2764 -0.1384332363903218 -1.135204742328979 0.5301878478222988
2765 0.131977827494722 -1.191200114525679 -0.2944698903913502
2766 -0.1505898956507495 -1.212151338542355 0.322158457643433
2767 -1.5733529763664 -0.6738789351736876 -0.3112102703715496
2768 0.5466903889246314 -0.172679379709188 1.085825314726332
2769 0.3783982617413887 0.7388873667085566 -0.894050991631117
2770 0.0888990245059523 0.8510286799013537 0.8802970459496013
2771 -0.873086900026906 -1.43862142982412 -0.5212908745816659
2772 -1.045124484758728 0.6006428401235486 -0.263876800580076
2773 -1.164570586706896 0.4299866530973984 -0.1186759921482335
2774 -0.9897594323695346 0.667900069102545 0.09423008040878308
2775 -0.03316447757734718 1.117871151198086 1.320706360831317
2776 -0.05068039562748258 0.8560091541942954 1.520178225117629
2777 0.04895543799037473 1.390619557315135 -1.041559055939742
2778 -0.1747402926844972 1.366383070436569 -0.9816994229582594
2779 -0.145672908481669 1.259982817515199 -1.186746822924538
2780 0.5344522377130234 0.8557756278797635 0.7030163252447428
2781 0.4541225301462378 0.7422206767527043 0.8415552607057712
2782 1.142015355721794 0.4350119439553336 0.1538895064106058
2783 1.039128896914078 0.6096925927703079 -0.0001754332147043845
2784 0.9895954106062445 0.5993413154230444 0.2244362195661005
2785 1.115115950897357 -0.1154767195261321 -1.323026049116217
2786 -1.206645060502672 0.4618156833359519 1.139686774457088
2787 -1.306829252343899 0.5312356481340634 0.9998255991936004
2788 -0.9833997651929869 0.5955623988633009 1.302920220742625
2789 -1.083583957034214 0.6649823636614125 1.163059045479137
2790 -0.3002038635620989 -0.657463476796617 -1.566380747539926
2791 -0.03562785617737357 -0.7056955151624189 -1.591915930913927
2792 -0.1497851930665625 -0.4499505001267106 -1.674324582299245
2793 -0.08262903502524041 -0.3993843458582374 -1.417591348614682
2794 -0.6983549027612289 0.471314713534625 -0.8587452542282233
2795 0.9187291249906642 0.7710362432348851 0.1013725132227599
2796 0.1903397237155884 0.6403398835232437 -1.049824081869869
2797 0.7925453532201121 -0.1726793797091881 1.521831085738349
2798 0.9185338941974713 0.06649649678183407 1.461006418574861
2799 0.624541620985861 0.07087531358432994 1.600514893861573
2800 1.4064791596229 0.5754802791535403 -0.807688507073697
2801 1.484660376602589 0.3226342916737019 -0.8289599724546988
2802 1.348602312707523 -0.6217868551452906 0.8886679504086399
2803 0.9963649249712794 1.412438333820323 0.1473431366281501
2804 1.052517155514761 1.313282724165593 0.3869474017499043
2805 1.180648227869095 -0.2379151509164152 0.2619618425961936
2806 1.151121347987644 0.02058748199190781 0.4312066712666373
2807 1.089447705194471 -0.1713758384040774 0.4985207915005551
2808 -0.9641384038238779 -0.3929567050741595 -0.6543835536336871
2809 -0.7186143204593323 0.9266338071585444 1.253024541079828
2810 -0.2546718704400889 -0.7592974371798185 -1.528097702518188
2811 1.229296605348873 0.02262312974362771 0.1211481875273861
2812 -0.3837725313138148 1.141621955036881 -0.2155105805630952
2813 -0.5982105109357073 1.000925586227042 -0.3826298408488101
2814 1.016082430145087 0.08495321961670187 -1.375040005027588
2815 0.984985701603631 0.5253364310445456 -0.5223500563294172
2816 1.128009994800048 0.4071501093102439 -0.3241721626305009
2817 0.6726789299019906 0.06649649678183413 1.025000647562844
2818 -0.7248054301038551 0.9582834321686577 -1.238820876469792
2819 0.6283236907329106 0.6550970727243041 -0.8321636094317049
2820 0.8487141758170949 0.5687347693933844 -0.6831140257369408
2821 1.551085607040742 -0.5754204466529658 -0.503333447092371
2822 -1.124024400756782 0.4534963483377428 0.1308785735178388
2823 -0.7067437976376401 0.8324568928394167 -0.5577801030471954
2824 -0.2423170719876945 1.003671102668894 -1.393497620750364
2825 -0.523071842138141 0.8946722041041588 -1.355008026800738
2826 -0.3303927003332797 0.6998230365931908 -1.548088480644963
2827 -0.4995125979753393 0.5664856006728594 -1.224432097563797
2828 -0.2187578278248928 0.6754844992375951 -1.262921691513423
2829 -0.3399920117260571 -1.09646631598138 0.4005051127533692
2830 1.549503452819317 0.4572939574192386 -0.6095106133747807
2831 -1.215452835870905 0.7849704925067589 0.9526114398536467
2832 -0.8937920007655034 0.6336075302305906 0.9499658130489532
2833 -0.4708160681977891 -0.4943915800252544 -1.593089173699287
2834 -0.3203973977022527 -0.286878603355348 -1.701033008458606
2835 -1.084579528266385 0.9206263867696369 0.9840501423721
2836 -0.8472817786098203 1.043758521968918 1.078897860672137
2837 -0.9341841388616234 0.5909583451098194 0.5328429283480536
2838 -1.119200923860529 0.4092193474954207 0.3337501450516528
2839 -1.025560555334617 0.337223500737124 0.5800570876880072
2840 0.09323780735009074 -1.408078536883787 -1.002504013107572
2841 0.2563831045064498 -1.224469470527589 -0.7818416389925282
2842 -0.7991051961487664 0.2841174070435848 -1.51758732525933
2843 -0.6000419766682272 0.1755093377982481 -1.595488452850444
2844 -1.147139263675351 -0.4113067408484442 -0.2032302009140593
2845 -0.2518099140424537 0.1139985511696811 -1.458756275704011
2846 -0.1481953845896879 0.8198525941910622 0.8974526098447538
2847 0.3453568777667137 -1.138044544268179 -0.3854765826277121
2848 0.3028550812284906 -1.089151221001178 -0.5583471578450756
2849 0.07285106009799405 -0.8989826168088983 -0.833070693255108
2850 0.1231539961493834 1.088317945921195 -0.584831038475486
2851 0.121308134636569 1.177142686536576 -0.3222430443035428
2852 -0.1534167280852389 0.1858182165809457 -1.708756275704011
2853 -0.8265976421765149 0.7523120098288566 0.3855673385163269
2854 -0.8917833507247126 0.7758207896850249 0.2238269798306041
2855 -0.3039057576186008 -0.0124974554518732 -1.726854880877737
2856 -0.8894456620256894 -0.8083717290667629 0.1835943213349436
2857 1.039391317110096 0.7935320616126337 -1.137239298142547
2858 0.786898204347942 0.6852204213367811 -1.033648463067397
2859 1.007288689432126 0.5988581180058614 -0.8845988793726327
2860 0.5162166612571809 -0.8535038633183638 -0.7011372870610352
2861 0.7913674849479101 -0.7713573637808911 -0.5632669271333491
2862 1.284245679537301 0.7677336298286167 -0.8833588668901877
2863 -0.8904969253181847 -0.8016860108590915 -0.270883194249071
2864 -0.09839318595721466 -0.07181966541126455 -1.25
2865 0.5199362299170488 -1.076520161311024 -0.2116513430448462
2866 0.4796308493161182 -1.393190614450458 -0.4237950788650083
2867 -1.110913529953919 0.4143969772893236 1.245290443331046
2868 -1.033902929008367 -0.539482612041026 0.3865143460390096
2869 -0.5590115763455057 -1.065025041609944 0.2299186814765407
2870 -0.5177986638666183 -1.002213897218948 0.4946337700766378
2871 0.6637004930224063 -0.9675714371620897 -0.3689717517285442
2872 1.362426896516989 0.5148876423487783 -0.9046303322711895
2873 1.194789252558314 0.6387349391567915 -1.088313311149337
2874 0.2713968556055155 -1.327327100847446 -1.061312863193341
2875 0.5335363340032763 -1.231636296961645 -1.082083831943103
2876 0.7702979622115058 0.9787350068969172 -1.213511902869355
2877 0.5822394241857056 0.8801875237116042 -1.369284993108107
2878 -0.7182091563167636 -0.1821717302006468 -0.9891888904346978
2879 0.9005983925605751 0.9590913364620699 1.128730250041128
2880 0.7042709711005255 1.15455115618216 1.080724638870167
2881 0.4361107932875179 0.9202030553938791 1.047192099127393
2882 0.6222318753041862 0.9880857000388459 1.275229315730212
2883 -1.048974970445324 -0.4198830708585981 -0.446718045482438
2884 -0.7888598420921915 0.513328488055815 -1.447356834825332
2885 -0.7404263069754506 0.7778087443088719 -1.344399084712411
2886 -0.7264666079899944 -0.8226883895801675 0.5503442454179093
2887 -0.5579925192271643 0.3537484957856738 -1.607710028990635
2888 -0.3589292997466251 0.245140426540337 -1.685611156581748
2889 -0.5479461330920801 0.3020053444198024 -1.327389847676718
2890 0.6040881077977248 1.069655619570319 -0.01869556119982636
2891 0.3960948009607689 1.190836496230175 0.04486021372469706
2892 -0.03705243715246853 0.8657480444966952 -1.48397709643121
2893 1.153151791078719 0.437388759423664 -0.148987820866182
2894 -0.7385708655400292 -0.9451702994056339 0.09475411330792058
2895 0.4891211408720713 -1.029095820119245 -0.5427969913114101
2896 -0.5477471651705894 0.582959576797904 -1.537479538556636
2897 0.52231705986221 1.280743090850099 1.048382133311472
2898 0.4548786548912067 1.160762931197221 1.188211637858452
2899 0.1792492603660751 1.146310143480521 1.27460444892926
2900 0.2466876653370784 1.2662903031334 1.13477494438228
2901 1.203536888709418 0.2142698065627502 0.00276658950457295
2902 0.6901038536208481 -0.3971389169930856 1.540695464862238
2903 -1.037657787732989 -0.5840611706636843 -0.2899741268169439
2904 -1.130730397644262 0.2227776588646721 -1.286949782411531
2905 0.5508595629143554 1.04958932692311 -0.2881200079496258
2906 0.3199528857733087 1.16840859186139 -0.1911159607940249
2907 -0.952710649429694 0.8006382579242906 1.19449774799759
2908 0.8580492338832909 -1.446875396215545 -0.4226577103571536
2909 0.6834698817329559 -1.5083997791727 -0.5964829499400195
2910 0.5064408136181666 -1.407228253762526 -0.9237435361934778
2911 -0.08121949988505368 0.9898159433455656 -0.6569937287245489
2912 1.167775072361249 0.2433652671362111 0.272271104433419
2913 0.3299506016136002 -0.9135592642002972 -0.7166874535947007
2914 -0.1124182117970386 -1.650412483848237 0.6286750573017688
2915 0.3290123933132114 0.8345858343129677 1.496861085423384
2916 0.2256438821356227 0.6869812744991732 1.570304817756319
2917 0.01453766535669487 0.5771319459219963 1.661664816253395
2918 0.1429654807122508 0.6438882706733886 1.333056774484513
2919 0.1179061765342836 0.724736505735791 1.58822108392046
2920 0.3786866566903804 0.07087531358433 1.164509122849556
2921 -0.6439769467281652 0.5996591578331067 0.8317562205472735
2922 -0.7758458255648564 0.7196472866784531 0.6213086149217834
2923 0.1452165999009721 -1.013577904681285 1.396721331036226
2924 0.06142529319867829 1.279833905921613 1.168472441390565
2925 0.09663832802651579 -0.658819538640056 -1.607660275025273
2926 0.2405264090303117 -0.3858933512094329 -1.641885787009107
2927 0.002947035546849532 0.4381934767332781 1.696753546252334
2928 0.1993936112325196 0.2420493192695023 1.698266317335891
2929 0.2696950678325226 -1.647534298070306 -0.4676279172147422
2930 0.4830741181045143 -1.594378727812806 -0.558634609451104
2931 0.8492706100106411 0.234929713667018 -0.8572240668190626
2932 0.508936606413718 -1.518407777055724 -0.7468387027939662
2933 0.399153889029341 0.5962605933369631 1.57086460734604
2934 -0.5107768903913057 0.5427853676650434 -0.9590694628706424
2935 -0.2300221202408593 0.6517842662297791 -0.9975590568202681
2936 -0.3180977485864445 0.3479362001540753 -1.152149916714867
2937 -0.8758936984915091 -0.7370558730383643 0.3722360454845757
2938 -0.9849359554732817 0.6236230682602228 0.2971016519425971
2939 -0.7444352729116221 -0.9140162909630505 0.3146700598007586
2940 0.5207731202077683 0.5948588775362599 -0.926971854235733
2941 0.4712779049015315 -1.683198718820594 -0.338157376323447
2942 -0.1005417345254885 1.06408145904263 -0.5249714054940039
2943 -0.296037663703518 0.1512588837317034 -1.186736318421677
2944 -0.4829123080171943 0.7436021343577908 -0.8312065324216276
2945 -0.2021575378667479 0.8526010329225265 -0.8696961263712533
2946 -0.231224922069576 0.9590012858438968 -0.6646487264049747
2947 -0.8412813756758153 0.8031983565378367 -0.3160048442478597
2948 -0.8588739770000571 0.5218938483917087 0.7002148733324588
2949 1.03449685956878 0.613336462699083 -1.269700904373714
2950 -0.9282825339243207 0.792926097833635 -0.1052837374746889
2951 1.063166918583319 0.2724904435647072 -0.5436215217104189
2952 0.9268953927967833 0.315888781913546 -0.7043854911179426
2953 -0.1471439907111833 0.5433471115672573 1.666596877064538
2954 1.175703716246173 1.091359646646031 0.668386312653084
2955 0.8334610312510624 0.644098708131729 -1.376820441814504
2956 0.5144684351200649 0.7609122189491609 -1.476688671488871
2957 -0.5043842180564607 0.9266818679869192 -0.6228019599383738
2958 0.3728395590948675 0.9942974750539069 1.382716314718496
2959 0.1604813987623863 0.9057502676771796 1.133584910198201
2960 0.2510829469696274 0.7918864226569133 -1.535665402059083
2961 -0.02106960203898606 0.6694923500762878 -1.018603377186093
2962 0.02014248520828307 -0.5156174596578909 -1.649740513670589
2963 0.164030566212079 -0.2426912722272677 -1.683966025654423
2964 -0.3250512149488226 1.033245004084019 -0.4244766073154109
2965 0.3844942479360833 0.2902671072960105 1.663737376926673
2966 -0.4084893496074701 0.5153947523591396 -1.617776223127731
2967 -0.6606117202583335 1.159233514617017 1.110387721142853
2968 0.7025269731458652 0.8594597021344739 -1.320915581250119
2969 0.901232020316703 0.7633740128941723 -1.26941676343374
2970 0.3974357697400741 -0.05463849301634977 -1.673135031513315
2971 -0.5592104255080466 0.2783051114119864 -1.062027212983563
2972 -0.1592630508904808 1.172458409995492 -0.3160053787416883
2973 0.671673668529973 -1.597219770180489 -0.3760057168123624
2974 -0.02881983622782965 0.7006711760766753 1.613273661951776
2975 0.2824893232347447 0.6990160114747395 0.9884089117388379
2976 -0.04897250103392838 -0.2099006624186327 -1.228007567060569
2977 -0.1779103138686491 -0.2614299388650451 -1.205768549342206
2978 0.2109842410423649 0.3809877884582206 1.663177587336953
2979 0.7592577488381078 0.4397360787215592 -0.8880684699960901
2980 -0.09401485168090591 -0.2598724446221826 -1.732149165055907
2981 0.1604258211514452 0.9658584827714722 1.428818226620553
2982 -0.1099518082173329 -0.4048606505667263 1.679104216899181
2983 -0.5010725168225927 -0.506836343616188 1.026635172999759
2984 -0.2835019248996529 -0.3342541545174876 1.140375906178333
2985 1.425256652311115 -0.7683451063053088 -0.6435221317118389
2986 0.06831562274884807 0.690775521571249 -1.582690417262537
2987 -0.2250246404319631 0.5248505136677447 -1.646801801476291
2988 -0.02488095101667034 0.4611466533489514 1.172892868220783
2989 -0.007365032966534934 0.7230086503527424 0.9734210039344707
2990 -0.5472091736345694 -0.2436496352985887 1.084435106134541
2991 0.1862252657622575 0.5709959819261282 1.081532869723707
2992 0.1715656246689997 0.2650024958851756 1.174405639304341
2993 -1.089601245444161 -0.01032837905504226 -1.326354536157361
2994 1.401232215721331 -0.9026379384779214 -0.4595168962594728
2995 -1.047691422783178 -0.7712229951071513 -1.103262102724556
2996 0.7386624780561422 1.415489926249177 0.595618921921784
2997 -0.2220247391634595 0.1024579405958029 1.145328066334919
$EndNodes
$Elements
2522
1 9 2 1 1 10 49 1 118 119 17
2 9 2 1 1 1 95 10 120 121 17
3 9 2 1 1 1 49 43 119 122 123
4 9 2 1 1 43 103 1 124 125 123
5 9 2 1 1 1 103 95 125 126 120
6 9 2 1 1 5 111 2 127 128 11
7 9 2 1 1 2 116 5 129 130 11
8 9 2 1 1 2 111 88 128 131 132
9 9 2 1 1 88 115 2 133 134 132
10 9 2 1 1 115 116 2 135 129 134
11 9 2 1 1 6 44 5 136 137 12
12 9 2 1 1 5 46 6 138 139 12
13 9 2 1 1 44 111 5 140 127 137
14 9 2 1 1 5 116 46 130 141 138
15 9 2 1 1 7 50 6 142 143 13
16 9 2 1 1 6 96 7 144 145 13
17 9 2 1 1 6 50 44 143 146 136
18 9 2 1 1 46 96 6 147 144 139
19 9 2 1 1 8 47 7 148 149 14
20 9 2 1 1 7 52 8 150 151 14
21 9 2 1 1 47 50 7 152 142 149
22 9 2 1 1 7 96 52 145 153 150
23 9 2 1 1 8 45 9 154 155 15
24 9 2 1 1 9 55 8 156 157 15
25 9 2 1 1 8 52 45 151 158 154
26 9 2 1 1 8 55 47 157 159 148
27 9 2 1 1 10 48 9 160 161 16
28 9 2 1 1 9 117 10 162 163 16
29 9 2 1 1 45 117 9 164 162 155
30 9 2 1 1 48 55 9 165 156 161
31 9 2 1 1 10 95 48 121 166 160
32 9 2 1 1 10 117 49 163 167 118
33 9 2 1 1 49 86 43 168 169 122
34 9 2 1 1 86 94 43 170 171 169
35 9 2 1 1 94 99 43 172 173 171
36 9 2 1 1 99 103 43 174 124 173
37 9 2 1 1 50 51 44 175 176 146
38 9 2 1 1 51 82 44 177 178 176
39 9 2 1 1 82 111 44 179 140 178
40 9 2 1 1 52 53 45 180 181 158
41 9 2 1 1 53 98 45 182 183 181
42 9 2 1 1 98 117 45 184 164 183
43 9 2 1 1 54 96 46 185 147 186
44 9 2 1 1 46 97 54 187 188 186
45 9 2 1 1 93 97 46 189 187 190
46 9 2 1 1 46 116 93 141 191 190
47 9 2 1 1 47 109 50 192 193 152
48 9 2 1 1 55 114 47 194 195 159
49 9 2 1 1 47 114 109 195 196 192
50 9 2 1 1 48 56 55 197 198 165
51 9 2 1 1 48 57 56 199 200 197
52 9 2 1 1 48 95 57 166 201 199
53 9 2 1 1 49 98 86 202 203 168
54 9 2 1 1 49 117 98 167 184 202
55 9 2 1 1 50 109 51 193 204 175
56 9 2 1 1 51 110 82 205 206 177
57 9 2 1 1 83 104 51 207 208 209
58 9 2 1 1 51 109 83 204 210 209
59 9 2 1 1 104 110 51 211 205 208
60 9 2 1 1 52 54 53 212 213 180
61 9 2 1 1 52 96 54 153 185 212
62 9 2 1 1 54 63 53 214 215 213
63 9 2 1 1 63 77 53 216 217 215
64 9 2 1 1 77 98 53 218 182 217
65 9 2 1 1 54 97 63 188 219 214
66 9 2 1 1 56 114 55 220 194 198
67 9 2 1 1 57 58 56 221 222 200
68 9 2 1 1 58 83 56 223 224 222
69 9 2 1 1 83 114 56 225 220 224
70 9 2 1 1 57 59 58 226 227 221
71 9 2 1 1 57 105 59 228 229 226
72 9 2 1 1 95 105 57 230 228 201
73 9 2 1 1 59 60 58 231 232 227
74 9 2 1 1 60 104 58 233 234 232
75 9 2 1 1 58 104 83 234 207 223
76 9 2 1 1 59 61 60 235 236 231
77 9 2 1 1 59 73 61 237 238 235
78 9 2 1 1 59 105 73 229 239 237
79 9 2 1 1 61 62 60 240 241 236
80 9 2 1 1 62 79 60 242 243 241
81 9 2 1 1 79 104 60 244 233 243
82 9 2 1 1 61 64 62 245 246 240
83 9 2 1 1 61 102 64 247 248 245
84 9 2 1 1 73 102 61 249 247 238
85 9 2 1 1 64 65 62 250 251 246
86 9 2 1 1 65 106 62 252 253 251
87 9 2 1 1 62 106 79 253 254 242
88 9 2 1 1 63 80 77 255 256 216
89 9 2 1 1 63 81 80 257 258 255
90 9 2 1 1 63 97 81 219 259 257
91 9 2 1 1 64 66 65 260 261 250
92 9 2 1 1 64 108 66 262 263 260
93 9 2 1 1 102 108 64 264 262 248
94 9 2 1 1 66 67 65 265 266 261
95 9 2 1 1 67 75 65 267 268 266
96 9 2 1 1 75 106 65 269 252 268
97 9 2 1 1 66 68 67 270 271 265
98 9 2 1 1 66 69 68 272 273 270
99 9 2 1 1 66 108 69 263 274 272
100 9 2 1 1 68 90 67 275 276 271
101 9 2 1 1 67 84 75 277 278 267
102 9 2 1 1 67 90 84 276 279 277
103 9 2 1 1 69 70 68 280 281 273
104 9 2 1 1 70 71 68 282 283 281
105 9 2 1 1 71 90 68 284 275 283
106 9 2 1 1 69 72 70 285 286 280
107 9 2 1 1 69 101 72 287 288 285
108 9 2 1 1 69 108 101 274 289 287
109 9 2 1 1 70 92 71 290 291 282
110 9 2 1 1 72 74 70 292 293 286
111 9 2 1 1 74 92 70 294 290 293
112 9 2 1 1 89 90 71 295 284 296
113 9 2 1 1 71 91 89 297 298 296
114 9 2 1 1 71 92 91 291 299 297
115 9 2 1 1 72 76 74 300 301 292
116 9 2 1 1 72 78 76 302 303 300
117 9 2 1 1 72 101 78 288 304 302
118 9 2 1 1 100 102 73 305 249 306
119 9 2 1 1 73 103 100 307 308 306
120 9 2 1 1 73 105 103 239 309 307
121 9 2 1 1 76 112 74 310 311 301
122 9 2 1 1 74 112 92 311 312 294
123 9 2 1 1 84 87 75 313 314 278
124 9 2 1 1 87 107 75 315 316 314
125 9 2 1 1 75 107 106 316 317 269
126 9 2 1 1 78 94 76 318 319 303
127 9 2 1 1 76 94 85 319 320 321
128 9 2 1 1 85 112 76 322 310 321
129 9 2 1 1 80 85 77 323 324 256
130 9 2 1 1 85 86 77 325 326 324
131 9 2 1 1 86 98 77 203 218 326
132 9 2 1 1 78 99 94 327 172 318
133 9 2 1 1 78 100 99 328 329 327
134 9 2 1 1 78 101 100 304 330 328
135 9 2 1 1 79 110 104 331 211 244
136 9 2 1 1 106 107 79 317 332 254
137 9 2 1 1 107 110 79 333 331 332
138 9 2 1 1 81 92 80 334 335 258
139 9 2 1 1 80 112 85 336 322 323
140 9 2 1 1 92 112 80 312 336 335
141 9 2 1 1 91 92 81 299 334 337
142 9 2 1 1 81 113 91 338 339 337
143 9 2 1 1 97 113 81 340 338 259
144 9 2 1 1 82 107 87 341 315 342
145 9 2 1 1 87 111 82 343 179 342
146 9 2 1 1 82 110 107 206 333 341
147 9 2 1 1 109 114 83 196 225 210
148 9 2 1 1 84 88 87 344 345 313
149 9 2 1 1 84 89 88 346 347 344
150 9 2 1 1 84 90 89 279 295 346
151 9 2 1 1 85 94 86 320 170 325
152 9 2 1 1 88 111 87 131 343 345
153 9 2 1 1 89 115 88 348 133 347
154 9 2 1 1 91 93 89 349 350 298
155 9 2 1 1 93 115 89 351 348 350
156 9 2 1 1 91 113 93 339 352 349
157 9 2 1 1 93 113 97 352 340 189
158 9 2 1 1 93 116 115 191 135 351
159 9 2 1 1 103 105 95 309 230 126
160 9 2 1 1 100 103 99 308 174 329
161 9 2 1 1 101 102 100 353 305 330
162 9 2 1 1 101 108 102 289 264 353
163 9 2 2 2 3 363 29 614 615 42
164 9 2 2 2 29 365 3 616 617 42
165 9 2 2 2 3 365 354 617 618 619
166 9 2 2 2 354 533 3 620 621 619
167 9 2 2 2 3 568 363 622 623 614
168 9 2 2 2 533 568 3 624 622 621
169 9 2 2 2 4 526 18 625 626 30
170 9 2 2 2 18 598 4 627 628 30
171 9 2 2 2 489 526 4 629 625 630
172 9 2 2 2 4 598 489 628 631 630
173 9 2 2 2 19 355 18 632 633 31
174 9 2 2 2 18 359 19 634 635 31
175 9 2 2 2 355 598 18 636 627 633
176 9 2 2 2 18 526 359 626 637 634
177 9 2 2 2 20 366 19 638 639 32
178 9 2 2 2 19 562 20 640 641 32
179 9 2 2 2 19 366 355 639 642 632
180 9 2 2 2 359 562 19 643 640 635
181 9 2 2 2 21 360 20 644 645 33
182 9 2 2 2 20 523 21 646 647 33
183 9 2 2 2 360 366 20 648 638 645
184 9 2 2 2 20 562 523 641 649 646
185 9 2 2 2 21 357 22 650 651 34
186 9 2 2 2 22 558 21 652 653 34
187 9 2 2 2 21 523 357 647 654 650
188 9 2 2 2 21 558 360 653 655 644
189 9 2 2 2 22 373 23 656 657 35
190 9 2 2 2 23 569 22 658 659 35
191 9 2 2 2 357 373 22 660 656 651
192 9 2 2 2 22 569 558 659 661 652
193 9 2 2 2 24 361 23 662 663 36
194 9 2 2 2 23 517 24 664 665 36
195 9 2 2 2 361 569 23 666 658 663
196 9 2 2 2 373 517 23 667 664 657
197 9 2 2 2 24 358 25 668 669 37
198 9 2 2 2 25 521 24 670 671 37
199 9 2 2 2 24 517 358 665 672 668
200 9 2 2 2 24 521 361 671 673 662
201 9 2 2 2 26 364 25 674 675 38
202 9 2 2 2 25 515 26 676 677 38
203 9 2 2 2 358 515 25 678 676 669
204 9 2 2 2 364 521 25 679 670 675
205 9 2 2 2 26 367 27 680 681 39
206 9 2 2 2 27 565 26 682 683 39
207 9 2 2 2 26 565 364 683 684 674
208 9 2 2 2 26 515 367 677 685 680
209 9 2 2 2 27 356 28 686 687 40
210 9 2 2 2 28 362 27 688 689 40
211 9 2 2 2 27 367 356 681 690 686
212 9 2 2 2 362 565 27 691 682 689
213 9 2 2 2 29 525 28 692 693 41
214 9 2 2 2 28 608 29 694 695 41
215 9 2 2 2 356 608 28 696 694 687
216 9 2 2 2 28 525 362 693 697 688
217 9 2 2 2 363 525 29 698 692 615
218 9 2 2 2 29 608 365 695 699 616
219 9 2 2 2 365 596 354 700 701 618
220 9 2 2 2 354 574 533 702 703 620
221 9 2 2 2 354 596 574 701 704 702
222 9 2 2 2 366 509 355 705 706 642
223 9 2 2 2 355 509 490 706 707 708
224 9 2 2 2 490 603 355 709 710 708
225 9 2 2 2 355 603 598 710 711 636
226 9 2 2 2 367 368 356 712 713 690
227 9 2 2 2 368 370 356 714 715 713
228 9 2 2 2 370 608 356 716 696 715
229 9 2 2 2 357 374 373 717 718 660
230 9 2 2 2 357 375 374 719 720 717
231 9 2 2 2 357 523 375 654 721 719
232 9 2 2 2 511 515 358 722 678 723
233 9 2 2 2 358 588 511 724 725 723
234 9 2 2 2 517 588 358 726 724 672
235 9 2 2 2 526 592 359 727 728 637
236 9 2 2 2 359 592 562 728 729 643
237 9 2 2 2 360 405 366 730 731 648
238 9 2 2 2 360 429 405 732 733 730
239 9 2 2 2 360 558 429 655 734 732
240 9 2 2 2 521 522 361 735 736 673
241 9 2 2 2 522 601 361 737 738 736
242 9 2 2 2 361 601 569 738 739 666
243 9 2 2 2 514 565 362 740 691 741
244 9 2 2 2 362 594 514 742 743 741
245 9 2 2 2 525 594 362 744 742 697
246 9 2 2 2 363 571 525 745 746 698
247 9 2 2 2 568 571 363 747 745 623
248 9 2 2 2 364 595 521 748 749 679
249 9 2 2 2 364 565 561 684 750 751
250 9 2 2 2 561 595 364 752 748 751
251 9 2 2 2 370 371 365 753 754 755
252 9 2 2 2 365 608 370 699 716 755
253 9 2 2 2 371 596 365 756 700 754
254 9 2 2 2 405 509 366 757 705 731
255 9 2 2 2 367 369 368 758 759 712
256 9 2 2 2 367 515 369 685 760 758
257 9 2 2 2 369 612 368 761 762 759
258 9 2 2 2 368 372 370 763 764 714
259 9 2 2 2 368 612 372 762 765 763
260 9 2 2 2 369 515 511 760 722 766
261 9 2 2 2 511 590 369 767 768 766
262 9 2 2 2 590 612 369 769 761 768
263 9 2 2 2 370 584 371 770 771 753
264 9 2 2 2 372 584 370 772 770 764
265 9 2 2 2 519 575 371 773 774 775
266 9 2 2 2 371 584 519 771 776 775
267 9 2 2 2 575 596 371 777 756 774
268 9 2 2 2 372 520 510 778 779 780
269 9 2 2 2 510 585 372 781 782 780
270 9 2 2 2 372 612 520 765 783 778
271 9 2 2 2 372 585 584 782 784 772
272 9 2 2 2 374 555 373 785 786 718
273 9 2 2 2 373 555 517 786 787 667
274 9 2 2 2 375 376 374 788 789 720
275 9 2 2 2 376 377 374 790 791 789
276 9 2 2 2 377 555 374 792 785 791
277 9 2 2 2 375 543 376 793 794 788
278 9 2 2 2 523 524 375 795 796 721
279 9 2 2 2 524 543 375 797 793 796
280 9 2 2 2 376 378 377 798 799 790
281 9 2 2 2 376 379 378 800 801 798
282 9 2 2 2 376 543 379 794 802 800
283 9 2 2 2 378 476 377 803 804 799
284 9 2 2 2 476 478 377 805 806 804
285 9 2 2 2 478 555 377 807 792 806
286 9 2 2 2 379 380 378 808 809 801
287 9 2 2 2 380 553 378 810 811 809
288 9 2 2 2 378 553 476 811 812 803
289 9 2 2 2 379 381 380 813 814 808
290 9 2 2 2 379 542 381 815 816 813
291 9 2 2 2 379 543 542 802 817 815
292 9 2 2 2 381 382 380 818 819 814
293 9 2 2 2 382 384 380 820 821 819
294 9 2 2 2 384 553 380 822 810 821
295 9 2 2 2 381 383 382 823 824 818
296 9 2 2 2 381 440 383 825 826 823
297 9 2 2 2 381 542 440 816 827 825
298 9 2 2 2 383 537 382 828 829 824
299 9 2 2 2 382 385 384 830 831 820
300 9 2 2 2 382 537 385 829 832 830
301 9 2 2 2 440 441 383 833 834 826
302 9 2 2 2 441 472 383 835 836 834
303 9 2 2 2 472 537 383 837 828 836
304 9 2 2 2 385 386 384 838 839 831
305 9 2 2 2 386 436 384 840 841 839
306 9 2 2 2 436 553 384 842 822 841
307 9 2 2 2 385 387 386 843 844 838
308 9 2 2 2 385 388 387 845 846 843
309 9 2 2 2 385 537 388 832 847 845
310 9 2 2 2 387 541 386 848 849 844
311 9 2 2 2 386 474 436 850 851 840
312 9 2 2 2 386 541 474 849 852 850
313 9 2 2 2 388 389 387 853 854 846
314 9 2 2 2 389 390 387 855 856 854
315 9 2 2 2 390 541 387 857 848 856
316 9 2 2 2 388 551 389 858 859 853
317 9 2 2 2 537 580 388 860 861 847
318 9 2 2 2 388 580 551 861 862 858
319 9 2 2 2 389 391 390 863 864 855
320 9 2 2 2 389 392 391 865 866 863
321 9 2 2 2 389 551 392 859 867 865
322 9 2 2 2 391 434 390 868 869 864
323 9 2 2 2 434 439 390 870 871 869
324 9 2 2 2 439 541 390 872 857 871
325 9 2 2 2 392 393 391 873 874 866
326 9 2 2 2 393 528 391 875 876 874
327 9 2 2 2 391 528 434 876 877 868
328 9 2 2 2 392 394 393 878 879 873
329 9 2 2 2 392 557 394 880 881 878
330 9 2 2 2 551 557 392 882 880 867
331 9 2 2 2 394 395 393 883 884 879
332 9 2 2 2 395 422 393 885 886 884
333 9 2 2 2 422 528 393 887 875 886
334 9 2 2 2 394 396 395 888 889 883
335 9 2 2 2 394 421 396 890 891 888
336 9 2 2 2 394 557 421 881 892 890
337 9 2 2 2 396 397 395 893 894 889
338 9 2 2 2 397 538 395 895 896 894
339 9 2 2 2 395 538 422 896 897 885
340 9 2 2 2 396 398 397 898 899 893
341 9 2 2 2 396 578 398 900 901 898
342 9 2 2 2 421 578 396 902 900 891
343 9 2 2 2 398 399 397 903 904 899
344 9 2 2 2 399 547 397 905 906 904
345 9 2 2 2 397 547 538 906 907 895
346 9 2 2 2 398 400 399 908 909 903
347 9 2 2 2 398 554 400 910 911 908
348 9 2 2 2 398 578 554 901 912 910
349 9 2 2 2 400 401 399 913 914 909
350 9 2 2 2 401 414 399 915 916 914
351 9 2 2 2 414 547 399 917 905 916
352 9 2 2 2 400 402 401 918 919 913
353 9 2 2 2 400 403 402 920 921 918
354 9 2 2 2 400 554 403 911 922 920
355 9 2 2 2 402 566 401 923 924 919
356 9 2 2 2 401 467 414 925 926 915
357 9 2 2 2 401 566 467 924 927 925
358 9 2 2 2 403 404 402 928 929 921
359 9 2 2 2 404 406 402 930 931 929
360 9 2 2 2 406 566 402 932 923 931
361 9 2 2 2 403 413 404 933 934 928
362 9 2 2 2 403 453 413 935 936 933
363 9 2 2 2 403 554 453 922 937 935
364 9 2 2 2 404 407 406 938 939 930
365 9 2 2 2 404 535 407 940 941 938
366 9 2 2 2 413 535 404 942 940 934
367 9 2 2 2 429 451 405 943 944 733
368 9 2 2 2 451 459 405 945 946 944
369 9 2 2 2 459 509 405 947 757 946
370 9 2 2 2 407 408 406 948 949 939
371 9 2 2 2 408 597 406 950 951 949
372 9 2 2 2 406 597 566 951 952 932
373 9 2 2 2 407 409 408 953 954 948
374 9 2 2 2 407 430 409 955 956 953
375 9 2 2 2 407 535 430 941 957 955
376 9 2 2 2 409 410 408 958 959 954
377 9 2 2 2 410 411 408 960 961 959
378 9 2 2 2 411 597 408 962 950 961
379 9 2 2 2 409 548 410 963 964 958
380 9 2 2 2 430 431 409 965 966 956
381 9 2 2 2 431 548 409 967 963 966
382 9 2 2 2 410 412 411 968 969 960
383 9 2 2 2 410 549 412 970 971 968
384 9 2 2 2 548 549 410 972 970 964
385 9 2 2 2 412 415 411 973 974 969
386 9 2 2 2 415 567 411 975 976 974
387 9 2 2 2 567 597 411 977 962 976
388 9 2 2 2 412 416 415 978 979 973
389 9 2 2 2 412 417 416 980 981 978
390 9 2 2 2 412 549 417 971 982 980
391 9 2 2 2 453 454 413 983 984 936
392 9 2 2 2 454 503 413 985 986 984
393 9 2 2 2 503 535 413 987 942 986
394 9 2 2 2 467 507 414 988 989 926
395 9 2 2 2 507 527 414 990 991 989
396 9 2 2 2 527 547 414 992 917 991
397 9 2 2 2 416 423 415 993 994 979
398 9 2 2 2 423 437 415 995 996 994
399 9 2 2 2 437 567 415 997 975 996
400 9 2 2 2 417 418 416 998 999 981
401 9 2 2 2 418 544 416 1000 1001 999
402 9 2 2 2 416 544 423 1001 1002 993
403 9 2 2 2 417 419 418 1003 1004 998
404 9 2 2 2 417 556 419 1005 1006 1003
405 9 2 2 2 549 556 417 1007 1005 982
406 9 2 2 2 419 420 418 1008 1009 1004
407 9 2 2 2 420 545 418 1010 1011 1009
408 9 2 2 2 418 545 544 1011 1012 1000
409 9 2 2 2 419 424 420 1013 1014 1008
410 9 2 2 2 419 425 424 1015 1016 1013
411 9 2 2 2 419 556 425 1006 1017 1015
412 9 2 2 2 424 426 420 1018 1019 1014
413 9 2 2 2 426 427 420 1020 1021 1019
414 9 2 2 2 427 545 420 1022 1010 1021
415 9 2 2 2 557 564 421 1023 1024 892
416 9 2 2 2 564 609 421 1025 1026 1024
417 9 2 2 2 421 609 578 1026 1027 902
418 9 2 2 2 422 586 528 1028 1029 887
419 9 2 2 2 538 539 422 1030 1031 897
420 9 2 2 2 539 586 422 1032 1028 1031
421 9 2 2 2 423 438 437 1033 1034 995
422 9 2 2 2 423 572 438 1035 1036 1033
423 9 2 2 2 544 572 423 1037 1035 1002
424 9 2 2 2 425 552 424 1038 1039 1016
425 9 2 2 2 424 428 426 1040 1041 1018
426 9 2 2 2 424 552 428 1039 1042 1040
427 9 2 2 2 425 556 505 1017 1043 1044
428 9 2 2 2 505 611 425 1045 1046 1044
429 9 2 2 2 425 611 552 1046 1047 1038
430 9 2 2 2 426 546 427 1048 1049 1020
431 9 2 2 2 428 435 426 1050 1051 1041
432 9 2 2 2 435 546 426 1052 1048 1051
433 9 2 2 2 427 610 545 1053 1054 1022
434 9 2 2 2 546 576 427 1055 1056 1049
435 9 2 2 2 576 610 427 1057 1053 1056
436 9 2 2 2 428 480 435 1058 1059 1050
437 9 2 2 2 428 516 480 1060 1061 1058
438 9 2 2 2 428 552 516 1042 1062 1060
439 9 2 2 2 429 452 451 1063 1064 943
440 9 2 2 2 429 500 452 1065 1066 1063
441 9 2 2 2 429 558 500 734 1067 1065
442 9 2 2 2 430 432 431 1068 1069 965
443 9 2 2 2 430 577 432 1070 1071 1068
444 9 2 2 2 535 577 430 1072 1070 957
445 9 2 2 2 432 433 431 1073 1074 1069
446 9 2 2 2 433 550 431 1075 1076 1074
447 9 2 2 2 431 550 548 1076 1077 967
448 9 2 2 2 432 448 433 1078 1079 1073
449 9 2 2 2 432 449 448 1080 1081 1078
450 9 2 2 2 432 577 449 1071 1082 1080
451 9 2 2 2 448 450 433 1083 1084 1079
452 9 2 2 2 450 462 433 1085 1086 1084
453 9 2 2 2 462 550 433 1087 1075 1086
454 9 2 2 2 434 461 439 1088 1089 870
455 9 2 2 2 434 506 461 1090 1091 1088
456 9 2 2 2 434 528 506 877 1092 1090
457 9 2 2 2 480 481 435 1093 1094 1059
458 9 2 2 2 481 482 435 1095 1096 1094
459 9 2 2 2 482 546 435 1097 1052 1096
460 9 2 2 2 474 475 436 1098 1099 851
461 9 2 2 2 475 581 436 1100 1101 1099
462 9 2 2 2 436 581 553 1101 1102 842
463 9 2 2 2 438 442 437 1103 1104 1034
464 9 2 2 2 442 512 437 1105 1106 1104
465 9 2 2 2 512 567 437 1107 997 1106
466 9 2 2 2 438 443 442 1108 1109 1103
467 9 2 2 2 438 445 443 1110 1111 1108
468 9 2 2 2 438 572 445 1036 1112 1110
469 9 2 2 2 461 479 439 1113 1114 1089
470 9 2 2 2 479 579 439 1115 1116 1114
471 9 2 2 2 439 579 541 1116 1117 872
472 9 2 2 2 440 457 441 1118 1119 833
473 9 2 2 2 440 473 457 1120 1121 1118
474 9 2 2 2 440 542 473 827 1122 1120
475 9 2 2 2 457 599 441 1123 1124 1119
476 9 2 2 2 441 494 472 1125 1126 835
477 9 2 2 2 441 599 494 1124 1127 1125
478 9 2 2 2 443 444 442 1128 1129 1109
479 9 2 2 2 444 605 442 1130 1131 1129
480 9 2 2 2 442 605 512 1131 1132 1105
481 9 2 2 2 443 446 444 1133 1134 1128
482 9 2 2 2 445 534 443 1135 1136 1111
483 9 2 2 2 443 534 446 1136 1137 1133
484 9 2 2 2 446 447 444 1138 1139 1134
485 9 2 2 2 447 563 444 1140 1141 1139
486 9 2 2 2 563 605 444 1142 1130 1141
487 9 2 2 2 530 532 445 1143 1144 1145
488 9 2 2 2 445 572 530 1112 1146 1145
489 9 2 2 2 532 534 445 1147 1135 1144
490 9 2 2 2 446 463 447 1148 1149 1138
491 9 2 2 2 446 477 463 1150 1151 1148
492 9 2 2 2 446 534 477 1137 1152 1150
493 9 2 2 2 463 464 447 1153 1154 1149
494 9 2 2 2 464 465 447 1155 1156 1154
495 9 2 2 2 465 563 447 1157 1140 1156
496 9 2 2 2 449 536 448 1158 1159 1081
497 9 2 2 2 448 488 450 1160 1161 1083
498 9 2 2 2 448 536 488 1159 1162 1160
499 9 2 2 2 449 559 536 1163 1164 1158
500 9 2 2 2 449 607 559 1165 1166 1163
501 9 2 2 2 577 607 449 1167 1165 1082
502 9 2 2 2 450 491 462 1168 1169 1085
503 9 2 2 2 488 490 450 1170 1171 1161
504 9 2 2 2 490 491 450 1172 1168 1171
505 9 2 2 2 452 573 451 1173 1174 1064
506 9 2 2 2 451 460 459 1175 1176 945
507 9 2 2 2 451 573 460 1174 1177 1175
508 9 2 2 2 500 501 452 1178 1179 1066
509 9 2 2 2 501 587 452 1180 1181 1179
510 9 2 2 2 452 587 573 1181 1182 1173
511 9 2 2 2 453 455 454 1183 1184 983
512 9 2 2 2 453 504 455 1185 1186 1183
513 9 2 2 2 453 554 504 937 1187 1185
514 9 2 2 2 455 456 454 1188 1189 1184
515 9 2 2 2 456 529 454 1190 1191 1189
516 9 2 2 2 454 529 503 1191 1192 985
517 9 2 2 2 455 458 456 1193 1194 1188
518 9 2 2 2 455 560 458 1195 1196 1193
519 9 2 2 2 504 560 455 1197 1195 1186
520 9 2 2 2 458 466 456 1198 1199 1194
521 9 2 2 2 466 468 456 1200 1201 1199
522 9 2 2 2 468 529 456 1202 1190 1201
523 9 2 2 2 473 502 457 1203 1204 1121
524 9 2 2 2 457 502 496 1204 1205 1206
525 9 2 2 2 496 599 457 1207 1123 1206
526 9 2 2 2 458 540 466 1208 1209 1198
527 9 2 2 2 518 540 458 1210 1208 1211
528 9 2 2 2 458 560 518 1196 1212 1211
529 9 2 2 2 460 582 459 1213 1214 1176
530 9 2 2 2 459 600 509 1215 1216 947
531 9 2 2 2 582 600 459 1217 1215 1214
532 9 2 2 2 460 573 516 1177 1218 1219
533 9 2 2 2 516 583 460 1220 1221 1219
534 9 2 2 2 460 583 582 1221 1222 1213
535 9 2 2 2 461 519 479 1223 1224 1113
536 9 2 2 2 506 589 461 1225 1226 1091
537 9 2 2 2 461 589 519 1226 1227 1223
538 9 2 2 2 491 492 462 1228 1229 1169
539 9 2 2 2 492 505 462 1230 1231 1229
540 9 2 2 2 505 550 462 1232 1087 1231
541 9 2 2 2 463 470 464 1233 1234 1153
542 9 2 2 2 463 533 470 1235 1236 1233
543 9 2 2 2 477 533 463 1237 1235 1151
544 9 2 2 2 464 604 465 1238 1239 1155
545 9 2 2 2 470 471 464 1240 1241 1234
546 9 2 2 2 471 604 464 1242 1238 1241
547 9 2 2 2 527 563 465 1243 1157 1244
548 9 2 2 2 465 570 527 1245 1246 1244
549 9 2 2 2 539 570 465 1247 1245 1248
550 9 2 2 2 465 604 539 1239 1249 1248
551 9 2 2 2 466 469 468 1250 1251 1200
552 9 2 2 2 466 496 469 1252 1253 1250
553 9 2 2 2 466 540 496 1209 1254 1252
554 9 2 2 2 467 512 507 1255 1256 988
555 9 2 2 2 467 513 512 1257 1258 1255
556 9 2 2 2 467 566 513 927 1259 1257
557 9 2 2 2 469 489 468 1260 1261 1251
558 9 2 2 2 489 559 468 1262 1263 1261
559 9 2 2 2 468 559 529 1263 1264 1202
560 9 2 2 2 469 606 489 1265 1266 1260
561 9 2 2 2 496 606 469 1267 1265 1253
562 9 2 2 2 470 493 471 1268 1269 1240
563 9 2 2 2 470 574 493 1270 1271 1268
564 9 2 2 2 533 574 470 703 1270 1236
565 9 2 2 2 493 589 471 1272 1273 1269
566 9 2 2 2 506 586 471 1274 1275 1276
567 9 2 2 2 471 589 506 1273 1225 1276
568 9 2 2 2 586 604 471 1277 1242 1275
569 9 2 2 2 494 495 472 1278 1279 1126
570 9 2 2 2 495 580 472 1280 1281 1279
571 9 2 2 2 472 580 537 1281 860 837
572 9 2 2 2 473 592 502 1282 1283 1203
573 9 2 2 2 542 591 473 1284 1285 1122
574 9 2 2 2 591 592 473 1286 1282 1285
575 9 2 2 2 474 510 475 1287 1288 1098
576 9 2 2 2 474 579 510 1289 1290 1287
577 9 2 2 2 541 579 474 1117 1289 852
578 9 2 2 2 508 581 475 1291 1100 1292
579 9 2 2 2 475 590 508 1293 1294 1292
580 9 2 2 2 510 520 475 779 1295 1288
581 9 2 2 2 520 590 475 1296 1293 1295
582 9 2 2 2 476 508 478 1297 1298 805
583 9 2 2 2 476 581 508 1299 1291 1297
584 9 2 2 2 553 581 476 1102 1299 812
585 9 2 2 2 477 568 533 1300 624 1237
586 9 2 2 2 534 613 477 1301 1302 1152
587 9 2 2 2 477 613 568 1302 1303 1300
588 9 2 2 2 508 511 478 1304 1305 1298
589 9 2 2 2 511 588 478 725 1306 1305
590 9 2 2 2 478 588 555 1306 1307 807
591 9 2 2 2 519 584 479 776 1308 1224
592 9 2 2 2 479 585 579 1309 1310 1115
593 9 2 2 2 584 585 479 784 1309 1308
594 9 2 2 2 480 587 481 1311 1312 1093
595 9 2 2 2 516 573 480 1218 1313 1061
596 9 2 2 2 573 587 480 1182 1311 1313
597 9 2 2 2 481 483 482 1314 1315 1095
598 9 2 2 2 481 602 483 1316 1317 1314
599 9 2 2 2 587 602 481 1318 1316 1312
600 9 2 2 2 483 484 482 1319 1320 1315
601 9 2 2 2 484 485 482 1321 1322 1320
602 9 2 2 2 485 546 482 1323 1097 1322
603 9 2 2 2 483 561 484 1324 1325 1319
604 9 2 2 2 522 595 483 1326 1327 1328
605 9 2 2 2 483 602 522 1317 1329 1328
606 9 2 2 2 483 595 561 1327 752 1324
607 9 2 2 2 484 486 485 1330 1331 1321
608 9 2 2 2 484 514 486 1332 1333 1330
609 9 2 2 2 484 561 514 1325 1334 1332
610 9 2 2 2 486 487 485 1335 1336 1331
611 9 2 2 2 487 576 485 1337 1338 1336
612 9 2 2 2 485 576 546 1338 1055 1323
613 9 2 2 2 486 497 487 1339 1340 1335
614 9 2 2 2 486 594 497 1341 1342 1339
615 9 2 2 2 514 594 486 743 1341 1333
616 9 2 2 2 497 498 487 1343 1344 1340
617 9 2 2 2 498 499 487 1345 1346 1344
618 9 2 2 2 499 576 487 1347 1337 1346
619 9 2 2 2 488 603 490 1348 709 1170
620 9 2 2 2 536 598 488 1349 1350 1162
621 9 2 2 2 598 603 488 711 1348 1350
622 9 2 2 2 489 606 526 1266 1351 629
623 9 2 2 2 536 559 489 1164 1262 1352
624 9 2 2 2 489 598 536 631 1349 1352
625 9 2 2 2 490 600 491 1353 1354 1172
626 9 2 2 2 509 600 490 1216 1353 707
627 9 2 2 2 491 582 492 1355 1356 1228
628 9 2 2 2 491 600 582 1354 1217 1355
629 9 2 2 2 492 611 505 1357 1045 1230
630 9 2 2 2 582 583 492 1222 1358 1356
631 9 2 2 2 583 611 492 1359 1357 1358
632 9 2 2 2 493 575 519 1360 773 1361
633 9 2 2 2 519 589 493 1227 1272 1361
634 9 2 2 2 574 575 493 1362 1360 1271
635 9 2 2 2 494 518 495 1363 1364 1278
636 9 2 2 2 494 540 518 1365 1210 1363
637 9 2 2 2 494 599 540 1127 1366 1365
638 9 2 2 2 518 564 495 1367 1368 1364
639 9 2 2 2 495 557 551 1369 882 1370
640 9 2 2 2 551 580 495 862 1280 1370
641 9 2 2 2 495 564 557 1368 1023 1369
642 9 2 2 2 502 606 496 1371 1267 1205
643 9 2 2 2 540 599 496 1366 1207 1254
644 9 2 2 2 497 571 498 1372 1373 1343
645 9 2 2 2 525 571 497 746 1372 1374
646 9 2 2 2 497 594 525 1342 744 1374
647 9 2 2 2 498 530 499 1375 1376 1345
648 9 2 2 2 498 532 530 1377 1143 1375
649 9 2 2 2 498 571 532 1373 1378 1377
650 9 2 2 2 530 531 499 1379 1380 1376
651 9 2 2 2 531 610 499 1381 1382 1380
652 9 2 2 2 499 610 576 1382 1057 1347
653 9 2 2 2 500 601 501 1383 1384 1178
654 9 2 2 2 558 569 500 661 1385 1067
655 9 2 2 2 569 601 500 739 1383 1385
656 9 2 2 2 501 601 522 1384 737 1386
657 9 2 2 2 522 602 501 1329 1387 1386
658 9 2 2 2 501 602 587 1387 1318 1180
659 9 2 2 2 502 592 526 1283 727 1388
660 9 2 2 2 526 606 502 1351 1371 1388
661 9 2 2 2 529 607 503 1389 1390 1192
662 9 2 2 2 503 577 535 1391 1072 987
663 9 2 2 2 503 607 577 1390 1167 1391
664 9 2 2 2 554 578 504 912 1392 1187
665 9 2 2 2 504 609 560 1393 1394 1197
666 9 2 2 2 578 609 504 1027 1393 1392
667 9 2 2 2 505 593 550 1395 1396 1232
668 9 2 2 2 556 593 505 1397 1395 1043
669 9 2 2 2 528 586 506 1029 1274 1092
670 9 2 2 2 512 605 507 1132 1398 1256
671 9 2 2 2 507 563 527 1399 1243 990
672 9 2 2 2 507 605 563 1398 1142 1399
673 9 2 2 2 508 590 511 1294 767 1304
674 9 2 2 2 579 585 510 1310 781 1290
675 9 2 2 2 513 567 512 1400 1107 1258
676 9 2 2 2 566 597 513 952 1401 1259
677 9 2 2 2 513 597 567 1401 977 1400
678 9 2 2 2 561 565 514 750 740 1334
679 9 2 2 2 552 583 516 1402 1220 1062
680 9 2 2 2 555 588 517 1307 726 787
681 9 2 2 2 560 564 518 1403 1367 1212
682 9 2 2 2 520 612 590 783 769 1296
683 9 2 2 2 521 595 522 749 1326 735
684 9 2 2 2 523 562 524 649 1404 795
685 9 2 2 2 524 591 543 1405 1406 797
686 9 2 2 2 562 592 524 729 1407 1404
687 9 2 2 2 524 592 591 1407 1286 1405
688 9 2 2 2 527 570 547 1246 1408 992
689 9 2 2 2 559 607 529 1166 1389 1264
690 9 2 2 2 530 572 531 1146 1409 1379
691 9 2 2 2 544 545 531 1012 1410 1411
692 9 2 2 2 531 572 544 1409 1037 1411
693 9 2 2 2 545 610 531 1054 1381 1410
694 9 2 2 2 532 613 534 1412 1301 1147
695 9 2 2 2 532 571 568 1378 747 1413
696 9 2 2 2 568 613 532 1303 1412 1413
697 9 2 2 2 538 570 539 1414 1247 1030
698 9 2 2 2 547 570 538 1408 1414 907
699 9 2 2 2 539 604 586 1249 1277 1032
700 9 2 2 2 543 591 542 1406 1284 817
701 9 2 2 2 548 593 549 1415 1416 972
702 9 2 2 2 550 593 548 1396 1415 1077
703 9 2 2 2 549 593 556 1416 1397 1007
704 9 2 2 2 552 611 583 1047 1359 1402
705 9 2 2 2 560 609 564 1394 1025 1403
706 9 2 2 2 574 596 575 704 777 1362
707 11 2 1 1 62 64 61 1421 246 245 240 1430 1431 1432
708 11 2 1 1 61 1424 1421 1427 1433 1434 1431 1435 1436 1437
709 11 2 1 1 102 61 1421 1427 247 1431 1438 1439 1436 1435
710 11 2 1 1 61 60 62 1424 236 241 240 1433 1440 1441
711 11 2 1 1 60 1419 62 1424 1442 1443 241 1441 1440 1444
712 11 2 1 1 62 1419 65 1421 1443 1445 251 1430 1446 1447
713 11 2 1 1 62 65 64 1421 251 250 246 1430 1432 1446
714 11 2 1 1 73 1424 61 1427 1448 1433 238 1449 1435 1437
715 11 2 1 1 65 1421 1419 1425 1446 1447 1445 1450 1451 1452
716 11 2 1 1 102 73 61 1427 249 238 247 1439 1435 1449
717 11 2 1 1 102 61 64 1421 247 245 248 1438 1432 1431
718 11 2 1 1 65 1419 75 1425 1445 1453 268 1450 1454 1451
719 11 2 1 1 80 77 1420 1423 256 1455 1456 1457 1458 1459
720 11 2 1 1 80 1420 1422 1423 1456 1460 1461 1457 1462 1458
721 11 2 1 1 86 1420 85 1423 1463 1464 325 1465 1466 1458
722 11 2 1 1 85 1420 77 1423 1464 1455 324 1466 1459 1458
723 11 2 1 1 65 67 1421 1425 266 1467 1446 1450 1452 1468
724 11 2 1 1 65 75 67 1425 268 267 266 1450 1468 1454
725 11 2 1 1 1420 1421 70 1425 1469 1470 1471 1472 1473 1452
726 11 2 1 1 86 85 77 1423 325 324 326 1465 1459 1466
727 11 2 1 1 1418 1423 8 1426 1474 1475 1476 1477 1478 1479
728 11 2 1 1 1420 71 1422 1425 1480 1481 1460 1472 1482 1483
729 11 2 1 1 1418 1419 104 1424 1484 1485 1486 1487 1488 1444
730 11 2 1 1 8 1423 1418 1428 1475 1474 1476 1489 1490 1491
731 11 2 1 1 52 8 1423 1426 151 1475 1492 1493 1479 1478
732 11 2 1 1 80 77 85 1420 256 324 323 1456 1464 1455
733 11 2 1 1 75 65 106 1419 268 252 269 1453 1494 1445
734 11 2 1 1 51 1419 1418 1429 1495 1484 1496 1497 1498 1499
735 11 2 1 1 71 1420 70 1425 1480 1471 282 1483 1473 1472
736 11 2 1 1 72 1421 1420 1427 1500 1469 1501 1502 1503 1436
737 11 2 1 1 106 65 62 1419 252 251 253 1494 1443 1445
738 11 2 1 1 1417 1421 1419 1424 1504 1447 1505 1506 1444 1434
739 11 2 1 1 94 85 86 1420 320 325 170 1507 1463 1464
740 11 2 1 1 101 1421 72 1427 1508 1500 288 1509 1502 1436
741 11 2 1 1 83 1418 104 1424 1510 1486 207 1511 1488 1487
742 11 2 1 1 116 1426 1422 1429 1512 1513 1514 1515 1516 1517
743 11 2 1 1 92 1420 71 1422 1518 1480 291 1519 1481 1460
744 11 2 1 1 44 51 1418 1429 176 1496 1520 1521 1498 1497
745 11 2 1 1 7 1418 8 1426 1522 1476 14 1523 1478 1477
746 11 2 1 1 87 1425 1419 1429 1524 1451 1525 1526 1499 1527
747 11 2 1 1 75 1419 87 1425 1453 1525 314 1454 1524 1451
748 11 2 1 1 54 1423 1422 1426 1528 1462 1529 1530 1513 1479
749 11 2 1 1 104 1418 51 1419 1486 1496 208 1485 1495 1484
750 11 2 1 1 44 1418 50 1429 1520 1531 146 1521 1532 1498
751 11 2 1 1 61 73 59 1424 238 237 235 1433 1533 1448
752 11 2 1 1 54 63 1422 1423 214 1534 1529 1528 1462 1535
753 11 2 1 1 8 1418 55 1428 1476 1536 157 1489 1537 1490
754 11 2 1 1 52 7 8 1426 150 14 151 1493 1478 1523
755 11 2 1 1 1418 1426 50 1429 1477 1538 1531 1498 1532 1517
756 11 2 1 1 103 43 1 1427 124 123 125 1539 1540 1541
757 11 2 1 1 104 1419 60 1424 1485 1442 233 1488 1441 1444
758 11 2 1 1 43 1420 86 1423 1542 1463 169 1543 1465 1458
759 11 2 1 1 1420 1423 43 1427 1458 1543 1542 1503 1541 1544
760 11 2 1 1 44 51 50 1418 176 175 146 1520 1531 1496
761 11 2 1 1 78 72 1420 1427 302 1501 1545 1546 1503 1502
762 11 2 1 1 1417 1423 1420 1427 1547 1458 1548 1549 1503 1544
763 11 2 1 1 82 1419 51 1429 1550 1495 177 1551 1497 1499
764 11 2 1 1 51 104 83 1418 208 207 209 1496 1510 1486
765 11 2 1 1 78 101 72 1427 304 288 302 1546 1502 1509
766 11 2 1 1 9 1423 8 1428 1552 1475 15 1553 1489 1491
767 11 2 1 1 79 62 60 1419 242 241 243 1554 1442 1443
768 11 2 1 1 1418 1424 56 1428 1487 1555 1556 1490 1557 1558
769 11 2 1 1 73 105 1424 1427 239 1559 1448 1449 1437 1560
770 11 2 1 1 65 67 66 1421 266 265 261 1446 1561 1467
771 11 2 1 1 1421 1424 1417 1427 1434 1506 1504 1436 1549 1437
772 11 2 1 1 116 1422 115 1429 1514 1562 135 1515 1563 1516
773 11 2 1 1 55 1418 56 1428 1536 1556 198 1537 1557 1490
774 11 2 1 1 43 1427 1423 1428 1541 1544 1543 1564 1491 1565
775 11 2 1 1 1422 1425 115 1429 1482 1566 1562 1516 1563 1527
776 11 2 1 1 9 45 8 1423 155 154 15 1552 1475 1567
777 11 2 1 1 95 1424 105 1427 1568 1559 230 1569 1560 1437
778 11 2 1 1 70 1420 72 1421 1471 1501 286 1470 1500 1469
779 11 2 1 1 1417 1423 1427 1428 1547 1544 1549 1570 1565 1491
780 11 2 1 1 56 1418 83 1424 1556 1510 224 1555 1511 1487
781 11 2 1 1 59 60 61 1424 231 236 235 1533 1433 1441
782 11 2 1 1 101 102 1421 1427 353 1438 1508 1509 1436 1439
783 11 2 1 1 50 1426 6 1429 1538 1571 143 1532 1572 1517
784 11 2 1 1 68 1421 67 1425 1573 1467 271 1574 1468 1452
785 11 2 1 1 46 1422 116 1426 1575 1514 141 1576 1512 1513
786 11 2 1 1 58 83 104 1424 223 207 234 1577 1488 1511
787 11 2 1 1 48 56 57 1424 197 200 199 1578 1579 1555
788 11 2 1 1 86 77 98 1423 326 218 203 1465 1580 1459
789 11 2 1 1 102 64 108 1421 248 262 264 1438 1581 1432
790 11 2 1 1 9 8 55 1428 15 157 156 1553 1537 1489
791 11 2 1 1 92 70 71 1420 290 282 291 1518 1480 1471
792 11 2 1 1 108 101 102 1421 289 353 264 1581 1438 1508
793 11 2 1 1 54 53 63 1423 213 215 214 1528 1535 1582
794 11 2 1 1 44 82 51 1429 178 177 176 1521 1497 1551
795 11 2 1 1 110 104 51 1419 211 208 205 1583 1495 1485
796 11 2 1 1 58 104 60 1424 234 233 232 1577 1441 1488
797 11 2 1 1 95 1424 1427 1428 1568 1437 1569 1584 1565 1558
798 11 2 1 1 48 56 1424 1428 197 1555 1578 1585 1558 1557
799 11 2 1 1 79 60 104 1419 243 233 244 1554 1485 1442
800 11 2 1 1 114 83 56 1418 225 224 220 1586 1556 1510
801 11 2 1 1 73 105 59 1424 239 229 237 1448 1533 1559
802 11 2 1 1 55 114 56 1418 194 220 198 1536 1556 1586
803 11 2 1 1 107 87 75 1419 315 314 316 1587 1453 1525
804 11 2 1 1 54 1422 97 1426 1529 1588 188 1530 1589 1513
805 11 2 1 1 48 1424 57 1428 1578 1579 199 1585 1590 1558
806 11 2 1 1 64 65 66 1421 250 261 260 1432 1561 1446
807 11 2 1 1 51 83 109 1418 209 210 204 1496 1591 1510
808 11 2 1 1 91 1422 71 1425 1592 1481 297 1593 1483 1482
809 11 2 1 1 84 75 87 1425 278 314 313 1594 1524 1454
810 11 2 1 1 69 70 72 1421 280 286 285 1595 1500 1470
811 11 2 1 1 45 52 8 1423 158 151 154 1567 1475 1492
812 11 2 1 1 54 52 1423 1426 212 1492 1528 1530 1479 1493
813 11 2 1 1 80 1420 92 1422 1456 1518 335 1461 1519 1460
814 11 2 1 1 50 1418 7 1426 1531 1522 142 1538 1523 1477
815 11 2 1 1 56 83 58 1424 224 223 222 1555 1577 1511
816 11 2 1 1 53 77 63 1423 217 216 215 1582 1535 1459
817 11 2 1 1 91 92 71 1422 299 291 297 1592 1481 1519
818 11 2 1 1 93 1422 91 1425 1596 1592 349 1597 1593 1482
819 11 2 1 1 80 85 112 1420 323 322 336 1456 1598 1464
820 11 2 1 1 97 1422 46 1426 1588 1575 187 1589 1576 1513
821 11 2 1 1 110 51 82 1419 205 177 206 1583 1550 1495
822 11 2 1 1 69 72 101 1421 285 288 287 1595 1508 1500
823 11 2 1 1 94 86 43 1420 170 169 171 1507 1542 1463
824 11 2 1 1 67 68 66 1421 271 270 265 1467 1561 1573
825 11 2 1 1 90 68 67 1425 275 271 276 1599 1468 1574
826 11 2 1 1 54 63 97 1422 214 219 188 1529 1588 1534
827 11 2 1 1 94 78 1420 1427 318 1545 1507 1600 1503 1546
828 11 2 1 1 101 100 102 1427 330 305 353 1509 1439 1601
829 11 2 1 1 107 75 106 1419 316 269 317 1587 1494 1453
830 11 2 1 1 116 46 93 1422 141 190 191 1514 1596 1575
831 11 2 1 1 8 7 47 1418 14 149 148 1476 1602 1522
832 11 2 1 1 48 55 56 1428 165 198 197 1585 1557 1537
833 11 2 1 1 94 78 76 1420 318 303 319 1507 1603 1545
834 11 2 1 1 54 52 53 1423 212 180 213 1528 1582 1492
835 11 2 1 1 80 112 92 1420 336 312 335 1456 1518 1598
836 11 2 1 1 51 109 50 1418 204 193 175 1496 1531 1591
837 11 2 1 1 116 93 115 1422 191 351 135 1514 1562 1596
838 11 2 1 1 44 50 6 1429 146 143 136 1521 1572 1532
839 11 2 1 1 92 74 70 1420 294 293 290 1518 1471 1604
840 11 2 1 1 82 87 1419 1429 342 1525 1550 1551 1499 1526
841 11 2 1 1 102 100 73 1427 305 306 249 1439 1449 1601
842 11 2 1 1 1417 1421 1420 1425 1504 1469 1548 1605 1472 1452
843 11 2 1 1 46 97 93 1422 187 189 190 1575 1596 1588
844 11 2 1 1 1419 1421 1417 1425 1447 1504 1505 1451 1605 1452
845 11 2 1 1 107 82 87 1419 341 342 315 1587 1525 1550
846 11 2 1 1 84 67 75 1425 277 267 278 1594 1454 1468
847 11 2 1 1 62 79 106 1419 242 254 253 1443 1494 1554
848 11 2 1 1 72 70 74 1420 286 293 292 1501 1604 1471
849 11 2 1 1 1417 1420 1422 1425 1548 1460 1606 1605 1482 1472
850 11 2 1 1 43 94 1420 1427 171 1507 1542 1541 1503 1600
851 11 2 1 1 115 1422 93 1425 1562 1596 351 1566 1597 1482
852 11 2 1 1 47 55 8 1418 159 157 148 1602 1476 1536
853 11 2 1 1 1417 1422 1420 1423 1606 1460 1548 1547 1458 1462
854 11 2 1 1 49 10 1 1428 118 17 119 1607 1608 1609
855 11 2 1 1 49 43 1423 1428 122 1543 1610 1607 1491 1564
856 11 2 1 1 9 117 45 1423 162 164 155 1552 1567 1611
857 11 2 1 1 69 68 70 1421 273 281 280 1595 1470 1573
858 11 2 1 1 117 1423 9 1428 1611 1552 162 1612 1553 1491
859 11 2 1 1 64 66 108 1421 260 263 262 1432 1581 1561
860 11 2 1 1 90 71 68 1425 284 283 275 1599 1574 1483
861 11 2 1 1 72 76 78 1420 300 303 302 1501 1545 1603
862 11 2 1 1 81 80 92 1422 258 335 334 1613 1519 1461
863 11 2 1 1 89 93 91 1425 350 349 298 1614 1593 1597
864 11 2 1 1 50 7 6 1426 142 13 143 1538 1571 1523
865 11 2 1 1 87 88 84 1425 345 344 313 1524 1594 1615
866 11 2 1 1 95 1427 1 1428 1569 1540 120 1584 1608 1565
867 11 2 1 1 49 43 86 1423 122 169 168 1610 1465 1543
868 11 2 1 1 115 1425 2 1429 1566 1616 134 1563 1617 1527
869 11 2 1 1 1418 1419 1417 1429 1484 1505 1618 1498 1619 1499
870 11 2 1 1 1417 1422 1426 1429 1606 1513 1620 1619 1517 1516
871 11 2 1 1 109 83 114 1418 210 225 196 1591 1586 1510
872 11 2 1 1 86 98 49 1423 203 202 168 1465 1610 1580
873 11 2 1 1 1417 1425 1422 1429 1605 1482 1606 1619 1516 1527
874 11 2 1 1 116 5 1426 1429 130 1621 1512 1515 1517 1622
875 11 2 1 1 113 91 93 1422 339 349 352 1623 1596 1592
876 11 2 1 1 1418 1423 1417 1428 1474 1547 1618 1490 1570 1491
877 11 2 1 1 6 1426 5 1429 1571 1621 12 1572 1622 1517
878 11 2 1 1 88 1425 87 1429 1615 1524 345 1624 1526 1527
879 11 2 1 1 74 76 72 1420 301 300 292 1604 1501 1603
880 11 2 1 1 54 96 52 1426 185 153 212 1530 1493 1625
881 11 2 1 1 1418 1417 1426 1429 1618 1620 1477 1498 1517 1619
882 11 2 1 1 54 97 46 1426 188 187 186 1530 1576 1589
883 11 2 1 1 94 99 78 1427 172 327 318 1600 1546 1626
884 11 2 1 1 98 77 53 1423 218 217 182 1580 1582 1459
885 11 2 1 1 50 47 7 1418 152 149 142 1531 1522 1602
886 11 2 1 1 81 63 80 1422 257 255 258 1613 1461 1534
887 11 2 1 1 49 1423 117 1428 1610 1611 167 1607 1612 1491
888 11 2 1 1 52 96 7 1426 153 145 150 1493 1523 1625
889 11 2 1 1 57 56 58 1424 200 222 221 1579 1577 1555
890 11 2 1 1 1418 1417 1423 1426 1618 1547 1474 1477 1479 1620
891 11 2 1 1 1417 1419 1418 1424 1505 1484 1618 1506 1487 1444
892 11 2 1 1 59 58 60 1424 227 232 231 1533 1441 1577
893 11 2 1 1 85 76 112 1420 321 310 322 1464 1598 1603
894 11 2 1 1 79 104 110 1419 244 211 331 1554 1583 1485
895 11 2 1 1 94 76 85 1420 319 321 320 1507 1464 1603
896 11 2 1 1 1417 1427 1424 1428 1549 1437 1506 1570 1558 1565
897 11 2 1 1 115 93 89 1425 351 350 348 1566 1614 1597
898 11 2 1 1 66 68 69 1421 270 273 272 1561 1595 1573
899 11 2 1 1 6 5 44 1429 12 137 136 1572 1521 1622
900 11 2 1 1 82 111 87 1429 179 343 342 1551 1526 1627
901 11 2 1 1 81 92 91 1422 334 299 337 1613 1592 1519
902 11 2 1 1 45 53 52 1423 181 180 158 1567 1492 1582
903 11 2 1 1 1418 1417 1424 1428 1618 1506 1487 1490 1558 1570
904 11 2 1 1 1419 1425 1417 1429 1451 1605 1505 1499 1619 1527
905 11 2 1 1 112 74 92 1420 311 294 312 1598 1518 1604
906 11 2 1 1 69 101 108 1421 287 289 274 1595 1581 1508
907 11 2 1 1 98 117 49 1423 184 167 202 1580 1610 1611
908 11 2 1 1 50 109 47 1418 193 192 152 1531 1602 1591
909 11 2 1 1 105 95 57 1424 230 201 228 1559 1579 1568
910 11 2 1 1 9 55 48 1428 156 165 161 1553 1585 1537
911 11 2 1 1 43 103 99 1427 124 174 173 1541 1626 1539
912 11 2 1 1 57 1424 95 1428 1579 1568 201 1590 1584 1558
913 11 2 1 1 88 2 115 1425 132 134 133 1615 1566 1616
914 11 2 1 1 93 97 113 1422 189 340 352 1596 1623 1588
915 11 2 1 1 1422 1423 1417 1426 1462 1547 1606 1513 1620 1479
916 11 2 1 1 78 100 101 1427 328 330 304 1546 1509 1601
917 11 2 1 1 47 114 55 1418 195 194 159 1602 1536 1586
918 11 2 1 1 46 116 5 1426 141 130 138 1576 1621 1512
919 11 2 1 1 81 97 63 1422 259 219 257 1613 1534 1588
920 11 2 1 1 1 1427 43 1428 1540 1541 123 1608 1564 1565
921 11 2 1 1 106 79 107 1419 254 332 317 1494 1587 1554
922 11 2 1 1 114 47 109 1418 195 192 196 1586 1591 1602
923 11 2 1 1 6 46 5 1426 139 138 12 1571 1621 1576
924 11 2 1 1 88 115 89 1425 133 348 347 1615 1614 1566
925 11 2 1 1 1420 1421 1417 1427 1469 1504 1548 1503 1549 1436
926 11 2 1 1 66 69 108 1421 272 274 263 1561 1581 1595
927 11 2 1 1 91 71 89 1425 297 296 298 1593 1614 1483
928 11 2 1 1 91 113 81 1422 339 338 337 1592 1613 1623
929 11 2 1 1 113 97 81 1422 340 259 338 1623 1613 1588
930 11 2 1 1 79 110 107 1419 331 333 332 1554 1587 1583
931 11 2 1 1 45 117 98 1423 164 184 183 1567 1580 1611
932 11 2 1 1 48 57 95 1428 199 201 166 1585 1584 1590
933 11 2 1 1 67 84 90 1425 277 279 276 1468 1599 1594
934 11 2 1 1 57 58 59 1424 221 227 226 1579 1533 1577
935 11 2 1 1 110 82 107 1419 206 341 333 1583 1587 1550
936 11 2 1 1 98 53 45 1423 182 181 183 1580 1567 1582
937 11 2 1 1 103 95 105 1427 126 230 309 1539 1560 1569
938 11 2 1 1 112 76 74 1420 310 301 311 1598 1604 1603
939 11 2 1 1 88 2 1425 1429 132 1616 1615 1624 1527 1617
940 11 2 1 1 49 117 10 1428 167 163 118 1607 1609 1612
941 11 2 1 1 82 44 111 1429 178 140 179 1551 1627 1521
942 11 2 1 1 89 71 90 1425 296 284 295 1614 1599 1483
943 11 2 1 1 116 2 5 1429 129 11 130 1515 1622 1617
944 11 2 1 1 96 54 46 1426 185 186 147 1625 1576 1530
945 11 2 1 1 105 57 59 1424 228 226 229 1559 1533 1579
946 11 2 1 1 73 103 105 1427 307 309 239 1449 1560 1539
947 11 2 1 1 117 9 10 1428 162 16 163 1612 1609 1553
948 11 2 1 1 88 87 111 1429 345 343 131 1624 1627 1526
949 11 2 1 1 88 111 2 1429 131 128 132 1624 1617 1627
950 11 2 1 1 7 96 6 1426 145 144 13 1523 1571 1625
951 11 2 1 1 116 115 2 1429 135 134 129 1515 1617 1563
952 11 2 1 1 95 1 10 1428 120 17 121 1584 1609 1608
953 11 2 1 1 48 10 9 1428 160 16 161 1585 1553 1609
954 11 2 1 1 43 99 94 1427 173 172 171 1541 1600 1626
955 11 2 1 1 99 100 78 1427 329 328 327 1626 1546 1601
956 11 2 1 1 46 6 96 1426 139 144 147 1576 1625 1571
957 11 2 1 1 103 1 95 1427 125 120 126 1539 1569 1540
958 11 2 1 1 49 1 43 1428 119 123 122 1607 1564 1608
959 11 2 1 1 5 111 44 1429 127 140 137 1622 1521 1627
960 11 2 1 1 89 90 84 1425 295 279 346 1614 1594 1599
961 11 2 1 1 5 2 111 1429 11 128 127 1622 1627 1617
962 11 2 1 1 48 95 10 1428 166 121 160 1585 1609 1584
963 11 2 1 1 100 103 73 1427 308 307 306 1601 1449 1539
964 11 2 1 1 89 84 88 1425 346 344 347 1614 1615 1594
965 11 2 1 1 100 99 103 1427 329 174 308 1601 1539 1626
966 11 2 1 1 62 1424 1421 61 1440 1434 1430 240 1431 1433
967 11 2 1 1 1421 1424 62 1419 1434 1440 1430 1447 1443 1444
968 11 2 1 1 1423 80 63 1422 1457 255 1535 1462 1534 1461
969 11 2 1 1 1423 63 80 77 1535 255 1457 1459 256 216
970 11 2 1 1 70 1425 68 71 1473 1574 281 282 283 1483
971 11 2 1 1 68 1425 70 1421 1574 1473 281 1573 1470 1452
972 11 2 2 3 1660 1668 105 1680 1713 1714 1715 1716 1717 1718
973 11 2 2 3 392 1666 1646 1667 1719 1720 1721 1722 1723 1724
974 11 2 2 3 59 1629 105 1660 1725 1726 229 1727 1715 1728
975 11 2 2 3 530 1668 1660 1680 1729 1713 1730 1731 1716 1718
976 11 2 2 3 556 1639 1630 1654 1732 1733 1734 1735 1736 1737
977 11 2 2 3 1637 1650 414 1663 1738 1739 1740 1741 1742 1743
978 11 2 2 3 530 1629 1660 1668 1744 1728 1730 1729 1713 1745
979 11 2 2 3 509 1684 1685 1696 1746 1747 1748 1749 1750 1751
980 11 2 2 3 551 1666 392 1667 1752 1719 867 1753 1722 1724
981 11 2 2 3 44 1685 1684 1696 1754 1747 1755 1756 1751 1750
982 11 2 2 3 1631 1646 392 1666 1757 1721 1758 1759 1719 1720
983 11 2 2 3 105 1660 1629 1668 1715 1728 1726 1714 1745 1713
984 11 2 2 3 1664 434 1666 1700 1760 1761 1762 1763 1764 1765
985 11 2 2 3 44 1695 1685 1696 1766 1767 1754 1756 1750 1768
986 11 2 2 3 378 1642 1657 1689 1769 1770 1771 1772 1773 1774
987 11 2 2 3 509 1685 1695 1696 1748 1767 1775 1749 1768 1750
988 11 2 2 3 378 1657 377 1689 1771 1776 799 1772 1777 1773
989 11 2 2 3 387 1666 1662 1706 1778 1779 1780 1781 1782 1783
990 11 2 2 3 439 1664 434 1666 1784 1760 870 1785 1761 1762
991 11 2 2 3 439 434 1664 1665 870 1760 1784 1786 1787 1788
992 11 2 2 3 551 392 1646 1667 867 1721 1789 1753 1723 1722
993 11 2 2 3 387 1662 1666 1667 1780 1779 1778 1790 1724 1791
994 11 2 2 3 530 1629 531 1660 1744 1792 1379 1730 1793 1728
995 11 2 2 3 101 1650 1637 1663 1794 1738 1795 1796 1741 1743
996 11 2 2 3 1651 1682 558 1695 1797 1798 1799 1800 1801 1802
997 11 2 2 3 417 556 1630 1640 1005 1734 1803 1804 1805 1806
998 11 2 2 3 1664 1665 434 1700 1787 1788 1760 1763 1765 1807
999 11 2 2 3 417 419 556 1640 1003 1006 1005 1804 1806 1808
1000 11 2 2 3 1633 1637 467 1663 1809 1810 1811 1812 1813 1741
1001 11 2 2 3 60 1630 79 1654 1814 1815 243 1816 1817 1736
1002 11 2 2 3 414 467 1637 1663 926 1810 1740 1742 1741 1813
1003 11 2 2 3 45 1658 1656 1673 1818 1819 1820 1821 1822 1823
1004 11 2 2 3 483 1659 1634 1675 1824 1825 1826 1827 1828 1829
1005 11 2 2 3 369 1658 1656 1676 1830 1819 1831 1832 1833 1834
1006 11 2 2 3 108 101 1637 1663 289 1795 1835 1836 1741 1796
1007 11 2 2 3 1656 1658 515 1673 1819 1837 1838 1822 1839 1823
1008 11 2 2 3 419 1639 556 1654 1840 1732 1006 1841 1735 1737
1009 11 2 2 3 414 1663 1650 1678 1742 1743 1739 1842 1843 1844
1010 11 2 2 3 1630 1639 79 1654 1733 1845 1815 1736 1817 1737
1011 11 2 2 3 1630 60 1640 1654 1814 1846 1805 1736 1847 1816
1012 11 2 2 3 594 514 486 1647 743 1333 1341 1848 1849 1850
1013 11 2 2 3 387 1662 385 1706 1780 1851 843 1781 1852 1782
1014 11 2 2 3 367 1670 1656 1673 1853 1854 1855 1856 1822 1857
1015 11 2 2 3 387 385 1662 1667 843 1851 1780 1790 1791 1858
1016 11 2 2 3 558 1682 21 1695 1798 1859 653 1801 1860 1802
1017 11 2 2 3 484 1634 1647 1675 1861 1862 1863 1864 1865 1828
1018 11 2 2 3 514 1647 594 1688 1850 1848 743 1866 1867 1868
1019 11 2 2 3 108 1637 1633 1663 1835 1809 1869 1836 1812 1741
1020 11 2 2 3 74 1631 112 1646 1870 1871 311 1872 1873 1757
1021 11 2 2 3 363 1688 1668 1701 1874 1875 1876 1877 1878 1879
1022 11 2 2 3 85 1664 1666 1700 1880 1762 1881 1882 1764 1763
1023 11 2 2 3 1661 1663 444 1680 1883 1884 1885 1886 1887 1888
1024 11 2 2 3 444 1680 1663 1681 1887 1888 1884 1889 1890 1891
1025 11 2 2 3 117 45 1656 1673 164 1820 1892 1893 1822 1821
1026 11 2 2 3 56 1647 1634 1675 1894 1862 1895 1896 1828 1865
1027 11 2 2 3 550 1638 1630 1652 1897 1898 1899 1900 1901 1902
1028 11 2 2 3 378 1671 1642 1689 1903 1904 1769 1772 1774 1905
1029 11 2 2 3 447 1663 1678 1681 1906 1844 1907 1908 1909 1890
1030 11 2 2 3 22 1651 1672 1682 1910 1911 1912 1913 1914 1797
1031 11 2 2 3 515 1656 369 1658 1838 1831 760 1837 1830 1819
1032 11 2 2 3 22 1672 1669 1682 1912 1915 1916 1913 1917 1914
1033 11 2 2 3 117 1656 1670 1673 1892 1854 1918 1893 1857 1822
1034 11 2 2 3 435 1634 1632 1674 1919 1920 1921 1922 1923 1924
1035 11 2 2 3 514 1675 1647 1688 1925 1865 1850 1866 1868 1926
1036 11 2 2 3 447 1681 1678 1698 1908 1909 1907 1927 1928 1929
1037 11 2 2 3 116 1703 1696 1712 1930 1931 1932 1933 1934 1935
1038 11 2 2 3 389 392 551 1666 865 867 859 1936 1752 1719
1039 11 2 2 3 554 1648 1679 1702 1937 1938 1939 1940 1941 1942
1040 11 2 2 3 435 1674 1632 1707 1922 1923 1921 1943 1944 1945
1041 11 2 2 3 373 1669 22 1672 1946 1916 656 1947 1912 1915
1042 11 2 2 3 559 1649 1645 1690 1948 1949 1950 1951 1952 1953
1043 11 2 2 3 1634 1659 55 1675 1825 1954 1955 1828 1956 1829
1044 11 2 2 3 453 554 1648 1679 937 1937 1957 1958 1938 1939
1045 11 2 2 3 559 1645 1683 1690 1950 1959 1960 1951 1961 1952
1046 11 2 2 3 560 1655 1679 1687 1962 1963 1964 1965 1966 1967
1047 11 2 2 3 470 1692 1681 1698 1968 1969 1970 1971 1929 1972
1048 11 2 2 3 359 1696 1703 1712 1973 1931 1974 1975 1935 1934
1049 11 2 2 3 1681 1692 99 1698 1969 1976 1977 1929 1978 1972
1050 11 2 2 3 56 1634 55 1675 1895 1955 198 1896 1956 1828
1051 11 2 2 3 413 1648 1645 1679 1979 1980 1981 1982 1983 1938
1052 11 2 2 3 105 73 1660 1680 239 1984 1715 1717 1716 1985
1053 11 2 2 3 432 1645 1638 1683 1986 1987 1988 1989 1990 1959
1054 11 2 2 3 1660 1661 438 1680 1991 1992 1993 1716 1994 1886
1055 11 2 2 3 505 1630 1639 1652 1995 1733 1996 1997 1998 1901
1056 11 2 2 3 601 1651 1628 1659 1999 2000 2001 2002 2003 2004
1057 11 2 2 3 378 376 377 1657 798 790 799 1771 1776 2005
1058 11 2 2 3 80 1662 1666 1706 2006 1779 2007 2008 1783 1782
1059 11 2 2 3 77 1644 1676 1706 2009 2010 2011 2012 2013 2014
1060 11 2 2 3 1656 1658 45 1676 1819 1818 1820 1833 2015 1834
1061 11 2 2 3 1631 1666 434 1700 1759 1761 2016 2017 1765 1764
1062 11 2 2 3 439 434 390 1666 870 869 871 1785 2018 1761
1063 11 2 2 3 114 1634 1628 1659 2019 2020 2021 2022 2003 1825
1064 11 2 2 3 85 1665 1664 1700 2023 1787 1880 1882 1763 1807
1065 11 2 2 3 367 1656 515 1673 1855 1838 685 1856 1839 1822
1066 11 2 2 3 23 373 22 1672 657 656 35 2024 1912 1947
1067 11 2 2 3 107 1630 106 1638 2025 2026 317 2027 2028 1898
1068 11 2 2 3 505 550 1630 1652 1232 1899 1995 1997 1901 1900
1069 11 2 2 3 363 1668 571 1701 1876 2029 745 1877 2030 1878
1070 11 2 2 3 450 1638 1652 1684 2031 1902 2032 2033 2034 2035
1071 11 2 2 3 1635 1662 383 1694 2036 2037 2038 2039 2040 2041
1072 11 2 2 3 101 1650 1663 1678 1794 1743 1796 2042 1844 1843
1073 11 2 2 3 1630 1638 107 1652 1898 2027 2025 1901 2043 1902
1074 11 2 2 3 447 464 1681 1698 1154 2044 1908 1927 1929 2045
1075 11 2 2 3 503 413 1645 1679 986 1981 2046 2047 1983 1982
1076 11 2 2 3 107 79 1630 1652 332 1815 2025 2043 1901 2048
1077 11 2 2 3 594 486 497 1647 1341 1339 1342 1848 2049 1849
1078 11 2 2 3 476 1671 378 1689 2050 1903 803 2051 1772 1905
1079 11 2 2 3 55 1634 114 1659 1955 2019 194 1954 2022 1825
1080 11 2 2 3 433 1638 450 1683 2052 2031 1084 2053 2054 1990
1081 11 2 2 3 450 1683 1638 1684 2054 1990 2031 2033 2035 2055
1082 11 2 2 3 572 1660 438 1680 2056 1993 1036 2057 1994 1716
1083 11 2 2 3 74 112 92 1646 311 312 294 1872 2058 1873
1084 11 2 2 3 560 1679 455 1687 1964 2059 1195 1965 2060 1966
1085 11 2 2 3 396 1650 1702 1704 2061 2062 2063 2064 2065 2066
1086 11 2 2 3 387 1664 1666 1706 2067 1762 1778 1781 1783 2068
1087 11 2 2 3 497 594 1647 1688 1342 1848 2049 2069 1868 1867
1088 11 2 2 3 1688 1701 363 1705 1879 1877 1874 2070 2071 2072
1089 11 2 2 3 412 1640 1630 1643 2073 1805 2074 2075 2076 2077
1090 11 2 2 3 443 1661 444 1680 2078 1885 1128 2079 1887 1886
1091 11 2 2 3 497 1647 1668 1688 2049 2080 2081 2069 1875 1868
1092 11 2 2 3 450 1638 433 1652 2031 2052 1084 2032 2082 1902
1093 11 2 2 3 396 1702 1655 1704 2063 2083 2084 2064 2085 2065
1094 11 2 2 3 116 5 1696 1703 130 2086 1932 1930 1931 2087
1095 11 2 2 3 363 571 1668 1688 745 2029 1876 1874 1875 2088
1096 11 2 2 3 447 1663 563 1678 1906 2089 1140 1907 2090 1844
1097 11 2 2 3 418 419 1640 1654 1004 1808 2091 2092 1847 1841
1098 11 2 2 3 100 1663 1680 1681 2093 1888 2094 2095 1891 1890
1099 11 2 2 3 360 558 21 1695 655 653 644 2096 1860 1801
1100 11 2 2 3 80 1666 1662 1667 2007 1779 2006 2097 1791 1724
1101 11 2 2 3 79 106 107 1630 254 317 332 1815 2025 2026
1102 11 2 2 3 405 1685 1693 1695 2098 2099 2100 2101 2102 1767
1103 11 2 2 3 384 1662 1642 1671 2103 2104 2105 2106 1904 2107
1104 11 2 2 3 100 1663 1661 1680 2093 1883 2108 2094 1886 1888
1105 11 2 2 3 412 549 410 1630 971 970 968 2074 2109 2110
1106 11 2 2 3 447 444 1663 1681 1139 1884 1906 1908 1890 1889
1107 11 2 2 3 1656 1670 370 1691 1854 2111 2112 2113 2114 2115
1108 11 2 2 3 6 1682 1651 1695 2116 1797 2117 2118 1800 1802
1109 11 2 2 3 384 1642 553 1671 2105 2119 822 2106 2120 1904
1110 11 2 2 3 560 1655 1687 1699 1962 1967 1965 2121 2122 2123
1111 11 2 2 3 79 1639 1630 1652 1845 1733 1815 2048 1901 1998
1112 11 2 2 3 1657 1669 377 1689 2124 2125 1776 1773 1777 2126
1113 11 2 2 3 359 1696 19 1703 1973 2127 635 1974 2128 1931
1114 11 2 2 3 410 412 1630 1643 968 2074 2109 2129 2076 2075
1115 11 2 2 3 413 535 1645 1648 942 2130 1981 1979 1980 2131
1116 11 2 2 3 378 1642 376 1657 1769 2132 798 1771 2005 1770
1117 11 2 2 3 554 1679 1655 1702 1939 1963 2133 1940 2083 1941
1118 11 2 2 3 397 396 1650 1702 893 2061 2134 2135 2062 2063
1119 11 2 2 3 83 109 114 1628 210 196 225 2136 2021 2137
1120 11 2 2 3 533 1681 1692 1701 2138 1969 2139 2140 2141 2142
1121 11 2 2 3 19 1696 1695 1703 2127 1768 2143 2128 2144 1931
1122 11 2 2 3 503 454 413 1679 985 984 986 2047 1982 2145
1123 11 2 2 3 381 1635 1641 1642 2146 2147 2148 2149 2150 2151
1124 11 2 2 3 22 1669 373 1682 1916 1946 656 1913 2152 1917
1125 11 2 2 3 601 361 1651 1659 738 2153 1999 2002 2004 2154
1126 11 2 2 3 460 1632 1693 1710 2155 2156 2157 2158 2159 2160
1127 11 2 2 3 1628 1634 483 1659 2020 1826 2161 2003 1824 1825
1128 11 2 2 3 1671 1676 475 1706 2162 2163 2164 2165 2166 2013
1129 11 2 2 3 77 1676 1671 1706 2011 2162 2167 2012 2165 2013
1130 11 2 2 3 377 476 378 1689 804 803 799 1777 1772 2051
1131 11 2 2 3 440 1641 1635 1712 2168 2147 2169 2170 2171 2172
1132 11 2 2 3 75 1645 1638 1677 2173 1987 2174 2175 2176 2177
1133 11 2 2 3 551 1667 1646 1699 1753 1723 1789 2178 2179 2180
1134 11 2 2 3 460 1693 1685 1710 2157 2099 2181 2158 2182 2159
1135 11 2 2 3 521 1672 1659 1673 2183 2184 2185 2186 2187 2188
1136 11 2 2 3 1645 1648 535 1677 1980 2131 2130 2177 2189 2190
1137 11 2 2 3 100 1678 1663 1681 2191 1844 2093 2095 1890 1909
1138 11 2 2 3 1635 1642 381 1662 2151 2149 2146 2036 2192 2104
1139 11 2 2 3 389 1666 551 1667 1936 1752 859 2193 1753 1724
1140 11 2 2 3 439 390 1664 1666 871 2194 1784 1785 1762 2018
1141 11 2 2 3 414 527 1663 1678 991 2195 1742 1842 1844 2196
1142 11 2 2 3 470 533 1681 1692 1236 2138 1970 1968 1969 2139
1143 11 2 2 3 414 1637 399 1650 1740 2197 916 1739 2198 1738
1144 11 2 2 3 387 388 385 1667 846 845 843 1790 1858 2199
1145 11 2 2 3 101 69 1637 1650 287 2200 1795 1794 1738 2201
1146 11 2 2 3 435 1632 428 1707 1921 2202 1050 1943 2203 1944
1147 11 2 2 3 414 1650 547 1678 1739 2204 917 1842 2205 1843
1148 11 2 2 3 531 1660 1629 1708 1793 1728 1792 2206 2207 2208
1149 11 2 2 3 26 1670 1673 1675 2209 1857 2210 2211 2212 2213
1150 11 2 2 3 444 1661 442 1663 1885 2214 1129 1884 2215 1883
1151 11 2 2 3 419 417 418 1640 1003 998 1004 1808 2091 1804
1152 11 2 2 3 405 509 1685 1695 757 1748 2098 2101 1767 1775
1153 11 2 2 3 22 558 1651 1682 652 1799 1910 1913 1797 1798
1154 11 2 2 3 1695 1696 5 1703 1768 2086 2216 2144 2087 1931
1155 11 2 2 3 1651 1693 50 1695 2217 2218 2219 1800 2220 2102
1156 11 2 2 3 567 1643 1633 1697 2221 2222 2223 2224 2225 2226
1157 11 2 2 3 24 1672 521 1673 2227 2183 671 2228 2186 2188
1158 11 2 2 3 484 1647 514 1675 1863 1850 1332 1864 1925 1865
1159 11 2 2 3 418 1654 1640 1708 2092 1847 2091 2229 2230 2231
1160 11 2 2 3 380 553 384 1642 810 822 821 2232 2105 2119
1161 11 2 2 3 69 108 101 1637 274 289 287 2200 1795 1835
1162 11 2 2 3 107 1638 1683 1684 2027 1990 2233 2234 2055 2035
1163 11 2 2 3 107 1652 1638 1684 2043 1902 2027 2234 2035 2034
1164 11 2 2 3 44 1684 111 1696 1755 2235 140 1756 2236 1751
1165 11 2 2 3 381 1635 542 1641 2146 2237 816 2148 2238 2147
1166 11 2 2 3 474 1644 1664 1706 2239 2240 2241 2242 2068 2014
1167 11 2 2 3 1638 1677 430 1709 2176 2243 2244 2245 2246 2247
1168 11 2 2 3 370 1691 1670 1705 2114 2115 2111 2248 2249 2250
1169 11 2 2 3 397 398 396 1702 899 898 893 2135 2063 2251
1170 11 2 2 3 443 442 444 1661 1109 1129 1128 2078 1885 2214
1171 11 2 2 3 379 1642 1641 1657 2252 2150 2253 2254 2255 1770
1172 11 2 2 3 77 1664 1644 1706 2256 2240 2009 2012 2014 2068
1173 11 2 2 3 396 397 1650 1704 893 2134 2061 2064 2066 2257
1174 11 2 2 3 554 403 453 1648 922 935 937 1937 1957 2258
1175 11 2 2 3 54 1657 1642 1689 2259 1770 2260 2261 1774 1773
1176 11 2 2 3 1628 1632 481 1634 2262 2263 2264 2020 2265 1920
1177 11 2 2 3 6 1651 50 1695 2117 2219 143 2118 2220 1800
1178 11 2 2 3 531 530 499 1629 1379 1376 1380 1792 2266 1744
1179 11 2 2 3 379 1641 543 1657 2253 2267 802 2254 2268 2255
1180 11 2 2 3 387 541 1664 1706 848 2269 2067 1781 2068 2270
1181 11 2 2 3 537 383 1662 1694 828 2037 2271 2272 2041 2040
1182 11 2 2 3 529 1645 607 1649 2273 2274 1389 2275 2276 1949
1183 11 2 2 3 1651 1659 361 1672 2004 2154 2153 1911 2277 2184
1184 11 2 2 3 68 1679 1648 1702 2278 1938 2279 2280 1942 1941
1185 11 2 2 3 589 1692 493 1698 2281 2282 1272 2283 2284 1972
1186 11 2 2 3 382 1635 381 1662 2285 2146 818 2286 2192 2036
1187 11 2 2 3 433 1638 462 1652 2052 2287 1086 2082 2288 1902
1188 11 2 2 3 587 1628 452 1693 2289 2290 1181 2291 2292 2293
1189 11 2 2 3 1692 1698 589 1700 1972 2283 2281 2294 2295 2296
1190 11 2 2 3 588 1669 1658 1689 2297 2298 2299 2300 2301 2126
1191 11 2 2 3 580 1694 1667 1699 2302 2303 2304 2305 2180 2306
1192 11 2 2 3 416 1660 1640 1697 2307 2308 2309 2310 2311 2312
1193 11 2 2 3 550 593 505 1630 1396 1395 1232 1899 1995 2313
1194 11 2 2 3 573 460 1632 1693 1177 2155 2314 2315 2156 2157
1195 11 2 2 3 27 362 1670 1675 689 2316 2317 2318 2213 2319
1196 11 2 2 3 106 65 1638 1709 252 2320 2028 2321 2245 2322
1197 11 2 2 3 414 507 467 1663 989 988 926 1742 1813 2323
1198 11 2 2 3 369 515 367 1656 760 685 758 1831 1855 1838
1199 11 2 2 3 62 79 60 1630 242 243 241 2324 1814 1815
1200 11 2 2 3 560 455 458 1687 1195 1193 1196 1965 2325 2060
1201 11 2 2 3 394 392 393 1631 878 873 879 2326 2327 1758
1202 11 2 2 3 1632 1634 83 1674 1920 2328 2329 1923 2330 1924
1203 11 2 2 3 1668 1688 95 1701 1875 2331 2332 1878 2333 1879
1204 11 2 2 3 602 1628 483 1659 2334 2161 1317 2335 1824 2003
1205 11 2 2 3 24 521 25 1673 671 670 37 2228 2336 2186
1206 11 2 2 3 355 1684 509 1696 2337 1746 706 2338 1749 1751
1207 11 2 2 3 384 1662 1671 1706 2103 2107 2106 2339 2165 1782
1208 11 2 2 3 106 65 75 1638 252 268 269 2028 2174 2320
1209 11 2 2 3 78 1678 100 1681 2340 2191 328 2341 2095 1909
1210 11 2 2 3 394 1631 393 1704 2326 2327 879 2342 2343 2344
1211 11 2 2 3 429 558 360 1693 734 655 732 2345 2346 2347
1212 11 2 2 3 392 1631 394 1646 1758 2326 878 1721 2348 1757
1213 11 2 2 3 412 549 1630 1640 971 2110 2074 2073 1805 2349
1214 11 2 2 3 609 560 564 1655 1394 1403 1025 2350 2351 1962
1215 11 2 2 3 450 433 462 1652 1084 1086 1085 2032 2288 2082
1216 11 2 2 3 408 1677 1643 1709 2352 2353 2354 2355 2356 2247
1217 11 2 2 3 1658 1676 511 1689 1834 2357 2358 2301 2359 2360
1218 11 2 2 3 499 1629 530 1668 2266 1744 1376 2361 1729 1745
1219 11 2 2 3 587 1632 1628 1693 2362 2262 2289 2291 2293 2156
1220 11 2 2 3 114 83 1628 1634 225 2136 2021 2019 2020 2328
1221 11 2 2 3 396 1655 1646 1704 2084 2363 2364 2064 2365 2085
1222 11 2 2 3 527 414 547 1678 991 917 992 2196 2205 1842
1223 11 2 2 3 48 1647 1675 1688 2366 1865 2367 2368 1926 1868
1224 11 2 2 3 416 423 1660 1697 993 2369 2307 2310 2312 2370
1225 11 2 2 3 440 1635 1636 1712 2169 2371 2372 2170 2373 2171
1226 11 2 2 3 105 1680 1668 1701 1717 1718 1714 2374 1878 2375
1227 11 2 2 3 1632 1674 83 1707 1923 2330 2329 1944 2376 1945
1228 11 2 2 3 455 1679 456 1687 2059 2377 1188 2060 2378 1966
1229 11 2 2 3 88 84 1649 1690 344 2379 2380 2381 1953 2382
1230 11 2 2 3 391 1631 392 1666 2383 1758 866 2384 1719 1759
1231 11 2 2 3 439 461 434 1665 1089 1088 870 1786 1788 2385
1232 11 2 2 3 435 428 1674 1707 1050 2386 1922 1943 1945 2203
1233 11 2 2 3 532 1668 530 1680 2387 1729 1143 2388 1731 1718
1234 11 2 2 3 1645 1648 67 1679 1980 2389 2390 1983 2391 1938
1235 11 2 2 3 370 1670 356 1705 2111 2392 715 2248 2393 2249
1236 11 2 2 3 7 1672 1651 1682 2394 1911 2395 2396 1797 1914
1237 11 2 2 3 554 403 1648 1702 922 2258 1937 1940 1942 2397
1238 11 2 2 3 419 425 556 1639 1015 1017 1006 1840 1732 2398
1239 11 2 2 3 1637 1648 400 1702 2399 2400 2401 2402 2403 1942
1240 11 2 2 3 394 1646 1631 1704 2348 1757 2326 2342 2344 2365
1241 11 2 2 3 387 1666 388 1667 1778 2404 846 1790 2199 1724
1242 11 2 2 3 88 1683 84 1690 2405 2406 344 2381 2382 1961
1243 11 2 2 3 48 95 57 1647 166 201 199 2366 2407 2408
1244 11 2 2 3 60 62 1630 1640 241 2324 1814 1846 1805 2409
1245 11 2 2 3 453 1655 554 1679 2410 2133 937 1958 1939 1963
1246 11 2 2 3 555 1669 588 1689 2411 2297 1307 2412 2300 2126
1247 11 2 2 3 538 570 1650 1678 1414 2413 2414 2415 1843 2416
1248 11 2 2 3 482 1647 1634 1674 2417 1862 2418 2419 1924 2420
1249 11 2 2 3 563 447 444 1663 1140 1139 1141 2089 1884 1906
1250 11 2 2 3 472 1694 580 1699 2421 2302 1281 2422 2305 2306
1251 11 2 2 3 380 1642 384 1662 2232 2105 821 2423 2103 2104
1252 11 2 2 3 1643 1677 408 1686 2353 2352 2354 2424 2425 2426
1253 11 2 2 3 73 100 1661 1680 306 2108 2427 1985 1886 2094
1254 11 2 2 3 1638 1645 75 1683 1987 2173 2174 1990 2428 1959
1255 11 2 2 3 1629 1647 576 1674 2429 2430 2431 2432 2433 2420
1256 11 2 2 3 480 1632 435 1634 2434 1921 1059 2435 1919 1920
1257 11 2 2 3 601 1628 522 1659 2001 2436 737 2002 2437 2003
1258 11 2 2 3 381 542 379 1641 816 815 813 2148 2253 2238
1259 11 2 2 3 381 1641 379 1642 2148 2253 813 2149 2252 2150
1260 11 2 2 3 56 48 1647 1675 197 2366 1894 1896 1865 2367
1261 11 2 2 3 1640 1660 416 1708 2308 2307 2309 2230 2438 2208
1262 11 2 2 3 65 1677 1638 1709 2439 2176 2320 2322 2245 2247
1263 11 2 2 3 487 1647 1629 1668 2440 2429 2441 2442 1745 2080
1264 11 2 2 3 78 1678 1681 1698 2340 1909 2341 2443 1929 1928
1265 11 2 2 3 366 509 1695 1696 705 1775 2444 2445 1768 1749
1266 11 2 2 3 482 546 1647 1674 1097 2446 2417 2419 2420 2447
1267 11 2 2 3 387 386 541 1706 844 849 848 1781 2270 2448
1268 11 2 2 3 87 107 1683 1684 315 2233 2449 2450 2055 2234
1269 11 2 2 3 530 531 572 1660 1379 1409 1146 1730 2056 1793
1270 11 2 2 3 434 1631 391 1666 2016 2383 868 1761 2384 1759
1271 11 2 2 3 65 75 1638 1677 268 2174 2320 2439 2176 2175
1272 11 2 2 3 491 1684 1652 1685 2451 2034 2452 2453 2454 1747
1273 11 2 2 3 68 1655 1679 1702 2455 1963 2278 2280 1941 2083
1274 11 2 2 3 446 1680 444 1681 2456 1887 1134 2457 1889 1891
1275 11 2 2 3 460 451 1685 1693 1175 2458 2181 2157 2099 2459
1276 11 2 2 3 538 1650 1653 1678 2414 2460 2461 2415 2462 1843
1277 11 2 2 3 362 1670 1675 1688 2316 2213 2319 2463 1926 2464
1278 11 2 2 3 573 451 460 1693 1174 1175 1177 2315 2157 2459
1279 11 2 2 3 57 1647 95 1668 2407 2408 201 2465 2332 2080
1280 11 2 2 3 409 1677 408 1709 2466 2352 954 2467 2355 2247
1281 11 2 2 3 608 356 1670 1705 696 2392 2468 2469 2249 2393
1282 11 2 2 3 44 1693 1685 1695 2470 2099 1754 1766 1767 2102
1283 11 2 2 3 494 1687 1636 1694 2471 2472 2473 2474 2475 2476
1284 11 2 2 3 578 1655 396 1702 2477 2084 900 2478 2063 2083
1285 11 2 2 3 413 535 503 1645 942 987 986 1981 2046 2130
1286 11 2 2 3 566 467 1633 1637 927 1811 2479 2480 1809 1810
1287 11 2 2 3 73 1661 1660 1680 2427 1991 1984 1985 1716 1886
1288 11 2 2 3 572 438 445 1680 1036 1110 1112 2057 2481 1994
1289 11 2 2 3 597 1633 567 1643 2482 2223 977 2483 2221 2222
1290 11 2 2 3 114 55 56 1634 194 198 220 2019 1895 1955
1291 11 2 2 3 512 1661 1633 1663 2484 2485 2486 2487 1812 1883
1292 11 2 2 3 379 376 1642 1657 800 2132 2252 2254 1770 2005
1293 11 2 2 3 109 1651 1628 1693 2488 2000 2137 2489 2293 2217
1294 11 2 2 3 418 1640 416 1708 2091 2309 999 2229 2438 2230
1295 11 2 2 3 497 1647 487 1668 2049 2440 1340 2081 2442 2080
1296 11 2 2 3 456 1679 1649 1687 2377 2490 2491 2378 2492 1966
1297 11 2 2 3 440 473 1641 1712 1120 2493 2168 2170 2172 2494
1298 11 2 2 3 566 1637 1633 1686 2480 1809 2479 2495 2496 2497
1299 11 2 2 3 90 1645 67 1679 2498 2390 276 2499 2391 1983
1300 11 2 2 3 49 1670 1656 1691 2500 1854 2501 2502 2113 2115
1301 11 2 2 3 579 1664 1644 1665 2503 2240 2504 2505 2506 1787
1302 11 2 2 3 27 565 362 1675 682 691 689 2318 2319 2507
1303 11 2 2 3 387 1664 541 1666 2067 2269 848 1778 2508 1762
1304 11 2 2 3 484 486 514 1647 1330 1333 1332 1863 1850 1849
1305 11 2 2 3 483 1628 602 1634 2161 2334 1317 1826 2509 2020
1306 11 2 2 3 544 416 1660 1708 1001 2307 2510 2511 2208 2438
1307 11 2 2 3 382 381 1642 1662 818 2149 2512 2286 2104 2192
1308 11 2 2 3 433 450 448 1683 1084 1083 1079 2053 2513 2054
1309 11 2 2 3 560 1655 455 1679 1962 2514 1195 1964 2059 1963
1310 11 2 2 3 387 385 386 1706 843 838 844 1781 2448 1852
1311 11 2 2 3 393 1631 422 1704 2327 2515 886 2343 2516 2344
1312 11 2 2 3 377 1657 374 1669 1776 2517 791 2125 2518 2124
1313 11 2 2 3 420 1674 1654 1708 2519 2520 2521 2522 2231 2523
1314 11 2 2 3 1633 1643 597 1686 2222 2483 2482 2496 2524 2424
1315 11 2 2 3 470 463 464 1681 1233 1153 1234 1970 2044 2525
1316 11 2 2 3 602 522 1628 1659 1329 2436 2334 2335 2003 2437
1317 11 2 2 3 436 1671 475 1706 2526 2164 1099 2527 2166 2165
1318 11 2 2 3 80 1666 1664 1706 2007 1762 2528 2008 2068 1783
1319 11 2 2 3 73 59 105 1660 237 229 239 1984 1715 1727
1320 11 2 2 3 420 427 1674 1708 1021 2529 2519 2522 2523 2530
1321 11 2 2 3 1665 1692 589 1700 2531 2281 2532 1807 2295 2294
1322 11 2 2 3 431 1638 430 1709 2533 2244 965 2534 2246 2245
1323 11 2 2 3 440 542 1635 1641 827 2237 2169 2168 2147 2238
1324 11 2 2 3 376 379 543 1657 800 802 794 2005 2268 2254
1325 11 2 2 3 481 1628 480 1632 2264 2535 1093 2263 2434 2262
1326 11 2 2 3 411 1643 567 1697 2536 2221 976 2537 2224 2226
1327 11 2 2 3 428 435 480 1632 1050 1059 1058 2202 2434 1921
1328 11 2 2 3 546 576 1647 1674 1055 2430 2446 2447 2420 2433
1329 11 2 2 3 380 382 381 1642 819 818 814 2232 2149 2512
1330 11 2 2 3 361 569 1651 1672 666 2538 2153 2277 1911 2539
1331 11 2 2 3 414 467 401 1637 926 925 915 1740 2540 1810
1332 11 2 2 3 400 1648 403 1702 2400 2258 920 2403 2397 1942
1333 11 2 2 3 1631 1653 422 1704 2541 2542 2515 2344 2516 2543
1334 11 2 2 3 551 1646 557 1699 1789 2544 882 2178 2545 2179
1335 11 2 2 3 458 455 456 1687 1193 1188 1194 2325 2378 2060
1336 11 2 2 3 22 21 558 1682 34 653 652 1913 1798 1859
1337 11 2 2 3 389 391 392 1666 863 866 865 1936 1719 2384
1338 11 2 2 3 532 1668 1680 1701 2387 1718 2388 2546 2375 1878
1339 11 2 2 3 517 1658 588 1669 2547 2299 726 2548 2297 2298
1340 11 2 2 3 421 609 1646 1655 1026 2549 2550 2551 2363 2350
1341 11 2 2 3 559 529 607 1649 1264 1389 1166 1948 2276 2275
1342 11 2 2 3 461 434 1665 1700 1088 1788 2385 2552 1807 1765
1343 11 2 2 3 401 399 414 1637 914 916 915 2540 1740 2197
1344 11 2 2 3 560 504 455 1655 1197 1186 1195 1962 2514 2553
1345 11 2 2 3 382 383 1635 1662 824 2038 2285 2286 2036 2037
1346 11 2 2 3 418 416 544 1708 999 1001 1000 2229 2511 2438
1347 11 2 2 3 409 407 408 1677 953 948 954 2466 2352 2554
1348 11 2 2 3 556 505 1630 1639 1043 1995 1734 1732 1733 1996
1349 11 2 2 3 76 85 112 1700 321 322 310 2555 2556 1882
1350 11 2 2 3 499 487 1629 1668 1346 2441 2266 2361 1745 2442
1351 11 2 2 3 95 1701 1688 1705 2333 1879 2331 2557 2070 2072
1352 11 2 2 3 1687 1694 494 1699 2476 2474 2471 2122 2558 2306
1353 11 2 2 3 102 1661 100 1663 2559 2108 305 2560 2093 1883
1354 11 2 2 3 76 112 1631 1700 310 1871 2561 2555 2017 2556
1355 11 2 2 3 1662 1667 537 1694 1791 2562 2271 2041 2272 2303
1356 11 2 2 3 487 576 1629 1647 1337 2431 2441 2440 2429 2430
1357 11 2 2 3 453 504 554 1655 1185 1187 937 2410 2133 2553
1358 11 2 2 3 559 607 1645 1649 1166 2274 1950 1948 1949 2276
1359 11 2 2 3 453 504 1655 1679 1185 2553 2410 1958 1963 2563
1360 11 2 2 3 605 444 442 1663 1130 1129 1131 2564 2215 1884
1361 11 2 2 3 415 423 416 1697 994 993 979 2565 2310 2370
1362 11 2 2 3 564 1655 560 1699 2351 1962 1403 2566 2121 2123
1363 11 2 2 3 1640 1643 412 1697 2077 2075 2073 2311 2567 2226
1364 11 2 2 3 24 358 1672 1673 668 2568 2227 2228 2188 2569
1365 11 2 2 3 113 1635 93 1636 2570 2571 352 2572 2573 2371
1366 11 2 2 3 3 1701 1692 1705 2574 2141 2575 2576 2577 2072
1367 11 2 2 3 609 564 421 1646 1025 1024 1026 2549 2550 2578
1368 11 2 2 3 78 100 99 1681 328 329 327 2341 1977 2095
1369 11 2 2 3 512 442 1661 1663 1105 2214 2484 2487 1883 2215
1370 11 2 2 3 380 382 1642 1662 819 2512 2232 2423 2104 2286
1371 11 2 2 3 367 26 1670 1673 680 2209 1853 1856 1857 2210
1372 11 2 2 3 538 1653 570 1678 2461 2579 1414 2415 2416 2462
1373 11 2 2 3 455 1655 504 1679 2514 2553 1186 2059 2563 1963
1374 11 2 2 3 405 1685 451 1693 2098 2458 944 2100 2459 2099
1375 11 2 2 3 1658 1672 358 1673 2580 2568 2581 1823 2569 2188
1376 11 2 2 3 508 511 1676 1689 1304 2357 2582 2583 2360 2359
1377 11 2 2 3 513 566 1633 1686 1259 2479 2584 2585 2496 2495
1378 11 2 2 3 1645 90 1649 1679 2498 2586 1949 1983 2490 2499
1379 11 2 2 3 587 452 1632 1693 1181 2587 2362 2291 2156 2292
1380 11 2 2 3 538 570 547 1650 1414 1408 907 2414 2204 2413
1381 11 2 2 3 408 1677 407 1686 2352 2554 948 2425 2588 2426
1382 11 2 2 3 7 1669 1672 1682 2589 1915 2394 2396 1914 1917
1383 11 2 2 3 95 1647 48 1688 2408 2366 166 2331 2368 1868
1384 11 2 2 3 425 1639 419 1654 2398 1840 1015 2590 1841 1737
1385 11 2 2 3 95 1668 1647 1688 2332 2080 2408 2331 1868 1875
1386 11 2 2 3 104 83 1674 1707 207 2330 2591 2592 1945 2376
1387 11 2 2 3 485 482 546 1647 1322 1097 1323 2593 2446 2417
1388 11 2 2 3 427 1629 1674 1708 2594 2432 2529 2530 2523 2207
1389 11 2 2 3 444 446 443 1680 1134 1133 1128 1887 2079 2456
1390 11 2 2 3 538 1653 1650 1704 2461 2460 2414 2595 2066 2543
1391 11 2 2 3 417 1630 549 1640 1803 2110 982 1804 2349 1805
1392 11 2 2 3 481 587 480 1628 1312 1311 1093 2264 2535 2289
1393 11 2 2 3 470 1681 464 1698 1970 2044 1234 1971 2045 1929
1394 11 2 2 3 104 1674 1654 1707 2591 2520 2596 2592 2597 1945
1395 11 2 2 3 24 25 358 1673 37 669 668 2228 2569 2336
1396 11 2 2 3 432 430 431 1638 1068 965 1069 1988 2533 2244
1397 11 2 2 3 78 1681 99 1698 2341 1977 327 2443 1978 1929
1398 11 2 2 3 428 426 1674 1707 1041 2598 2386 2203 1945 2599
1399 11 2 2 3 117 1670 9 1673 1918 2600 162 1893 2601 1857
1400 11 2 2 3 472 580 495 1699 1281 1280 1279 2422 2602 2305
1401 11 2 2 3 100 102 73 1661 305 249 306 2108 2427 2559
1402 11 2 2 3 501 1628 601 1651 2603 2001 1384 2604 1999 2000
1403 11 2 2 3 410 1643 1630 1709 2129 2076 2109 2605 2606 2356
1404 11 2 2 3 397 538 1650 1704 895 2414 2134 2257 2066 2595
1405 11 2 2 3 1641 1642 54 1657 2150 2260 2607 2255 2259 1770
1406 11 2 2 3 485 546 576 1647 1323 1055 1338 2593 2430 2446
1407 11 2 2 3 364 1659 595 1675 2608 2609 748 2610 2611 1829
1408 11 2 2 3 115 1696 1711 1712 2612 2613 2614 2615 2616 1934
1409 11 2 2 3 435 428 426 1674 1050 1041 1051 1922 2598 2386
1410 11 2 2 3 578 396 398 1702 900 898 901 2478 2251 2063
1411 11 2 2 3 1633 1637 108 1686 1809 1835 1869 2496 2617 2497
1412 11 2 2 3 1630 1638 550 1709 1898 1897 1899 2606 2618 2245
1413 11 2 2 3 480 1628 587 1632 2535 2289 1311 2434 2362 2262
1414 11 2 2 3 1633 1661 437 1697 2485 2619 2620 2225 2621 2622
1415 11 2 2 3 109 1628 1632 1693 2137 2262 2623 2489 2156 2293
1416 11 2 2 3 421 1646 396 1655 2550 2364 891 2551 2084 2363
1417 11 2 2 3 609 564 1646 1655 1025 2578 2549 2350 2363 2351
1418 11 2 2 3 366 355 509 1696 642 706 705 2445 1749 2338
1419 11 2 2 3 520 1656 1644 1676 2624 2625 2626 2627 2010 1833
1420 11 2 2 3 361 23 569 1672 663 658 666 2277 2539 2024
1421 11 2 2 3 404 1648 402 1686 2628 2629 929 2630 2631 2632
1422 11 2 2 3 402 1648 1637 1686 2629 2399 2633 2631 2497 2632
1423 11 2 2 3 411 597 567 1643 962 977 976 2536 2221 2483
1424 11 2 2 3 481 1632 480 1634 2263 2434 1093 2265 2435 1920
1425 11 2 2 3 109 1628 83 1632 2137 2136 210 2623 2329 2262
1426 11 2 2 3 423 1661 1660 1697 2634 1991 2369 2370 2312 2622
1427 11 2 2 3 49 1670 1691 1705 2500 2115 2502 2635 2250 2249
1428 11 2 2 3 47 1659 1651 1672 2636 2004 2637 2638 1911 2184
1429 11 2 2 3 98 1656 45 1676 2639 1820 183 2640 2015 1833
1430 11 2 2 3 440 473 542 1641 1120 1122 827 2168 2238 2493
1431 11 2 2 3 560 1687 518 1699 1965 2641 1212 2121 2642 2122
1432 11 2 2 3 393 422 395 1704 886 885 884 2343 2643 2516
1433 11 2 2 3 497 1668 571 1688 2081 2029 1372 2069 2088 1875
1434 11 2 2 3 66 1637 68 1648 2644 2645 270 2646 2279 2399
1435 11 2 2 3 20 1682 523 1703 2647 2648 646 2649 2650 2651
1436 11 2 2 3 68 1648 1637 1702 2279 2399 2645 2280 2402 1942
1437 11 2 2 3 66 69 68 1637 272 273 270 2644 2645 2200
1438 11 2 2 3 551 392 557 1646 867 880 882 1789 2544 1721
1439 11 2 2 3 1629 58 1674 1708 2652 2653 2432 2207 2523 2654
1440 11 2 2 3 97 93 113 1635 189 352 340 2655 2570 2571
1441 11 2 2 3 112 1666 80 1667 2656 2007 336 2657 2097 1724
1442 11 2 2 3 411 412 1643 1697 969 2075 2536 2537 2226 2567
1443 11 2 2 3 459 451 405 1685 945 944 946 2658 2098 2458
1444 11 2 2 3 62 106 1630 1709 253 2026 2324 2659 2606 2321
1445 11 2 2 3 68 1637 69 1702 2645 2200 273 2280 2660 2402
1446 11 2 2 3 382 537 383 1662 829 828 824 2286 2037 2271
1447 11 2 2 3 424 1639 1654 1707 2661 1737 2662 2663 2597 2664
1448 11 2 2 3 421 396 578 1655 891 900 902 2551 2477 2084
1449 11 2 2 3 610 1629 427 1708 2665 2594 1053 2666 2530 2207
1450 11 2 2 3 559 607 449 1645 1166 1165 1163 1950 2667 2274
1451 11 2 2 3 399 1650 1637 1702 2198 1738 2197 2668 2402 2062
1452 11 2 2 3 58 1647 1629 1674 2669 2429 2652 2653 2432 2420
1453 11 2 2 3 54 1642 1671 1689 2260 1904 2670 2261 1905 1774
1454 11 2 2 3 507 1633 467 1663 2671 1811 988 2323 1813 1812
1455 11 2 2 3 559 1645 449 1683 1950 2667 1163 1960 2672 1959
1456 11 2 2 3 446 534 1680 1681 1137 2673 2456 2457 1891 2674
1457 11 2 2 3 531 1629 610 1708 1792 2665 1381 2206 2666 2207
1458 11 2 2 3 364 1673 1659 1675 2675 2187 2608 2610 1829 2212
1459 11 2 2 3 608 370 356 1705 716 715 696 2469 2393 2248
1460 11 2 2 3 478 555 588 1689 807 1307 1306 2676 2300 2412
1461 11 2 2 3 547 1650 570 1678 2204 2413 1408 2205 2416 1843
1462 11 2 2 3 490 600 509 1685 1353 1216 707 2677 1748 2678
1463 11 2 2 3 390 434 391 1666 869 868 864 2018 2384 1761
1464 11 2 2 3 415 416 1640 1697 979 2309 2679 2565 2311 2310
1465 11 2 2 3 47 1628 109 1651 2680 2137 192 2637 2488 2000
1466 11 2 2 3 521 361 1659 1672 673 2154 2185 2183 2184 2277
1467 11 2 2 3 64 1633 108 1686 2681 1869 262 2682 2617 2496
1468 11 2 2 3 404 1677 1648 1686 2683 2190 2628 2630 2632 2426
1469 11 2 2 3 407 1677 404 1686 2554 2683 938 2588 2630 2426
1470 11 2 2 3 425 424 1639 1654 1016 2661 2398 2590 1737 2662
1471 11 2 2 3 484 1634 482 1647 1861 2418 1320 1863 2417 1862
1472 11 2 2 3 57 1629 58 1647 2684 2652 221 2407 2669 2429
1473 11 2 2 3 62 65 106 1709 251 252 253 2659 2321 2322
1474 11 2 2 3 548 1630 550 1709 2685 1899 1077 2686 2618 2606
1475 11 2 2 3 58 1654 104 1674 2687 2596 234 2653 2591 2520
1476 11 2 2 3 48 1675 9 1688 2367 2688 161 2368 2689 1926
1477 11 2 2 3 388 1666 389 1667 2404 1936 853 2199 2193 1724
1478 11 2 2 3 447 563 465 1678 1140 1157 1156 1907 2690 2090
1479 11 2 2 3 512 605 442 1663 1132 1131 1105 2487 2215 2564
1480 11 2 2 3 490 509 1684 1685 707 1746 2691 2677 1747 1748
1481 11 2 2 3 1692 1701 1 1705 2141 2692 2693 2577 2694 2072
1482 11 2 2 3 71 1679 1655 1687 2695 1963 2696 2697 1967 1966
1483 11 2 2 3 374 1669 1657 1682 2518 2124 2517 2698 2699 1917
1484 11 2 2 3 508 1676 1671 1689 2582 2162 2700 2583 1905 2360
1485 11 2 2 3 77 53 1671 1676 217 2701 2167 2011 2162 2702
1486 11 2 2 3 364 521 1659 1673 679 2185 2608 2675 2187 2186
1487 11 2 2 3 1628 1651 47 1659 2000 2637 2680 2003 2636 2004
1488 11 2 2 3 477 1680 534 1681 2703 2673 1152 2704 2674 1891
1489 11 2 2 3 107 1638 75 1683 2027 2174 316 2233 2428 1990
1490 11 2 2 3 450 1652 491 1684 2032 2452 1168 2033 2451 2034
1491 11 2 2 3 44 82 1684 1685 178 2705 1755 1754 1747 2706
1492 11 2 2 3 481 602 1628 1634 1316 2334 2264 2265 2020 2509
1493 11 2 2 3 470 533 463 1681 1236 1235 1233 1970 2525 2138
1494 11 2 2 3 378 553 1642 1671 811 2119 1769 1903 1904 2120
1495 11 2 2 3 2 115 1696 1711 134 2612 2707 2708 2613 2614
1496 11 2 2 3 62 1630 1640 1643 2324 1805 2409 2709 2077 2076
1497 11 2 2 3 611 492 1639 1710 1357 2710 2711 2712 2713 2714
1498 11 2 2 3 1658 1669 517 1672 2298 2548 2547 2580 2715 1915
1499 11 2 2 3 462 1638 550 1652 2287 1897 1087 2288 1900 1902
1500 11 2 2 3 550 548 593 1630 1077 1415 1396 1899 2313 2685
1501 11 2 2 3 526 1711 1696 1712 2716 2613 2717 2718 1934 2616
1502 11 2 2 3 521 24 361 1672 671 662 673 2183 2277 2227
1503 11 2 2 3 1680 1681 477 1701 1891 2704 2703 2375 2719 2142
1504 11 2 2 3 481 480 435 1634 1093 1059 1094 2265 1919 2435
1505 11 2 2 3 599 1636 494 1687 2720 2473 1127 2721 2471 2472
1506 11 2 2 3 510 520 1644 1676 779 2626 2722 2723 2010 2627
1507 11 2 2 3 602 483 522 1659 1317 1328 1329 2335 2437 1824
1508 11 2 2 3 593 556 505 1630 1397 1043 1395 2313 1995 1734
1509 11 2 2 3 534 1680 477 1701 2673 2703 1152 2724 2719 2375
1510 11 2 2 3 83 1632 1628 1634 2329 2262 2136 2328 2020 1920
1511 11 2 2 3 94 1698 1692 1700 2725 1972 2726 2727 2294 2296
1512 11 2 2 3 397 395 538 1704 894 896 895 2257 2595 2643
1513 11 2 2 3 555 377 1669 1689 792 2125 2411 2412 2126 1777
1514 11 2 2 3 87 107 75 1683 315 316 314 2449 2428 2233
1515 11 2 2 3 577 1645 535 1677 2728 2130 1072 2729 2189 2177
1516 11 2 2 3 97 1642 1635 1662 2730 2151 2655 2731 2036 2104
1517 11 2 2 3 612 1656 520 1676 2732 2624 783 2733 2627 1833
1518 11 2 2 3 587 452 573 1632 1181 1173 1182 2362 2314 2587
1519 11 2 2 3 526 1690 4 1696 2734 2735 625 2717 2736 2737
1520 11 2 2 3 527 507 414 1663 990 989 991 2195 1742 2323
1521 11 2 2 3 1654 1674 426 1707 2520 2598 2738 2597 2599 1945
1522 11 2 2 3 9 1675 1670 1688 2688 2213 2600 2689 2464 1926
1523 11 2 2 3 526 1696 359 1712 2717 1973 637 2718 1975 1934
1524 11 2 2 3 437 1633 512 1661 2620 2486 1106 2619 2484 2485
1525 11 2 2 3 83 58 104 1674 223 234 207 2330 2591 2653
1526 11 2 2 3 54 1641 97 1642 2607 2739 188 2260 2730 2150
1527 11 2 2 3 425 1639 424 1707 2398 2661 1016 2740 2663 2664
1528 11 2 2 3 497 486 487 1647 1339 1335 1340 2049 2440 1849
1529 11 2 2 3 440 1636 457 1712 2372 2741 1118 2170 2742 2373
1530 11 2 2 3 478 588 1658 1689 1306 2299 2743 2676 2301 2300
1531 11 2 2 3 384 1671 553 1706 2106 2120 822 2339 2744 2165
1532 11 2 2 3 368 1656 367 1670 2745 1855 712 2746 1853 1854
1533 11 2 2 3 21 523 20 1682 647 646 33 1859 2647 2648
1534 11 2 2 3 54 1669 1657 1689 2747 2124 2259 2261 1773 2126
1535 11 2 2 3 29 1688 363 1705 2748 1874 615 2749 2071 2070
1536 11 2 2 3 86 1644 77 1664 2750 2009 326 2751 2256 2240
1537 11 2 2 3 420 426 1654 1674 1019 2738 2521 2519 2520 2598
1538 11 2 2 3 64 1643 1633 1686 2752 2222 2681 2682 2496 2424
1539 11 2 2 3 58 56 1647 1674 222 1894 2669 2653 2420 2753
1540 11 2 2 3 44 82 111 1684 178 179 140 1755 2235 2705
1541 11 2 2 3 359 19 562 1703 635 640 643 1974 2754 2128
1542 11 2 2 3 110 1639 79 1652 2755 1845 331 2756 2048 1998
1543 11 2 2 3 417 556 549 1630 1005 1007 982 1803 2110 1734
1544 11 2 2 3 589 493 471 1698 1272 1269 1273 2283 2757 2284
1545 11 2 2 3 85 86 77 1664 325 326 324 1880 2256 2751
1546 11 2 2 3 379 376 378 1642 800 798 801 2252 1769 2132
1547 11 2 2 3 528 1653 1631 1700 2758 2541 2759 2760 2017 2761
1548 11 2 2 3 395 1653 538 1704 2762 2461 896 2643 2595 2543
1549 11 2 2 3 534 477 613 1701 1152 1302 1301 2724 2763 2719
1550 11 2 2 3 499 487 576 1629 1346 1337 1347 2266 2431 2441
1551 11 2 2 3 90 67 68 1679 276 271 275 2499 2278 2391
1552 11 2 2 3 59 1629 1660 1708 1725 1728 1727 2764 2208 2207
1553 11 2 2 3 1654 1674 58 1708 2520 2653 2687 2231 2654 2523
1554 11 2 2 3 79 1639 104 1654 1845 2765 244 1817 2596 1737
1555 11 2 2 3 1640 1654 60 1708 1847 1816 1846 2230 2766 2231
1556 11 2 2 3 513 1633 597 1686 2584 2482 1401 2585 2524 2496
1557 11 2 2 3 508 1671 476 1689 2700 2050 1297 2583 2051 1905
1558 11 2 2 3 407 404 406 1686 938 930 939 2588 2767 2630
1559 11 2 2 3 114 1628 47 1659 2021 2680 195 2022 2636 2003
1560 11 2 2 3 9 10 48 1688 16 160 161 2689 2368 2768
1561 11 2 2 3 93 1635 97 1641 2571 2655 189 2769 2739 2147
1562 11 2 2 3 512 1633 507 1663 2486 2671 1256 2487 2323 1812
1563 11 2 2 3 533 1692 3 1701 2139 2575 621 2140 2574 2141
1564 11 2 2 3 1644 1664 86 1665 2240 2751 2750 2506 2770 1787
1565 11 2 2 3 410 1630 549 1709 2109 2110 970 2605 2771 2606
1566 11 2 2 3 449 577 432 1645 1082 1071 1080 2667 1986 2728
1567 11 2 2 3 505 462 550 1652 1231 1087 1232 1997 1900 2288
1568 11 2 2 3 452 573 1632 1693 1173 2314 2587 2292 2156 2315
1569 11 2 2 3 405 429 360 1693 733 732 730 2100 2346 2345
1570 11 2 2 3 70 1655 1702 1704 2772 2083 2773 2774 2065 2085
1571 11 2 2 3 361 569 601 1651 666 739 738 2153 1999 2538
1572 11 2 2 3 519 589 1665 1692 1227 2532 2775 2776 2531 2281
1573 11 2 2 3 535 1648 404 1677 2131 2628 940 2189 2683 2190
1574 11 2 2 3 441 1635 383 1694 2777 2038 834 2778 2040 2039
1575 11 2 2 3 528 422 1631 1653 887 2515 2759 2758 2541 2542
1576 11 2 2 3 86 1664 85 1665 2751 1880 325 2770 2023 1787
1577 11 2 2 3 438 1660 423 1661 1993 2369 1033 1992 2634 1991
1578 11 2 2 3 59 58 1629 1708 227 2652 1725 2764 2207 2654
1579 11 2 2 3 440 457 473 1712 1118 1121 1120 2170 2494 2742
1580 11 2 2 3 441 440 1635 1636 833 2169 2777 2779 2371 2372
1581 11 2 2 3 449 1645 432 1683 2667 1986 1080 2672 1989 1959
1582 11 2 2 3 98 1644 49 1656 2780 2781 202 2639 2501 2625
1583 11 2 2 3 415 1640 412 1697 2679 2073 973 2565 2567 2311
1584 11 2 2 3 364 26 1673 1675 674 2210 2675 2610 2212 2211
1585 11 2 2 3 390 541 1664 1666 857 2269 2194 2018 1762 2508
1586 11 2 2 3 52 45 1658 1689 158 1818 2782 2783 2301 2784
1587 11 2 2 3 20 1695 1682 1703 2785 1802 2647 2649 2651 2144
1588 11 2 2 3 604 1678 539 1698 2786 2787 1249 2788 2789 1928
1589 11 2 2 3 517 588 555 1669 726 1307 787 2548 2411 2297
1590 11 2 2 3 488 1683 1684 1690 2790 2055 2791 2792 2793 1961
1591 11 2 2 3 412 417 549 1640 980 982 971 2073 2349 1804
1592 11 2 2 3 1649 1679 90 1687 2490 2499 2586 2492 2794 1966
1593 11 2 2 3 52 53 45 1689 180 181 158 2783 2784 2795
1594 11 2 2 3 93 1635 1641 1712 2571 2147 2769 2796 2172 2171
1595 11 2 2 3 411 415 412 1697 974 973 969 2537 2567 2565
1596 11 2 2 3 517 1669 373 1672 2548 1946 667 2715 1947 1915
1597 11 2 2 3 1670 1688 28 1705 2464 2797 2798 2249 2799 2070
1598 11 2 2 3 374 1657 357 1682 2517 2800 717 2698 2801 2699
1599 11 2 2 3 561 364 595 1675 751 748 752 2802 2611 2610
1600 11 2 2 3 581 1671 508 1676 2803 2700 1291 2804 2582 2162
1601 11 2 2 3 420 427 426 1674 1021 1020 1019 2519 2598 2529
1602 11 2 2 3 1634 1647 56 1674 1862 1894 1895 1924 2753 2420
1603 11 2 2 3 437 1661 423 1697 2619 2634 995 2621 2370 2622
1604 11 2 2 3 537 1662 385 1667 2271 1851 832 2562 1858 1791
1605 11 2 2 3 8 55 1659 1673 157 1954 2805 2806 2187 2807
1606 11 2 2 3 67 1648 1645 1677 2389 1980 2390 2808 2177 2190
1607 11 2 2 3 446 477 534 1681 1150 1152 1137 2457 2674 2704
1608 11 2 2 3 589 1698 471 1700 2283 2757 1273 2295 2809 2296
1609 11 2 2 3 395 422 538 1653 885 897 896 2762 2461 2542
1610 11 2 2 3 450 448 1683 1684 1083 2513 2054 2033 2055 2810
1611 11 2 2 3 474 436 475 1706 851 1099 1098 2242 2166 2527
1612 11 2 2 3 514 362 1675 1688 741 2319 1925 1866 1926 2463
1613 11 2 2 3 8 1659 1672 1673 2805 2184 2811 2806 2188 2187
1614 11 2 2 3 1646 1667 92 1699 1723 2812 2058 2179 2813 2180
1615 11 2 2 3 445 532 530 1680 1144 1143 1145 2481 1731 2388
1616 11 2 2 3 115 116 1696 1712 135 1932 2612 2615 1934 1933
1617 11 2 2 3 67 1648 68 1679 2389 2279 271 2391 2278 1938
1618 11 2 2 3 19 1695 562 1703 2143 2814 640 2128 2754 2144
1619 11 2 2 3 54 96 1657 1669 185 2815 2259 2747 2124 2816
1620 11 2 2 3 564 1646 1655 1699 2578 2363 2351 2566 2123 2179
1621 11 2 2 3 513 566 467 1633 1259 927 1257 2584 1811 2479
1622 11 2 2 3 549 1630 548 1709 2110 2685 972 2771 2686 2606
1623 11 2 2 3 499 610 531 1629 1382 1381 1380 2266 1792 2665
1624 11 2 2 3 101 1663 100 1678 1796 2093 330 2042 2191 1844
1625 11 2 2 3 62 1630 1643 1709 2324 2076 2709 2659 2356 2606
1626 11 2 2 3 579 474 1644 1664 1289 2239 2504 2503 2240 2241
1627 11 2 2 3 427 1629 576 1674 2594 2431 1056 2529 2433 2432
1628 11 2 2 3 467 507 512 1633 988 1256 1255 1811 2486 2671
1629 11 2 2 3 399 1637 400 1702 2197 2401 909 2668 2403 2402
1630 11 2 2 3 363 1701 3 1705 1877 2574 614 2071 2576 2072
1631 11 2 2 3 9 1673 1670 1675 2601 1857 2600 2688 2213 2212
1632 11 2 2 3 56 55 48 1675 198 165 197 1896 2367 1956
1633 11 2 2 3 405 1693 360 1695 2100 2346 730 2101 2096 2102
1634 11 2 2 3 394 393 395 1704 879 884 883 2342 2643 2343
1635 11 2 2 3 9 1670 10 1688 2600 2817 16 2689 2768 2464
1636 11 2 2 3 599 494 540 1687 1127 1365 1366 2721 2818 2471
1637 11 2 2 3 46 1641 54 1657 2819 2607 186 2820 2259 2255
1638 11 2 2 3 406 404 402 1686 930 929 931 2767 2631 2630
1639 11 2 2 3 601 522 361 1659 737 736 738 2002 2154 2437
1640 11 2 2 3 514 594 362 1688 743 742 741 1866 2463 1867
1641 11 2 2 3 433 432 1638 1683 1073 1988 2052 2053 1990 1989
1642 11 2 2 3 500 501 601 1651 1178 1384 1383 2821 1999 2604
1643 11 2 2 3 107 110 79 1652 333 331 332 2043 2048 2756
1644 11 2 2 3 70 1702 1650 1704 2773 2062 2822 2774 2066 2065
1645 11 2 2 3 71 1687 1655 1699 2697 1967 2696 2823 2123 2122
1646 11 2 2 3 496 1636 1687 1711 2824 2472 2825 2826 2827 2828
1647 11 2 2 3 1640 60 1660 1708 1846 2829 2308 2230 2208 2766
1648 11 2 2 3 55 1659 1673 1675 1954 2187 2807 1956 2212 1829
1649 11 2 2 3 377 376 374 1657 790 789 791 1776 2517 2005
1650 11 2 2 3 20 21 1682 1695 33 1859 2647 2785 1802 1860
1651 11 2 2 3 374 357 1669 1682 717 2830 2518 2698 1917 2801
1652 11 2 2 3 475 436 581 1671 1099 1101 1100 2164 2803 2526
1653 11 2 2 3 453 1648 413 1679 1957 1979 936 1958 1982 1938
1654 11 2 2 3 577 535 430 1677 1072 957 1070 2729 2243 2189
1655 11 2 2 3 539 1678 1653 1698 2787 2462 2831 2789 2832 1928
1656 11 2 2 3 493 1692 470 1698 2282 1968 1268 2284 1971 1972
1657 11 2 2 3 441 1636 1635 1694 2779 2371 2777 2778 2039 2475
1658 11 2 2 3 536 559 1683 1690 1164 1960 2833 2834 1961 1951
1659 11 2 2 3 528 586 1653 1700 1029 2835 2758 2760 2761 2836
1660 11 2 2 3 72 1653 1650 1678 2837 2460 2838 2839 1843 2462
1661 11 2 2 3 492 1652 1639 1710 2840 1998 2710 2714 2713 2841
1662 11 2 2 3 468 559 489 1649 1263 1262 1261 2842 2843 1948
1663 11 2 2 3 472 383 537 1694 836 828 837 2421 2272 2040
1664 11 2 2 3 66 108 1637 1686 263 1835 2644 2844 2497 2617
1665 11 2 2 3 488 536 1683 1690 1162 2833 2790 2792 1961 2834
1666 11 2 2 3 1690 1696 526 1711 2737 2717 2734 2845 2716 2613
1667 11 2 2 3 472 494 1694 1699 1126 2474 2421 2422 2306 2558
1668 11 2 2 3 567 1633 437 1697 2223 2620 997 2224 2621 2225
1669 11 2 2 3 364 25 521 1673 675 670 679 2675 2186 2336
1670 11 2 2 3 94 1692 1665 1700 2726 2531 2846 2727 1807 2294
1671 11 2 2 3 422 1653 395 1704 2542 2762 885 2516 2643 2543
1672 11 2 2 3 109 50 1651 1693 193 2219 2488 2489 2217 2218
1673 11 2 2 3 396 1646 394 1704 2364 2348 888 2064 2342 2365
1674 11 2 2 3 104 1639 110 1710 2765 2755 211 2847 2848 2713
1675 11 2 2 3 117 9 45 1673 162 155 164 1893 1821 2601
1676 11 2 2 3 82 1652 107 1684 2849 2043 341 2705 2234 2034
1677 11 2 2 3 97 1635 81 1662 2655 2850 259 2731 2851 2036
1678 11 2 2 3 387 389 388 1666 854 853 846 1778 2404 1936
1679 11 2 2 3 50 1693 44 1695 2218 2470 146 2220 1766 2102
1680 11 2 2 3 4 1690 526 1711 2735 2734 625 2852 2716 2845
1681 11 2 2 3 64 108 66 1686 262 263 260 2682 2844 2617
1682 11 2 2 3 76 1631 74 1704 2561 1870 301 2853 2854 2344
1683 11 2 2 3 489 1649 559 1690 2843 1948 1262 2855 1951 1953
1684 11 2 2 3 1633 1643 64 1697 2222 2752 2681 2225 2856 2226
1685 11 2 2 3 60 79 104 1654 243 244 233 1816 2596 1817
1686 11 2 2 3 543 1657 1641 1703 2268 2255 2267 2857 2858 2859
1687 11 2 2 3 402 1637 566 1686 2633 2480 923 2631 2495 2497
1688 11 2 2 3 98 77 1644 1676 218 2009 2780 2640 2010 2011
1689 11 2 2 3 56 57 58 1647 200 221 222 1894 2669 2407
1690 11 2 2 3 478 1658 511 1689 2743 2358 1305 2676 2359 2301
1691 11 2 2 3 51 1685 44 1693 2860 1754 176 2861 2470 2099
1692 11 2 2 3 378 476 553 1671 803 812 811 1903 2120 2050
1693 11 2 2 3 513 597 566 1686 1401 952 1259 2585 2495 2524
1694 11 2 2 3 7 1651 6 1682 2395 2117 13 2396 2116 1797
1695 11 2 2 3 374 375 357 1657 720 719 717 2517 2800 2862
1696 11 2 2 3 59 60 58 1708 231 232 227 2764 2654 2766
1697 11 2 2 3 475 1671 581 1676 2164 2803 1100 2163 2804 2162
1698 11 2 2 3 106 1638 1630 1709 2028 1898 2026 2321 2606 2245
1699 11 2 2 3 508 581 476 1671 1291 1299 1297 2700 2050 2803
1700 11 2 2 3 62 1643 65 1709 2709 2863 251 2659 2322 2356
1701 11 2 2 3 439 390 541 1664 871 857 872 1784 2269 2194
1702 11 2 2 3 23 517 373 1672 664 667 657 2024 1947 2715
1703 11 2 2 3 478 511 508 1689 1305 1304 1298 2676 2583 2359
1704 11 2 2 3 47 8 1659 1672 148 2805 2636 2638 2184 2811
1705 11 2 2 3 2 1696 1690 1711 2707 2737 2864 2708 2845 2613
1706 11 2 2 3 104 1632 1707 1710 2865 1944 2592 2847 2866 2160
1707 11 2 2 3 99 1692 94 1698 1976 2726 172 1978 2725 1972
1708 11 2 2 3 505 611 492 1639 1045 1357 1230 1996 2710 2711
1709 11 2 2 3 424 1654 426 1707 2662 2738 1018 2663 2599 2597
1710 11 2 2 3 465 1678 604 1698 2690 2786 1239 2867 2788 1928
1711 11 2 2 3 509 459 405 1685 947 946 757 1748 2098 2658
1712 11 2 2 3 69 1650 70 1702 2201 2822 280 2660 2773 2062
1713 11 2 2 3 59 1660 60 1708 1727 2829 231 2764 2766 2208
1714 11 2 2 3 102 108 1633 1663 264 1869 2868 2560 1812 1836
1715 11 2 2 3 29 28 1688 1705 41 2797 2748 2749 2070 2799
1716 11 2 2 3 60 61 1640 1660 236 2869 1846 2829 2308 2870
1717 11 2 2 3 109 1632 51 1693 2623 2871 204 2489 2861 2156
1718 11 2 2 3 375 1682 1657 1703 2872 2699 2862 2873 2859 2651
1719 11 2 2 3 491 1652 582 1685 2452 2874 1355 2453 2875 2454
1720 11 2 2 3 501 452 587 1628 1179 1181 1180 2603 2289 2290
1721 11 2 2 3 473 591 1641 1712 1285 2876 2493 2494 2172 2877
1722 11 2 2 3 399 401 400 1637 914 913 909 2197 2401 2540
1723 11 2 2 3 537 385 388 1667 832 845 847 2562 2199 1858
1724 11 2 2 3 388 389 551 1667 853 859 858 2199 1753 2193
1725 11 2 2 3 458 518 560 1687 1211 1212 1196 2325 1965 2641
1726 11 2 2 3 558 569 22 1651 661 659 652 1799 1910 2538
1727 11 2 2 3 84 1645 90 1649 2878 2498 279 2379 2586 1949
1728 11 2 2 3 1644 1656 372 1691 2625 2879 2880 2881 2882 2113
1729 11 2 2 3 390 387 541 1666 856 848 857 2018 2508 1778
1730 11 2 2 3 505 1639 492 1652 1996 2710 1230 1997 2840 1998
1731 11 2 2 3 485 484 482 1647 1321 1320 1322 2593 2417 1863
1732 11 2 2 3 375 523 1682 1703 721 2648 2872 2873 2651 2650
1733 11 2 2 3 1648 1677 66 1686 2190 2883 2646 2632 2844 2426
1734 11 2 2 3 396 395 397 1704 889 894 893 2064 2257 2643
1735 11 2 2 3 456 1649 466 1687 2491 2884 1199 2378 2885 2492
1736 11 2 2 3 61 1660 73 1661 2870 1984 238 2886 2427 1991
1737 11 2 2 3 60 1654 58 1708 1816 2687 232 2766 2654 2231
1738 11 2 2 3 357 1657 375 1682 2800 2862 719 2801 2872 2699
1739 11 2 2 3 1 1701 95 1705 2692 2333 120 2694 2557 2072
1740 11 2 2 3 468 1649 489 1711 2842 2843 1261 2887 2888 2889
1741 11 2 2 3 373 374 357 1669 718 717 660 1946 2830 2518
1742 11 2 2 3 528 586 422 1653 1029 1028 887 2758 2542 2835
1743 11 2 2 3 92 112 80 1667 312 336 335 2812 2097 2657
1744 11 2 2 3 410 549 548 1709 970 972 964 2605 2686 2771
1745 11 2 2 3 93 1636 1635 1712 2573 2371 2571 2796 2171 2373
1746 11 2 2 3 495 551 557 1699 1370 882 1369 2602 2545 2178
1747 11 2 2 3 566 401 467 1637 924 925 927 2480 1810 2540
1748 11 2 2 3 522 601 501 1628 737 1384 1386 2436 2603 2001
1749 11 2 2 3 63 77 1671 1706 216 2167 2890 2891 2165 2012
1750 11 2 2 3 67 66 1648 1677 265 2646 2389 2808 2190 2883
1751 11 2 2 3 457 1636 496 1712 2741 2824 1206 2742 2892 2373
1752 11 2 2 3 50 51 44 1693 175 176 146 2218 2470 2861
1753 11 2 2 3 54 52 96 1669 212 153 185 2747 2816 2893
1754 11 2 2 3 489 1649 1690 1711 2843 1953 2855 2888 2845 2889
1755 11 2 2 3 539 570 1653 1678 1247 2579 2831 2787 2462 2416
1756 11 2 2 3 83 1634 56 1674 2328 1895 224 2330 2753 1924
1757 11 2 2 3 62 1643 1640 1697 2709 2077 2409 2894 2311 2226
1758 11 2 2 3 443 438 1661 1680 1108 1992 2078 2079 1886 1994
1759 11 2 2 3 413 404 535 1648 934 940 942 1979 2131 2628
1760 11 2 2 3 75 67 1645 1677 267 2390 2173 2175 2177 2808
1761 11 2 2 3 104 51 1632 1710 208 2871 2865 2847 2160 2895
1762 11 2 2 3 553 1671 436 1706 2120 2526 842 2744 2527 2165
1763 11 2 2 3 579 474 510 1644 1289 1287 1290 2504 2722 2239
1764 11 2 2 3 496 1687 466 1711 2825 2885 1252 2826 2896 2827
1765 11 2 2 3 364 565 26 1675 684 683 674 2610 2211 2507
1766 11 2 2 3 54 46 97 1641 186 187 188 2607 2739 2819
1767 11 2 2 3 1633 1661 102 1663 2485 2559 2868 1812 2560 1883
1768 11 2 2 3 584 585 1644 1665 784 2897 2898 2899 2506 2900
1769 11 2 2 3 375 1657 543 1703 2862 2268 793 2873 2857 2859
1770 11 2 2 3 553 380 378 1642 810 809 811 2119 1769 2232
1771 11 2 2 3 28 1670 362 1688 2798 2316 688 2797 2463 2464
1772 11 2 2 3 57 1629 1647 1668 2684 2429 2407 2465 2080 1745
1773 11 2 2 3 430 1677 409 1709 2243 2466 956 2246 2467 2247
1774 11 2 2 3 425 419 424 1654 1015 1013 1016 2590 2662 1841
1775 11 2 2 3 52 1669 1658 1672 2893 2298 2782 2901 2580 1915
1776 11 2 2 3 27 362 28 1670 689 688 40 2317 2798 2316
1777 11 2 2 3 538 539 570 1653 1030 1247 1414 2461 2579 2831
1778 11 2 2 3 494 1636 441 1694 2473 2779 1125 2474 2778 2475
1779 11 2 2 3 466 1687 1649 1711 2885 2492 2884 2896 2889 2827
1780 11 2 2 3 358 1658 517 1672 2581 2547 672 2568 2715 2580
1781 11 2 2 3 53 98 45 1676 182 183 181 2702 2015 2640
1782 11 2 2 3 357 373 1669 1682 660 1946 2830 2801 1917 2152
1783 11 2 2 3 567 597 513 1633 977 1401 1400 2223 2584 2482
1784 11 2 2 3 363 29 525 1688 615 692 698 1874 2902 2748
1785 11 2 2 3 547 414 399 1650 917 916 905 2204 2198 1739
1786 11 2 2 3 434 528 1631 1700 877 2759 2016 1765 2017 2760
1787 11 2 2 3 59 57 105 1629 226 228 229 1725 1726 2684
1788 11 2 2 3 607 529 503 1645 1389 1192 1390 2274 2046 2273
1789 11 2 2 3 357 375 523 1682 719 721 654 2801 2648 2872
1790 11 2 2 3 481 483 602 1634 1314 1317 1316 2265 2509 1826
1791 11 2 2 3 519 493 589 1692 1361 1272 1227 2776 2281 2282
1792 11 2 2 3 65 1643 1677 1709 2863 2353 2439 2322 2247 2356
1793 11 2 2 3 97 113 81 1635 340 338 259 2655 2850 2570
1794 11 2 2 3 49 98 86 1644 202 203 168 2781 2750 2780
1795 11 2 2 3 65 1677 1643 1686 2439 2353 2863 2903 2424 2426
1796 11 2 2 3 372 1644 520 1656 2880 2626 778 2879 2624 2625
1797 11 2 2 3 395 396 394 1704 889 888 883 2643 2342 2064
1798 11 2 2 3 1631 1646 74 1704 1757 1872 1870 2344 2854 2365
1799 11 2 2 3 433 448 432 1683 1079 1078 1073 2053 1989 2513
1800 11 2 2 3 456 454 1649 1679 1189 2904 2491 2377 2490 2145
1801 11 2 2 3 87 82 107 1684 342 341 315 2450 2234 2705
1802 11 2 2 3 63 1642 1662 1671 2905 2104 2906 2890 2107 1904
1803 11 2 2 3 586 1698 1653 1700 2907 2832 2835 2836 2761 2296
1804 11 2 2 3 516 1632 460 1710 2908 2155 1219 2909 2158 2160
1805 11 2 2 3 492 582 1652 1710 1356 2874 2840 2714 2841 2910
1806 11 2 2 3 1635 1636 113 1694 2371 2572 2570 2039 2911 2475
1807 11 2 2 3 555 478 377 1689 807 806 792 2412 1777 2676
1808 11 2 2 3 104 110 51 1710 211 205 208 2847 2895 2848
1809 11 2 2 3 105 1629 57 1668 1726 2684 228 1714 2465 1745
1810 11 2 2 3 406 408 407 1686 949 948 939 2767 2588 2425
1811 11 2 2 3 71 90 1679 1687 284 2499 2695 2697 1966 2794
1812 11 2 2 3 8 1672 1658 1673 2811 2580 2912 2806 1823 2188
1813 11 2 2 3 383 381 382 1635 823 818 824 2038 2285 2146
1814 11 2 2 3 604 465 539 1678 1239 1248 1249 2786 2787 2690
1815 11 2 2 3 384 553 436 1706 822 842 841 2339 2527 2744
1816 11 2 2 3 52 1669 54 1689 2893 2747 212 2783 2261 2126
1817 11 2 2 3 52 1658 8 1672 2782 2912 151 2901 2811 2580
1818 11 2 2 3 412 415 416 1640 973 979 978 2073 2309 2679
1819 11 2 2 3 1652 1685 110 1710 2454 2913 2756 2841 2848 2182
1820 11 2 2 3 555 377 374 1669 792 791 785 2411 2518 2125
1821 11 2 2 3 515 369 511 1658 760 766 722 1837 2358 1830
1822 11 2 2 3 9 55 1673 1675 156 2807 2601 2688 2212 1956
1823 11 2 2 3 447 446 444 1681 1138 1134 1139 1908 1889 2457
1824 11 2 2 3 1644 1656 98 1676 2625 2639 2780 2010 2640 1833
1825 11 2 2 3 47 1651 7 1672 2637 2395 149 2638 2394 1911
1826 11 2 2 3 420 1654 418 1708 2521 2092 1009 2522 2229 2231
1827 11 2 2 3 608 1670 28 1705 2468 2798 694 2469 2799 2249
1828 11 2 2 3 610 427 545 1708 1053 1022 1054 2666 2914 2530
1829 11 2 2 3 596 371 1691 1692 756 2915 2916 2917 2918 2919
1830 11 2 2 3 564 560 518 1699 1403 1212 1367 2566 2642 2121
1831 11 2 2 3 582 1685 1652 1710 2875 2454 2874 2910 2841 2182
1832 11 2 2 3 385 1662 384 1706 1851 2103 831 1852 2339 1782
1833 11 2 2 3 49 10 1670 1705 118 2817 2500 2635 2249 2920
1834 11 2 2 3 58 83 56 1674 223 224 222 2653 2753 2330
1835 11 2 2 3 8 1658 45 1673 2912 1818 154 2806 1821 1823
1836 11 2 2 3 418 420 419 1654 1009 1008 1004 2092 1841 2521
1837 11 2 2 3 101 72 1650 1678 288 2838 1794 2042 1843 2839
1838 11 2 2 3 97 1641 1635 1642 2739 2147 2655 2730 2151 2150
1839 11 2 2 3 85 1664 80 1666 1880 2528 323 1881 2007 1762
1840 11 2 2 3 516 573 460 1632 1218 1177 1219 2908 2155 2314
1841 11 2 2 3 60 59 61 1660 231 235 236 2829 2870 1727
1842 11 2 2 3 65 66 1677 1686 261 2883 2439 2903 2426 2844
1843 11 2 2 3 97 63 1642 1662 219 2905 2730 2731 2104 2906
1844 11 2 2 3 423 438 572 1660 1033 1036 1035 2369 2056 1993
1845 11 2 2 3 415 437 423 1697 996 995 994 2565 2370 2621
1846 11 2 2 3 1652 1684 82 1685 2034 2705 2849 2454 2706 1747
1847 11 2 2 3 554 400 403 1702 911 920 922 1940 2397 2403
1848 11 2 2 3 1653 1698 76 1700 2832 2921 2922 2761 2555 2296
1849 11 2 2 3 499 498 487 1668 1345 1344 1346 2361 2442 2923
1850 11 2 2 3 8 9 55 1673 15 156 157 2806 2807 2601
1851 11 2 2 3 69 72 70 1650 285 286 280 2201 2822 2838
1852 11 2 2 3 453 403 413 1648 935 933 936 1957 1979 2258
1853 11 2 2 3 461 1665 589 1700 2385 2532 1226 2552 2295 1807
1854 11 2 2 3 117 1656 49 1670 1892 2501 167 1918 2500 1854
1855 11 2 2 3 63 1671 1662 1706 2890 2107 2906 2891 1782 2165
1856 11 2 2 3 584 479 585 1665 1308 1309 784 2899 2900 2924
1857 11 2 2 3 510 475 520 1676 1288 1295 779 2723 2627 2163
1858 11 2 2 3 27 367 26 1670 681 680 39 2317 2209 1853
1859 11 2 2 3 460 451 459 1685 1175 945 1176 2181 2658 2458
1860 11 2 2 3 104 1707 1639 1710 2592 2664 2765 2847 2713 2866
1861 11 2 2 3 536 559 449 1683 1164 1163 1158 2833 2672 1960
1862 11 2 2 3 603 1684 355 1696 2925 2337 710 2926 2338 1751
1863 11 2 2 3 356 368 367 1670 713 712 690 2392 1853 2746
1864 11 2 2 3 3 1692 354 1705 2575 2927 619 2576 2928 2577
1865 11 2 2 3 552 611 1639 1710 1047 2711 2929 2930 2713 2712
1866 11 2 2 3 437 567 512 1633 997 1107 1106 2620 2486 2223
1867 11 2 2 3 80 1664 77 1706 2528 2256 256 2008 2012 2068
1868 11 2 2 3 491 582 600 1685 1355 1217 1354 2453 2678 2875
1869 11 2 2 3 468 466 1649 1711 1200 2884 2842 2887 2889 2896
1870 11 2 2 3 396 421 394 1646 891 890 888 2364 2348 2550
1871 11 2 2 3 481 602 587 1628 1316 1318 1312 2264 2289 2334
1872 11 2 2 3 95 1688 10 1705 2331 2768 121 2557 2920 2070
1873 11 2 2 3 1637 1650 69 1702 1738 2201 2200 2402 2660 2062
1874 11 2 2 3 610 576 427 1629 1057 1056 1053 2665 2594 2431
1875 11 2 2 3 73 61 59 1660 238 235 237 1984 1727 2870
1876 11 2 2 3 484 514 561 1675 1332 1334 1325 1864 2802 1925
1877 11 2 2 3 408 1643 410 1709 2354 2129 959 2355 2605 2356
1878 11 2 2 3 5 6 1695 1703 12 2118 2216 2087 2144 2931
1879 11 2 2 3 105 1668 95 1701 1714 2332 230 2374 2333 1878
1880 11 2 2 3 85 80 112 1666 323 336 322 1881 2656 2007
1881 11 2 2 3 380 384 382 1662 821 820 819 2423 2286 2103
1882 11 2 2 3 101 100 78 1678 330 328 304 2042 2340 2191
1883 11 2 2 3 76 1653 1631 1704 2922 2541 2561 2853 2344 2543
1884 11 2 2 3 381 440 542 1635 825 827 816 2146 2237 2169
1885 11 2 2 3 98 53 77 1676 182 217 218 2640 2011 2702
1886 11 2 2 3 488 1683 448 1684 2790 2513 1160 2791 2810 2055
1887 11 2 2 3 67 65 66 1677 266 261 265 2808 2883 2439
1888 11 2 2 3 611 583 492 1710 1359 1358 1357 2712 2714 2932
1889 11 2 2 3 596 371 365 1691 756 754 700 2916 2933 2915
1890 11 2 2 3 518 1687 494 1699 2641 2471 1363 2642 2558 2122
1891 11 2 2 3 355 603 490 1684 710 709 708 2337 2691 2925
1892 11 2 2 3 67 90 84 1645 276 279 277 2390 2878 2498
1893 11 2 2 3 472 495 494 1699 1279 1278 1126 2422 2558 2602
1894 11 2 2 3 1639 1652 110 1710 1998 2756 2755 2713 2848 2841
1895 11 2 2 3 355 490 509 1684 708 707 706 2337 1746 2691
1896 11 2 2 3 89 1687 1636 1711 2934 2472 2935 2936 2828 2827
1897 11 2 2 3 64 1643 62 1697 2752 2709 246 2856 2894 2226
1898 11 2 2 3 370 372 1656 1691 764 2879 2112 2114 2113 2882
1899 11 2 2 3 586 471 1698 1700 1275 2757 2907 2836 2296 2809
1900 11 2 2 3 362 565 514 1675 691 740 741 2319 1925 2507
1901 11 2 2 3 102 1661 1633 1697 2559 2485 2868 2937 2225 2622
1902 11 2 2 3 609 504 560 1655 1393 1197 1394 2350 1962 2553
1903 11 2 2 3 533 477 1681 1701 1237 2704 2138 2140 2142 2719
1904 11 2 2 3 357 22 373 1682 651 656 660 2801 2152 1913
1905 11 2 2 3 363 525 571 1688 698 746 745 1874 2088 2902
1906 11 2 2 3 487 485 576 1647 1336 1338 1337 2440 2430 2593
1907 11 2 2 3 1682 1695 6 1703 1802 2118 2116 2651 2931 2144
1908 11 2 2 3 450 488 448 1684 1161 1160 1083 2033 2810 2791
1909 11 2 2 3 421 578 609 1655 902 1027 1026 2551 2350 2477
1910 11 2 2 3 1650 1653 72 1704 2460 2837 2838 2066 2938 2543
1911 11 2 2 3 441 440 383 1635 833 826 834 2777 2038 2169
1912 11 2 2 3 528 422 393 1631 887 886 875 2759 2327 2515
1913 11 2 2 3 63 77 53 1671 216 217 215 2890 2701 2167
1914 11 2 2 3 61 62 1640 1697 240 2409 2869 2939 2311 2894
1915 11 2 2 3 562 1695 20 1703 2814 2785 641 2754 2649 2144
1916 11 2 2 3 576 610 499 1629 1057 1382 1347 2431 2266 2665
1917 11 2 2 3 385 384 386 1706 831 839 838 1852 2448 2339
1918 11 2 2 3 536 448 488 1683 1159 1160 1162 2833 2790 2513
1919 11 2 2 3 522 483 595 1659 1328 1327 1326 2437 2609 1824
1920 11 2 2 3 531 610 545 1708 1381 1054 1410 2206 2914 2666
1921 11 2 2 3 544 1660 531 1708 2510 1793 1411 2511 2206 2208
1922 11 2 2 3 405 366 509 1695 731 705 757 2101 1775 2444
1923 11 2 2 3 1641 1703 116 1712 2858 1930 2940 2172 1933 1935
1924 11 2 2 3 464 465 604 1698 1155 1239 1238 2045 2788 2867
1925 11 2 2 3 527 563 1663 1678 1243 2089 2195 2196 1844 2090
1926 11 2 2 3 49 1656 1644 1691 2501 2625 2781 2502 2881 2113
1927 11 2 2 3 47 109 50 1651 192 193 152 2637 2219 2488
1928 11 2 2 3 462 491 450 1652 1169 1168 1085 2288 2032 2452
1929 11 2 2 3 425 552 1639 1707 1038 2929 2398 2740 2664 2941
1930 11 2 2 3 81 1635 113 1694 2850 2570 338 2942 2911 2039
1931 11 2 2 3 544 416 423 1660 1001 993 1002 2510 2369 2307
1932 11 2 2 3 408 410 409 1709 959 958 954 2355 2467 2605
1933 11 2 2 3 72 70 1650 1704 286 2822 2838 2938 2066 2774
1934 11 2 2 3 447 464 463 1681 1154 1153 1149 1908 2525 2044
1935 11 2 2 3 543 379 542 1641 802 815 817 2267 2238 2253
1936 11 2 2 3 367 515 26 1673 685 677 680 1856 2210 1839
1937 11 2 2 3 556 425 505 1639 1017 1044 1043 1732 1996 2398
1938 11 2 2 3 391 434 528 1631 868 877 876 2383 2759 2016
1939 11 2 2 3 542 473 591 1641 1122 1285 1284 2238 2876 2493
1940 11 2 2 3 525 497 571 1688 1374 1372 746 2902 2088 2069
1941 11 2 2 3 104 1632 83 1707 2865 2329 207 2592 2376 1944
1942 11 2 2 3 478 588 511 1658 1306 725 1305 2743 2358 2299
1943 11 2 2 3 1637 1648 66 1686 2399 2646 2644 2497 2844 2632
1944 11 2 2 3 366 1695 19 1696 2444 2143 639 2445 2127 1768
1945 11 2 2 3 410 411 412 1643 960 969 968 2129 2075 2536
1946 11 2 2 3 53 54 1671 1689 213 2670 2701 2795 1905 2261
1947 11 2 2 3 484 483 482 1634 1319 1315 1320 1861 2418 1826
1948 11 2 2 3 88 1690 1649 1711 2381 1953 2380 2943 2889 2845
1949 11 2 2 3 1636 1687 91 1694 2472 2944 2945 2475 2946 2476
1950 11 2 2 3 71 1655 1646 1699 2696 2363 2947 2823 2179 2123
1951 11 2 2 3 51 110 1685 1710 205 2913 2860 2895 2182 2848
1952 11 2 2 3 532 571 1668 1701 1378 2029 2387 2546 1878 2030
1953 11 2 2 3 75 1645 84 1683 2173 2878 278 2428 2406 1959
1954 11 2 2 3 78 76 1653 1698 303 2922 2948 2443 2832 2921
1955 11 2 2 3 588 517 358 1658 726 672 724 2299 2581 2547
1956 11 2 2 3 442 437 512 1661 1104 1106 1105 2214 2484 2619
1957 11 2 2 3 114 47 55 1659 195 159 194 2022 1954 2636
1958 11 2 2 3 110 1652 82 1685 2756 2849 206 2913 2706 2454
1959 11 2 2 3 426 424 420 1654 1018 1014 1019 2738 2521 2662
1960 11 2 2 3 433 550 462 1638 1075 1087 1086 2052 2287 1897
1961 11 2 2 3 438 442 443 1661 1103 1109 1108 1992 2078 2214
1962 11 2 2 3 524 375 543 1703 796 793 797 2949 2857 2873
1963 11 2 2 3 550 1638 431 1709 1897 2533 1076 2618 2534 2245
1964 11 2 2 3 70 1646 1655 1704 2950 2363 2772 2774 2085 2365
1965 11 2 2 3 96 46 1657 1682 147 2820 2815 2951 2699 2952
1966 11 2 2 3 81 1662 1635 1694 2851 2036 2850 2942 2039 2041
1967 11 2 2 3 28 525 29 1688 693 692 41 2797 2748 2902
1968 11 2 2 3 533 470 574 1692 1236 1270 703 2139 2953 1968
1969 11 2 2 3 431 430 409 1709 965 956 966 2534 2467 2246
1970 11 2 2 3 539 586 604 1698 1032 1277 1249 2789 2788 2907
1971 11 2 2 3 529 456 454 1649 1190 1189 1191 2275 2904 2491
1972 11 2 2 3 407 409 430 1677 953 956 955 2554 2243 2466
1973 11 2 2 3 404 403 402 1648 928 921 929 2628 2629 2258
1974 11 2 2 3 65 1643 64 1686 2863 2752 250 2903 2682 2424
1975 11 2 2 3 508 511 590 1676 1304 767 1294 2582 2954 2357
1976 11 2 2 3 61 1660 1661 1697 2870 1991 2886 2939 2622 2312
1977 11 2 2 3 478 476 377 1689 805 804 806 2676 1777 2051
1978 11 2 2 3 416 418 417 1640 999 998 981 2309 1804 2091
1979 11 2 2 3 68 1655 71 1679 2455 2696 283 2278 2695 1963
1980 11 2 2 3 539 1653 586 1698 2831 2835 1032 2789 2907 2832
1981 11 2 2 3 441 383 472 1694 834 836 835 2778 2421 2040
1982 11 2 2 3 494 599 441 1636 1127 1124 1125 2473 2779 2720
1983 11 2 2 3 54 1642 63 1671 2260 2905 214 2670 2890 1904
1984 11 2 2 3 52 7 1669 1672 150 2589 2893 2901 1915 2394
1985 11 2 2 3 358 517 24 1672 672 665 668 2568 2227 2715
1986 11 2 2 3 458 456 466 1687 1194 1199 1198 2325 2885 2378
1987 11 2 2 3 397 538 547 1650 895 907 906 2134 2204 2414
1988 11 2 2 3 97 81 63 1662 259 257 219 2731 2906 2851
1989 11 2 2 3 7 96 1669 1682 145 2816 2589 2396 1917 2951
1990 11 2 2 3 102 1633 64 1697 2868 2681 248 2937 2856 2225
1991 11 2 2 3 402 566 406 1686 923 932 931 2631 2767 2495
1992 11 2 2 3 493 470 471 1698 1268 1240 1269 2284 2757 1971
1993 11 2 2 3 548 550 431 1709 1077 1076 967 2686 2534 2618
1994 11 2 2 3 554 1655 578 1702 2133 2477 912 1940 2478 2083
1995 11 2 2 3 61 1640 1660 1697 2869 2308 2870 2939 2312 2311
1996 11 2 2 3 407 535 404 1677 941 940 938 2554 2683 2189
1997 11 2 2 3 359 1703 592 1712 1974 2955 728 1975 2956 1935
1998 11 2 2 3 515 1658 358 1673 1837 2581 678 1839 2569 1823
1999 11 2 2 3 372 520 612 1656 778 783 765 2879 2732 2624
2000 11 2 2 3 20 562 19 1695 641 640 32 2785 2143 2814
2001 11 2 2 3 381 379 380 1642 813 808 814 2149 2232 2252
2002 11 2 2 3 497 487 498 1668 1340 1344 1343 2081 2923 2442
2003 11 2 2 3 91 1694 1687 1699 2946 2476 2944 2957 2122 2306
2004 11 2 2 3 496 540 466 1687 1254 1209 1252 2825 2885 2818
2005 11 2 2 3 584 1665 1644 1691 2899 2506 2898 2958 2881 2959
2006 11 2 2 3 494 441 472 1694 1125 835 1126 2474 2421 2778
2007 11 2 2 3 5 1695 44 1696 2216 1766 137 2086 1756 1768
2008 11 2 2 3 456 468 466 1649 1201 1200 1199 2491 2884 2842
2009 11 2 2 3 102 61 1661 1697 247 2886 2559 2937 2622 2939
2010 11 2 2 3 527 547 570 1678 992 1408 1246 2196 2416 2205
2011 11 2 2 3 1658 1669 52 1689 2298 2893 2782 2301 2783 2126
2012 11 2 2 3 10 1688 1670 1705 2768 2464 2817 2920 2249 2070
2013 11 2 2 3 457 496 502 1712 1206 1205 1204 2742 2960 2892
2014 11 2 2 3 474 1664 541 1706 2241 2269 852 2242 2270 2068
2015 11 2 2 3 408 597 1643 1686 950 2483 2354 2425 2424 2524
2016 11 2 2 3 427 420 545 1708 1021 1010 1022 2530 2914 2522
2017 11 2 2 3 590 612 520 1676 769 783 1296 2954 2627 2733
2018 11 2 2 3 94 76 1698 1700 319 2921 2725 2727 2296 2555
2019 11 2 2 3 392 391 393 1631 866 874 873 1758 2327 2383
2020 11 2 2 3 50 6 7 1651 143 13 142 2219 2395 2117
2021 11 2 2 3 61 64 62 1697 245 246 240 2939 2894 2856
2022 11 2 2 3 75 65 67 1677 268 266 267 2175 2808 2439
2023 11 2 2 3 546 427 576 1674 1049 1056 1055 2447 2433 2529
2024 11 2 2 3 115 1711 1636 1712 2614 2828 2961 2615 2373 2616
2025 11 2 2 3 445 534 532 1680 1135 1147 1144 2481 2388 2673
2026 11 2 2 3 80 63 1662 1706 255 2906 2006 2008 1782 2891
2027 11 2 2 3 90 68 71 1679 275 283 284 2499 2695 2278
2028 11 2 2 3 364 521 595 1659 679 749 748 2608 2609 2185
2029 11 2 2 3 454 453 413 1679 983 936 984 2145 1982 1958
2030 11 2 2 3 438 423 437 1661 1033 995 1034 1992 2619 2634
2031 11 2 2 3 593 548 549 1630 1415 972 1416 2313 2110 2685
2032 11 2 2 3 533 477 463 1681 1237 1151 1235 2138 2525 2704
2033 11 2 2 3 456 455 454 1679 1188 1184 1189 2377 2145 2059
2034 11 2 2 3 598 1684 603 1696 2962 2925 711 2963 2926 1751
2035 11 2 2 3 89 1636 115 1711 2935 2961 348 2936 2614 2828
2036 11 2 2 3 441 457 440 1636 1119 1118 833 2779 2372 2741
2037 11 2 2 3 102 101 108 1663 353 289 264 2560 1836 1796
2038 11 2 2 3 1667 1694 92 1699 2303 2964 2812 2180 2813 2306
2039 11 2 2 3 111 5 44 1696 127 137 140 2236 1756 2086
2040 11 2 2 3 425 424 552 1707 1016 1039 1038 2740 2941 2663
2041 11 2 2 3 577 503 535 1645 1391 987 1072 2728 2130 2046
2042 11 2 2 3 498 499 530 1668 1345 1376 1375 2923 1729 2361
2043 11 2 2 3 80 77 63 1706 256 216 255 2008 2891 2012
2044 11 2 2 3 109 47 114 1628 192 195 196 2137 2021 2680
2045 11 2 2 3 370 372 368 1656 764 763 714 2112 2745 2879
2046 11 2 2 3 29 363 3 1705 615 614 42 2749 2576 2071
2047 11 2 2 3 453 455 504 1679 1183 1186 1185 1958 2563 2059
2048 11 2 2 3 45 8 52 1658 154 151 158 1818 2782 2912
2049 11 2 2 3 539 465 570 1678 1248 1245 1247 2787 2416 2690
2050 11 2 2 3 540 494 518 1687 1365 1363 1210 2818 2641 2471
2051 11 2 2 3 365 1691 370 1705 2933 2114 755 2965 2248 2250
2052 11 2 2 3 508 476 478 1689 1297 805 1298 2583 2676 2051
2053 11 2 2 3 552 583 611 1710 1402 1359 1047 2930 2712 2932
2054 11 2 2 3 104 1654 1639 1707 2596 1737 2765 2592 2664 2597
2055 11 2 2 3 104 51 83 1632 208 209 207 2865 2329 2871
2056 11 2 2 3 98 117 45 1656 184 164 183 2639 1820 1892
2057 11 2 2 3 496 466 469 1711 1252 1250 1253 2826 2966 2896
2058 11 2 2 3 586 506 471 1700 1274 1276 1275 2836 2809 2967
2059 11 2 2 3 47 7 8 1672 149 14 148 2638 2811 2394
2060 11 2 2 3 566 402 401 1637 923 919 924 2480 2540 2633
2061 11 2 2 3 491 492 582 1652 1228 1356 1355 2452 2874 2840
2062 11 2 2 3 579 510 585 1644 1290 781 1310 2504 2897 2722
2063 11 2 2 3 56 48 57 1647 197 199 200 1894 2407 2366
2064 11 2 2 3 506 589 471 1700 1225 1273 1276 2967 2809 2295
2065 11 2 2 3 68 69 70 1702 273 280 281 2280 2773 2660
2066 11 2 2 3 592 591 1641 1703 1286 2876 2968 2955 2858 2969
2067 11 2 2 3 385 537 382 1662 832 829 830 1851 2286 2271
2068 11 2 2 3 449 607 577 1645 1165 1167 1082 2667 2728 2274
2069 11 2 2 3 1671 1676 53 1689 2162 2702 2701 1905 2795 2360
2070 11 2 2 3 109 51 50 1693 204 175 193 2489 2218 2861
2071 11 2 2 3 557 1646 564 1699 2544 2578 1023 2545 2566 2179
2072 11 2 2 3 552 1639 1707 1710 2929 2664 2941 2930 2866 2713
2073 11 2 2 3 96 1657 1669 1682 2815 2124 2816 2951 1917 2699
2074 11 2 2 3 526 18 359 1696 626 634 637 2717 1973 2970
2075 11 2 2 3 400 401 402 1637 913 919 918 2401 2633 2540
2076 11 2 2 3 492 583 582 1710 1358 1222 1356 2714 2910 2932
2077 11 2 2 3 533 354 3 1692 620 619 621 2139 2575 2927
2078 11 2 2 3 589 461 519 1665 1226 1223 1227 2532 2775 2385
2079 11 2 2 3 59 58 57 1629 227 221 226 1725 2684 2652
2080 11 2 2 3 459 509 600 1685 947 1216 1215 2658 2678 1748
2081 11 2 2 3 574 354 533 1692 702 620 703 2953 2139 2927
2082 11 2 2 3 89 1649 90 1687 2971 2586 295 2934 2794 2492
2083 11 2 2 3 474 541 386 1706 852 849 850 2242 2448 2270
2084 11 2 2 3 367 368 369 1656 712 759 758 1855 1831 2745
2085 11 2 2 3 1 95 10 1705 120 121 17 2694 2920 2557
2086 11 2 2 3 512 507 605 1663 1256 1398 1132 2487 2564 2323
2087 11 2 2 3 80 1662 81 1667 2006 2851 258 2097 2972 1791
2088 11 2 2 3 424 426 428 1707 1018 1041 1040 2663 2203 2599
2089 11 2 2 3 78 1653 72 1678 2948 2837 302 2340 2839 2462
2090 11 2 2 3 428 1632 516 1707 2202 2908 1060 2203 2973 1944
2091 11 2 2 3 493 519 575 1692 1361 773 1360 2282 2974 2776
2092 11 2 2 3 49 1644 86 1691 2781 2750 168 2502 2975 2881
2093 11 2 2 3 111 1684 87 1690 2235 2450 343 2976 2977 2793
2094 11 2 2 3 529 559 468 1649 1264 1263 1202 2275 2842 1948
2095 11 2 2 3 593 549 556 1630 1416 1007 1397 2313 1734 2110
2096 11 2 2 3 91 1636 89 1687 2945 2935 298 2944 2934 2472
2097 11 2 2 3 461 439 479 1665 1089 1114 1113 2385 2924 1786
2098 11 2 2 3 68 70 1655 1702 281 2772 2455 2280 2083 2773
2099 11 2 2 3 19 359 18 1696 635 634 31 2127 2970 1973
2100 11 2 2 3 71 1646 92 1699 2947 2058 291 2823 2813 2179
2101 11 2 2 3 522 501 602 1628 1386 1387 1329 2436 2334 2603
2102 11 2 2 3 54 63 53 1671 214 215 213 2670 2701 2890
2103 11 2 2 3 365 370 608 1705 755 716 699 2965 2469 2248
2104 11 2 2 3 505 492 462 1652 1230 1229 1231 1997 2288 2840
2105 11 2 2 3 78 94 76 1698 318 319 303 2443 2921 2725
2106 11 2 2 3 582 460 1685 1710 1213 2181 2875 2910 2182 2158
2107 11 2 2 3 504 578 554 1655 1392 912 1187 2553 2133 2477
2108 11 2 2 3 76 1631 1653 1700 2561 2541 2922 2555 2761 2017
2109 11 2 2 3 486 484 485 1647 1330 1321 1331 1849 2593 1863
2110 11 2 2 3 65 64 66 1686 250 260 261 2903 2844 2682
2111 11 2 2 3 61 102 64 1697 247 248 245 2939 2856 2937
2112 11 2 2 3 432 431 433 1638 1069 1074 1073 1988 2052 2533
2113 11 2 2 3 1684 1690 111 1696 2793 2976 2235 1751 2236 2737
2114 11 2 2 3 60 61 62 1640 236 240 241 1846 2409 2869
2115 11 2 2 3 115 89 93 1636 348 350 351 2961 2573 2935
2116 11 2 2 3 87 1684 1683 1690 2450 2055 2449 2977 1961 2793
2117 11 2 2 3 354 1692 596 1705 2927 2917 701 2928 2978 2577
2118 11 2 2 3 72 69 101 1650 285 287 288 2838 1794 2201
2119 11 2 2 3 102 61 73 1661 247 238 249 2559 2427 2886
2120 11 2 2 3 60 104 58 1654 233 234 232 1816 2687 2596
2121 11 2 2 3 51 110 82 1685 205 206 177 2860 2706 2913
2122 11 2 2 3 116 1641 46 1703 2940 2819 141 1930 2979 2858
2123 11 2 2 3 5 46 6 1703 138 139 12 2087 2931 2979
2124 11 2 2 3 405 451 429 1693 944 943 733 2100 2345 2459
2125 11 2 2 3 557 392 394 1646 880 878 881 2544 2348 1721
2126 11 2 2 3 543 375 376 1657 793 788 794 2268 2005 2862
2127 11 2 2 3 398 554 578 1702 910 912 901 2251 2478 1940
2128 11 2 2 3 439 541 579 1664 872 1117 1116 1784 2503 2269
2129 11 2 2 3 598 1690 1684 1696 2980 2793 2962 2963 1751 2737
2130 11 2 2 3 75 84 87 1683 278 313 314 2428 2449 2406
2131 11 2 2 3 391 389 390 1666 863 855 864 2384 2018 1936
2132 11 2 2 3 355 366 19 1696 642 639 632 2338 2127 2445
2133 11 2 2 3 71 70 1646 1655 282 2950 2947 2696 2363 2772
2134 11 2 2 3 490 450 491 1684 1171 1168 1172 2691 2451 2033
2135 11 2 2 3 25 364 26 1673 675 674 38 2336 2210 2675
2136 11 2 2 3 425 552 611 1639 1038 1047 1046 2398 2711 2929
2137 11 2 2 3 428 480 516 1632 1058 1061 1060 2202 2908 2434
2138 11 2 2 3 1665 1691 519 1692 2959 2981 2775 2531 2776 2918
2139 11 2 2 3 534 443 446 1680 1136 1133 1137 2673 2456 2079
2140 11 2 2 3 46 1657 1682 1703 2820 2699 2952 2979 2651 2859
2141 11 2 2 3 52 8 7 1672 151 14 150 2901 2394 2811
2142 11 2 2 3 568 3 363 1701 622 614 623 2982 1877 2574
2143 11 2 2 3 475 581 508 1676 1100 1291 1292 2163 2582 2804
2144 11 2 2 3 91 92 1694 1699 299 2964 2946 2957 2306 2813
2145 11 2 2 3 93 1641 116 1712 2769 2940 191 2796 1933 2172
2146 11 2 2 3 527 563 507 1663 1243 1399 990 2195 2323 2089
2147 11 2 2 3 21 357 523 1682 650 654 647 1859 2648 2801
2148 11 2 2 3 7 96 52 1669 145 153 150 2589 2893 2816
2149 11 2 2 3 584 585 372 1644 784 782 772 2898 2880 2897
2150 11 2 2 3 92 1667 81 1694 2812 2972 334 2964 2942 2303
2151 11 2 2 3 2 116 5 1696 129 130 11 2707 2086 1932
2152 11 2 2 3 46 5 116 1703 138 130 141 2979 1930 2087
2153 11 2 2 3 9 8 45 1673 15 154 155 2601 1821 2806
2154 11 2 2 3 452 451 573 1693 1064 1174 1173 2292 2315 2459
2155 11 2 2 3 572 531 544 1660 1409 1411 1037 2056 2510 1793
2156 11 2 2 3 415 411 567 1697 974 976 975 2565 2224 2537
2157 11 2 2 3 412 416 417 1640 978 981 980 2073 1804 2309
2158 11 2 2 3 592 1703 1641 1712 2955 2858 2968 2956 2172 1935
2159 11 2 2 3 380 379 378 1642 808 801 809 2232 1769 2252
2160 11 2 2 3 62 106 79 1630 253 254 242 2324 1815 2026
2161 11 2 2 3 85 77 80 1664 324 256 323 1880 2528 2256
2162 11 2 2 3 83 114 56 1634 225 220 224 2328 1895 2019
2163 11 2 2 3 443 445 438 1680 1111 1110 1108 2079 1994 2481
2164 11 2 2 3 81 1667 1662 1694 2972 1791 2851 2942 2041 2303
2165 11 2 2 3 574 470 493 1692 1270 1268 1271 2953 2282 1968
2166 11 2 2 3 500 569 558 1651 1385 661 1067 2821 1799 2538
2167 11 2 2 3 468 469 466 1711 1251 1250 1200 2887 2896 2966
2168 11 2 2 3 105 103 1680 1701 309 2983 1717 2374 2375 2984
2169 11 2 2 3 513 467 512 1633 1257 1255 1258 2584 2486 1811
2170 11 2 2 3 543 542 591 1641 817 1284 1406 2267 2876 2238
2171 11 2 2 3 2 115 116 1696 134 135 129 2707 1932 2612
2172 11 2 2 3 597 411 408 1643 962 961 950 2483 2354 2536
2173 11 2 2 3 568 363 571 1701 623 745 747 2982 2030 1877
2174 11 2 2 3 47 8 55 1659 148 157 159 2636 1954 2805
2175 11 2 2 3 112 74 76 1631 311 301 310 1871 2561 1870
2176 11 2 2 3 46 116 93 1641 141 191 190 2819 2769 2940
2177 11 2 2 3 382 384 385 1662 820 831 830 2286 1851 2103
2178 11 2 2 3 429 452 500 1693 1063 1066 1065 2345 2985 2292
2179 11 2 2 3 606 502 496 1712 1371 1205 1267 2986 2892 2960
2180 11 2 2 3 515 358 25 1673 678 669 676 1839 2336 2569
2181 11 2 2 3 527 465 563 1678 1244 1157 1243 2196 2090 2690
2182 11 2 2 3 22 357 21 1682 651 650 34 1913 1859 2801
2183 11 2 2 3 553 476 581 1671 812 1299 1102 2120 2803 2050
2184 11 2 2 3 66 108 69 1637 263 274 272 2644 2200 1835
2185 11 2 2 3 546 435 426 1674 1052 1051 1048 2447 2598 1922
2186 11 2 2 3 1644 1665 86 1691 2506 2770 2750 2881 2975 2959
2187 11 2 2 3 374 376 375 1657 789 788 720 2517 2862 2005
2188 11 2 2 3 601 569 500 1651 739 1385 1383 1999 2821 2538
2189 11 2 2 3 562 20 523 1703 641 646 649 2754 2650 2649
2190 11 2 2 3 580 537 388 1667 860 847 861 2304 2199 2562
2191 11 2 2 3 413 403 404 1648 933 928 934 1979 2628 2258
2192 11 2 2 3 532 498 530 1668 1377 1375 1143 2387 1729 2923
2193 11 2 2 3 1653 1678 78 1698 2462 2340 2948 2832 2443 1928
2194 11 2 2 3 356 28 608 1670 687 694 696 2392 2468 2798
2195 11 2 2 3 584 1644 372 1691 2898 2880 772 2958 2882 2881
2196 11 2 2 3 521 361 522 1659 673 736 735 2185 2437 2154
2197 11 2 2 3 86 98 77 1644 203 218 326 2750 2009 2780
2198 11 2 2 3 68 67 66 1648 271 265 270 2279 2646 2389
2199 11 2 2 3 528 506 586 1700 1092 1274 1029 2760 2836 2967
2200 11 2 2 3 381 383 440 1635 823 826 825 2146 2169 2038
2201 11 2 2 3 70 92 71 1646 290 291 282 2950 2947 2058
2202 11 2 2 3 420 424 419 1654 1014 1013 1008 2521 1841 2662
2203 11 2 2 3 436 553 581 1671 842 1102 1101 2526 2803 2120
2204 11 2 2 3 517 555 373 1669 787 786 667 2548 1946 2411
2205 11 2 2 3 487 486 485 1647 1335 1331 1336 2440 2593 1849
2206 11 2 2 3 563 444 605 1663 1141 1130 1142 2089 2564 1884
2207 11 2 2 3 399 400 398 1702 909 908 903 2668 2251 2403
2208 11 2 2 3 46 93 97 1641 190 189 187 2819 2739 2769
2209 11 2 2 3 101 102 100 1663 353 305 330 1796 2093 2560
2210 11 2 2 3 407 430 535 1677 955 957 941 2554 2189 2243
2211 11 2 2 3 67 84 75 1645 277 278 267 2390 2173 2878
2212 11 2 2 3 606 1711 526 1712 2987 2716 1351 2986 2718 2616
2213 11 2 2 3 20 360 21 1695 645 644 33 2785 1860 2096
2214 11 2 2 3 495 557 564 1699 1369 1023 1368 2602 2566 2545
2215 11 2 2 3 544 531 545 1708 1411 1410 1012 2511 2914 2206
2216 11 2 2 3 582 460 459 1685 1213 1176 1214 2875 2658 2181
2217 11 2 2 3 399 397 547 1650 904 906 905 2198 2204 2134
2218 11 2 2 3 525 594 497 1688 744 1342 1374 2902 2069 1867
2219 11 2 2 3 390 389 387 1666 855 854 856 2018 1778 1936
2220 11 2 2 3 64 65 62 1643 250 251 246 2752 2709 2863
2221 11 2 2 3 96 6 46 1682 144 139 147 2951 2952 2116
2222 11 2 2 3 9 48 55 1675 161 165 156 2688 1956 2367
2223 11 2 2 3 551 580 388 1667 862 861 858 1753 2199 2304
2224 11 2 2 3 23 361 24 1672 663 662 36 2024 2227 2277
2225 11 2 2 3 102 108 64 1633 264 262 248 2868 2681 1869
2226 11 2 2 3 592 1641 591 1712 2968 2876 1286 2956 2877 2172
2227 11 2 2 3 611 505 425 1639 1045 1044 1046 2711 2398 1996
2228 11 2 2 3 79 110 104 1639 331 211 244 1845 2765 2755
2229 11 2 2 3 107 106 75 1638 317 269 316 2027 2174 2028
2230 11 2 2 3 568 532 613 1701 1413 1412 1303 2982 2763 2546
2231 11 2 2 3 101 78 72 1678 304 302 288 2042 2839 2340
2232 11 2 2 3 29 608 28 1705 695 694 41 2749 2799 2469
2233 11 2 2 3 10 117 49 1670 163 167 118 2817 2500 1918
2234 11 2 2 3 375 524 523 1703 796 795 721 2873 2650 2949
2235 11 2 2 3 411 410 408 1643 960 959 961 2536 2354 2129
2236 11 2 2 3 557 421 564 1646 892 1024 1023 2544 2578 2550
2237 11 2 2 3 93 115 1636 1712 351 2961 2573 2796 2373 2615
2238 11 2 2 3 354 596 365 1705 701 700 618 2928 2965 2978
2239 11 2 2 3 471 604 586 1698 1242 1277 1275 2757 2907 2788
2240 11 2 2 3 422 539 538 1653 1031 1030 897 2542 2461 2831
2241 11 2 2 3 91 93 89 1636 349 350 298 2945 2935 2573
2242 11 2 2 3 1641 1657 46 1703 2255 2820 2819 2858 2979 2859
2243 11 2 2 3 592 524 591 1703 1407 1405 1286 2955 2969 2949
2244 11 2 2 3 94 1665 85 1700 2846 2023 320 2727 1882 1807
2245 11 2 2 3 546 426 427 1674 1048 1020 1049 2447 2529 2598
2246 11 2 2 3 461 506 434 1700 1091 1090 1088 2552 1765 2967
2247 11 2 2 3 596 575 371 1692 777 774 756 2917 2919 2974
2248 11 2 2 3 89 1649 1687 1711 2971 2492 2934 2936 2827 2889
2249 11 2 2 3 109 83 51 1632 210 209 204 2623 2871 2329
2250 11 2 2 3 6 50 44 1695 143 146 136 2118 1766 2220
2251 11 2 2 3 373 555 374 1669 786 785 718 1946 2518 2411
2252 11 2 2 3 516 1707 1632 1710 2973 1944 2908 2909 2160 2866
2253 11 2 2 3 511 358 515 1658 723 678 722 2358 1837 2581
2254 11 2 2 3 87 1683 88 1690 2449 2405 345 2977 2381 1961
2255 11 2 2 3 91 92 81 1694 299 334 337 2946 2942 2964
2256 11 2 2 3 473 592 591 1712 1282 1286 1285 2494 2877 2956
2257 11 2 2 3 488 1684 598 1690 2791 2962 1350 2792 2980 2793
2258 11 2 2 3 482 483 481 1634 1315 1314 1095 2418 2265 1826
2259 11 2 2 3 446 463 477 1681 1148 1151 1150 2457 2704 2525
2260 11 2 2 3 529 468 456 1649 1202 1201 1190 2275 2491 2842
2261 11 2 2 3 46 1682 6 1703 2952 2116 139 2979 2931 2651
2262 11 2 2 3 24 517 23 1672 665 664 36 2227 2024 2715
2263 11 2 2 3 567 513 512 1633 1400 1258 1107 2223 2486 2584
2264 11 2 2 3 448 449 432 1683 1081 1080 1078 2513 1989 2672
2265 11 2 2 3 111 1690 2 1696 2976 2864 128 2236 2707 2737
2266 11 2 2 3 368 372 612 1656 763 765 762 2745 2732 2879
2267 11 2 2 3 510 520 372 1644 779 778 780 2722 2880 2626
2268 11 2 2 3 458 540 518 1687 1208 1210 1211 2325 2641 2818
2269 11 2 2 3 4 1690 598 1696 2735 2980 628 2736 2963 2737
2270 11 2 2 3 408 406 597 1686 949 951 950 2425 2524 2767
2271 11 2 2 3 489 1690 4 1711 2855 2735 630 2888 2852 2845
2272 11 2 2 3 461 589 506 1700 1226 1225 1091 2552 2967 2295
2273 11 2 2 3 18 526 4 1696 626 625 30 2970 2736 2717
2274 11 2 2 3 96 46 54 1657 147 186 185 2815 2259 2820
2275 11 2 2 3 584 519 1665 1691 776 2775 2899 2958 2959 2981
2276 11 2 2 3 552 1707 516 1710 2941 2973 1062 2930 2909 2866
2277 11 2 2 3 528 393 391 1631 875 874 876 2759 2383 2327
2278 11 2 2 3 356 367 27 1670 690 681 686 2392 2317 1853
2279 11 2 2 3 587 602 501 1628 1318 1387 1180 2289 2603 2334
2280 11 2 2 3 415 567 437 1697 975 997 996 2565 2621 2224
2281 11 2 2 3 545 418 544 1708 1011 1000 1012 2914 2511 2229
2282 11 2 2 3 435 482 481 1634 1096 1095 1094 1919 2265 2418
2283 11 2 2 3 63 54 97 1642 214 188 219 2905 2730 2260
2284 11 2 2 3 536 449 448 1683 1158 1081 1159 2833 2513 2672
2285 11 2 2 3 446 447 463 1681 1138 1149 1148 2457 2525 1908
2286 11 2 2 3 573 480 587 1632 1313 1311 1182 2314 2362 2434
2287 11 2 2 3 434 506 528 1700 1090 1092 877 1765 2760 2967
2288 11 2 2 3 87 84 88 1683 313 344 345 2449 2405 2406
2289 11 2 2 3 491 462 492 1652 1169 1229 1228 2452 2840 2288
2290 11 2 2 3 577 607 503 1645 1167 1390 1391 2728 2046 2274
2291 11 2 2 3 545 420 418 1708 1010 1009 1011 2914 2229 2522
2292 11 2 2 3 9 117 10 1670 162 163 16 2600 2817 1918
2293 11 2 2 3 561 565 364 1675 750 684 751 2802 2610 2507
2294 11 2 2 3 63 81 80 1662 257 258 255 2906 2006 2851
2295 11 2 2 3 28 356 27 1670 687 686 40 2798 2317 2392
2296 11 2 2 3 612 369 368 1656 761 759 762 2732 2745 1831
2297 11 2 2 3 579 541 474 1664 1117 852 1289 2503 2241 2269
2298 11 2 2 3 598 603 355 1696 711 710 636 2963 2338 2926
2299 11 2 2 3 495 518 494 1699 1364 1363 1278 2602 2558 2642
2300 11 2 2 3 470 464 471 1698 1234 1241 1240 1971 2757 2045
2301 11 2 2 3 519 461 479 1665 1223 1113 1224 2775 2924 2385
2302 11 2 2 3 550 433 431 1638 1075 1074 1076 1897 2533 2052
2303 11 2 2 3 98 49 117 1656 202 167 184 2639 1892 2501
2304 11 2 2 3 504 609 578 1655 1393 1027 1392 2553 2477 2350
2305 11 2 2 3 406 566 597 1686 932 952 951 2767 2524 2495
2306 11 2 2 3 111 87 88 1690 343 345 131 2976 2381 2977
2307 11 2 2 3 489 4 526 1711 630 625 629 2888 2716 2852
2308 11 2 2 3 72 78 76 1653 302 303 300 2837 2922 2948
2309 11 2 2 3 442 438 437 1661 1103 1034 1104 2214 2619 1992
2310 11 2 2 3 50 7 47 1651 142 149 152 2219 2637 2395
2311 11 2 2 3 598 488 603 1684 1350 1348 711 2962 2925 2791
2312 11 2 2 3 89 90 71 1687 295 284 296 2934 2697 2794
2313 11 2 2 3 552 516 583 1710 1062 1220 1402 2930 2932 2909
2314 11 2 2 3 455 453 454 1679 1183 983 1184 2059 2145 1958
2315 11 2 2 3 70 74 92 1646 293 294 290 2950 2058 1872
2316 11 2 2 3 92 80 81 1667 335 258 334 2812 2972 2097
2317 11 2 2 3 600 582 459 1685 1217 1214 1215 2678 2658 2875
2318 11 2 2 3 76 94 85 1700 319 320 321 2555 1882 2727
2319 11 2 2 3 88 2 111 1690 132 128 131 2381 2976 2864
2320 11 2 2 3 74 1646 70 1704 1872 2950 293 2854 2774 2365
2321 11 2 2 3 532 568 571 1701 1413 747 1378 2546 2030 2982
2322 11 2 2 3 599 457 441 1636 1123 1119 1124 2720 2779 2741
2323 11 2 2 3 94 86 85 1665 170 325 320 2846 2023 2770
2324 11 2 2 3 488 598 536 1690 1350 1349 1162 2792 2834 2980
2325 11 2 2 3 88 1649 89 1711 2380 2971 347 2943 2936 2889
2326 11 2 2 3 582 583 460 1710 1222 1221 1213 2910 2158 2932
2327 11 2 2 3 113 1636 91 1694 2572 2945 339 2911 2946 2475
2328 11 2 2 3 498 571 497 1668 1373 1372 1343 2923 2081 2029
2329 11 2 2 3 94 99 43 1692 172 173 171 2726 2988 1976
2330 11 2 2 3 423 572 544 1660 1035 1037 1002 2369 2510 2056
2331 11 2 2 3 91 1687 71 1699 2944 2697 297 2957 2823 2122
2332 11 2 2 3 82 44 51 1685 178 176 177 2706 2860 1754
2333 11 2 2 3 365 3 354 1705 617 619 618 2965 2928 2576
2334 11 2 2 3 519 479 584 1665 1224 1308 776 2775 2899 2924
2335 11 2 2 3 4 598 18 1696 628 627 30 2736 2970 2963
2336 11 2 2 3 1 10 49 1705 17 118 119 2694 2635 2920
2337 11 2 2 3 570 465 527 1678 1245 1244 1246 2416 2196 2690
2338 11 2 2 3 53 52 54 1689 180 212 213 2795 2261 2783
2339 11 2 2 3 371 370 365 1691 753 755 754 2915 2933 2114
2340 11 2 2 3 25 26 515 1673 38 677 676 2336 1839 2210
2341 11 2 2 3 458 466 540 1687 1198 1209 1208 2325 2818 2885
2342 11 2 2 3 557 394 421 1646 881 890 892 2544 2550 2348
2343 11 2 2 3 516 480 573 1632 1061 1313 1218 2908 2314 2434
2344 11 2 2 3 84 89 88 1649 346 347 344 2379 2380 2971
2345 11 2 2 3 372 585 510 1644 782 781 780 2880 2722 2897
2346 11 2 2 3 520 475 590 1676 1295 1293 1296 2627 2954 2163
2347 11 2 2 3 386 384 436 1706 839 841 840 2448 2527 2339
2348 11 2 2 3 89 84 90 1649 346 279 295 2971 2586 2379
2349 11 2 2 3 111 82 87 1684 179 342 343 2235 2450 2705
2350 11 2 2 3 521 522 595 1659 735 1326 749 2185 2609 2437
2351 11 2 2 3 514 565 561 1675 740 750 1334 1925 2802 2507
2352 11 2 2 3 525 28 362 1688 693 688 697 2902 2463 2797
2353 11 2 2 3 360 366 405 1695 648 731 730 2096 2101 2444
2354 11 2 2 3 588 358 511 1658 724 723 725 2299 2358 2581
2355 11 2 2 3 91 71 92 1699 297 291 299 2957 2813 2823
2356 11 2 2 3 533 568 477 1701 624 1300 1237 2140 2719 2982
2357 11 2 2 3 113 93 91 1636 352 349 339 2572 2945 2573
2358 11 2 2 3 429 451 452 1693 943 1064 1063 2345 2292 2459
2359 11 2 2 3 586 539 422 1653 1032 1031 1028 2835 2542 2831
2360 11 2 2 3 370 584 372 1691 770 772 764 2114 2882 2958
2361 11 2 2 3 18 355 19 1696 633 632 31 2970 2127 2338
2362 11 2 2 3 78 99 94 1698 327 172 318 2443 2725 1978
2363 11 2 2 3 7 6 96 1682 13 144 145 2396 2951 2116
2364 11 2 2 3 548 409 410 1709 963 958 964 2686 2605 2467
2365 11 2 2 3 526 359 592 1712 637 728 727 2718 2956 1975
2366 11 2 2 3 88 2 1690 1711 132 2864 2381 2943 2845 2708
2367 11 2 2 3 409 548 431 1709 963 967 966 2467 2534 2686
2368 11 2 2 3 554 398 400 1702 910 908 911 1940 2403 2251
2369 11 2 2 3 583 516 460 1710 1220 1219 1221 2932 2158 2909
2370 11 2 2 3 82 110 107 1652 206 333 341 2849 2043 2756
2371 11 2 2 3 536 489 559 1690 1352 1262 1164 2834 1951 2855
2372 11 2 2 3 68 70 71 1655 281 282 283 2455 2696 2772
2373 11 2 2 3 359 562 592 1703 643 729 728 1974 2955 2754
2374 11 2 2 3 532 571 498 1668 1378 1373 1377 2387 2923 2029
2375 11 2 2 3 495 564 518 1699 1368 1367 1364 2602 2642 2566
2376 11 2 2 3 5 6 44 1695 12 136 137 2216 1766 2118
2377 11 2 2 3 475 508 590 1676 1292 1294 1293 2163 2954 2582
2378 11 2 2 3 477 568 613 1701 1300 1303 1302 2719 2763 2982
2379 11 2 2 3 562 524 592 1703 1404 1407 729 2754 2955 2949
2380 11 2 2 3 365 29 3 1705 616 42 617 2965 2576 2749
2381 11 2 2 3 428 516 552 1707 1060 1062 1042 2203 2941 2973
2382 11 2 2 3 584 371 519 1691 771 775 776 2958 2981 2915
2383 11 2 2 3 502 606 526 1712 1371 1351 1388 2960 2718 2986
2384 11 2 2 3 10 95 48 1688 121 166 160 2768 2368 2331
2385 11 2 2 3 436 474 386 1706 851 850 840 2527 2448 2242
2386 11 2 2 3 489 526 606 1711 629 1351 1266 2888 2987 2716
2387 11 2 2 3 464 604 471 1698 1238 1242 1241 2045 2757 2788
2388 11 2 2 3 105 95 103 1701 230 126 309 2374 2984 2333
2389 11 2 2 3 496 457 599 1636 1206 1123 1207 2824 2720 2741
2390 11 2 2 3 605 507 563 1663 1398 1399 1142 2564 2089 2323
2391 11 2 2 3 502 526 592 1712 1388 727 1283 2960 2956 2718
2392 11 2 2 3 443 534 445 1680 1136 1135 1111 2079 2481 2673
2393 11 2 2 3 424 428 552 1707 1040 1042 1039 2663 2941 2203
2394 11 2 2 3 533 3 568 1701 621 622 624 2140 2982 2574
2395 11 2 2 3 457 502 473 1712 1204 1203 1121 2742 2494 2960
2396 11 2 2 3 91 89 71 1687 298 296 297 2944 2697 2934
2397 11 2 2 3 450 490 488 1684 1171 1170 1161 2033 2791 2691
2398 11 2 2 3 94 43 1665 1692 171 2989 2846 2726 2531 2988
2399 11 2 2 3 18 598 355 1696 627 636 633 2970 2338 2963
2400 11 2 2 3 103 1681 1680 1701 2990 1891 2983 2984 2375 2142
2401 11 2 2 3 57 95 105 1668 201 230 228 2465 1714 2332
2402 11 2 2 3 86 1665 43 1691 2770 2989 169 2975 2991 2959
2403 11 2 2 3 496 469 606 1711 1253 1265 1267 2826 2987 2966
2404 11 2 2 3 360 20 366 1695 645 638 648 2096 2444 2785
2405 11 2 2 3 19 366 20 1695 639 638 32 2143 2785 2444
2406 11 2 2 3 73 103 100 1680 307 308 306 1985 2094 2983
2407 11 2 2 3 594 525 362 1688 744 697 742 1867 2463 2902
2408 11 2 2 3 74 70 72 1704 293 286 292 2854 2938 2774
2409 11 2 2 3 103 100 1680 1681 308 2094 2983 2990 1891 2095
2410 11 2 2 3 562 523 524 1703 649 795 1404 2754 2949 2650
2411 11 2 2 3 5 111 2 1696 127 128 11 2086 2707 2236
2412 11 2 2 3 354 574 596 1692 702 704 701 2927 2917 2953
2413 11 2 2 3 370 371 584 1691 753 771 770 2114 2958 2915
2414 11 2 2 3 103 73 105 1680 307 239 309 2983 1717 1985
2415 11 2 2 3 489 598 4 1690 631 628 630 2855 2735 2980
2416 11 2 2 3 43 1691 1665 1692 2991 2959 2989 2988 2531 2918
2417 11 2 2 3 493 575 574 1692 1360 1362 1271 2282 2953 2974
2418 11 2 2 3 49 1691 43 1705 2502 2991 122 2635 2992 2250
2419 11 2 2 3 596 574 575 1692 704 1362 777 2917 2974 2953
2420 11 2 2 3 468 489 469 1711 1261 1260 1251 2887 2966 2888
2421 11 2 2 3 1691 1692 43 1705 2918 2988 2991 2250 2992 2577
2422 11 2 2 3 43 86 94 1665 169 170 171 2989 2846 2770
2423 11 2 2 3 81 113 91 1694 338 339 337 2942 2946 2911
2424 11 2 2 3 603 488 490 1684 1348 1170 709 2925 2691 2791
2425 11 2 2 3 489 536 598 1690 1352 1349 631 2855 2980 2834
2426 11 2 2 3 93 116 115 1712 191 135 351 2796 2615 1933
2427 11 2 2 3 489 606 469 1711 1266 1265 1260 2888 2966 2987
2428 11 2 2 3 43 1692 1 1705 2988 2693 123 2992 2694 2577
2429 11 2 2 3 103 95 1 1701 126 120 125 2984 2692 2333
2430 11 2 2 3 608 29 365 1705 695 616 699 2469 2965 2749
2431 11 2 2 3 99 100 103 1681 329 308 174 1977 2990 2095
2432 11 2 2 3 473 502 592 1712 1203 1283 1282 2494 2956 2960
2433 11 2 2 3 49 43 1 1705 122 123 119 2635 2694 2992
2434 11 2 2 3 49 86 43 1691 168 169 122 2502 2991 2975
2435 11 2 2 3 556 1654 1640 419 1735 1847 1806 1006 1808 1841
2436 11 2 2 3 1640 1654 556 1630 1847 1735 1806 1805 1734 1736
2437 11 2 2 3 1675 483 484 1634 1827 1319 1864 1828 1861 1826
2438 11 2 2 3 1675 484 483 561 1864 1319 1827 2802 1324 1325
2439 11 2 2 3 1690 1645 84 1649 1952 2878 2382 1953 2379 1949
2440 11 2 2 3 1690 84 1645 1683 2382 2878 1952 1961 1959 2406
2441 11 2 2 3 1695 558 1693 360 1801 2347 2102 2096 2346 655
2442 11 2 2 3 1695 1693 558 1651 2102 2347 1801 1800 1799 2217
2443 11 2 2 3 1646 112 1666 1631 1873 2656 1720 1757 1759 1871
2444 11 2 2 3 1679 503 1649 1645 2047 2993 2490 1983 1949 2046
2445 11 2 2 3 1679 1649 503 454 2490 2993 2047 2145 985 2904
2446 11 2 2 3 529 1649 503 1645 2275 2993 1192 2273 2046 1949
2447 11 2 2 3 529 503 1649 454 1192 2993 2275 1191 2904 985
2448 11 2 2 3 1698 465 447 464 2867 1156 1927 2045 1154 1155
2449 11 2 2 3 1698 447 465 1678 1927 1156 2867 1928 2690 1907
2450 11 2 2 3 1702 397 399 1650 2135 904 2668 2062 2198 2134
2451 11 2 2 3 1702 399 397 398 2668 904 2135 2251 899 903
2452 11 2 2 3 369 1676 612 590 1832 2733 761 768 769 2954
2453 11 2 2 3 612 1676 369 1656 2733 1832 761 2732 1831 1833
2454 11 2 2 3 1700 112 1666 85 2556 2656 1764 1882 1881 322
2455 11 2 2 3 1700 1666 112 1631 1764 2656 2556 2017 1871 1759
2456 11 2 2 3 1676 511 369 1658 2357 766 1832 1834 1830 2358
2457 11 2 2 3 1676 369 511 590 1832 766 2357 2954 767 768
2458 11 2 2 3 1648 400 402 1637 2400 918 2629 2399 2633 2401
2459 11 2 2 3 1648 402 400 403 2629 918 2400 2258 920 921
2460 11 2 2 3 1680 572 530 445 2057 1146 1731 2481 1145 1112
2461 11 2 2 3 1680 530 572 1660 1731 1146 2057 1716 2056 1730
2462 11 2 2 3 1693 558 500 429 2347 1067 2985 2345 1065 734
2463 11 2 2 3 1693 500 558 1651 2985 1067 2347 2217 1799 2821
2464 11 2 2 3 1651 501 1693 500 2604 2994 2217 2821 2985 1178
2465 11 2 2 3 1651 1693 501 1628 2217 2994 2604 2000 2603 2293
2466 11 2 2 3 452 1693 501 500 2292 2994 1179 1066 1178 2985
2467 11 2 2 3 452 501 1693 1628 1179 2994 2292 2290 2293 2603
2468 11 2 2 3 1675 27 26 1670 2318 39 2211 2213 2209 2317
2469 11 2 2 3 1675 26 27 565 2211 39 2318 2507 682 683
2470 11 2 2 3 1638 1677 432 430 2176 2995 1988 2244 1068 2243
2471 11 2 2 3 1638 432 1677 1645 1988 2995 2176 1987 2177 1986
2472 11 2 2 3 577 432 1677 430 1071 2995 2729 1070 2243 1068
2473 11 2 2 3 577 1677 432 1645 2729 2995 1071 2728 1986 2177
2474 11 2 2 3 1694 580 537 472 2302 860 2272 2421 837 1281
2475 11 2 2 3 1694 537 580 1667 2272 860 2302 2303 2304 2562
2476 11 2 2 3 1672 569 22 23 2539 659 1912 2024 35 658
2477 11 2 2 3 1672 22 569 1651 1912 659 2539 1911 2538 1910
2478 11 2 2 3 1701 534 532 613 2724 1147 2546 2763 1412 1301
2479 11 2 2 3 1701 532 534 1680 2546 1147 2724 2375 2673 2388
2480 11 2 2 3 1693 1710 51 1685 2159 2895 2861 2099 2860 2182
2481 11 2 2 3 51 1710 1693 1632 2895 2159 2861 2871 2156 2160
2482 11 2 2 3 1670 368 370 356 2746 714 2111 2392 715 713
2483 11 2 2 3 1670 370 368 1656 2111 714 2746 1854 2745 2112
2484 11 2 2 3 1667 112 1646 92 2657 1873 1723 2812 2058 312
2485 11 2 2 3 1667 1646 112 1666 1723 1873 2657 1724 2656 1720
2486 11 2 2 3 1665 579 439 479 2505 1116 1786 2924 1114 1115
2487 11 2 2 3 1665 439 579 1664 1786 1116 2505 1787 2503 1784
2488 11 2 2 3 1665 585 579 479 2900 1310 2505 2924 1115 1309
2489 11 2 2 3 1665 579 585 1644 2505 1310 2900 2506 2897 2504
2490 11 2 2 3 595 1675 483 561 2611 1827 1327 752 1324 2802
2491 11 2 2 3 483 1675 595 1659 1827 2611 1327 1824 2609 1829
2492 11 2 2 3 1689 45 1676 53 2784 2015 2360 2795 2702 181
2493 11 2 2 3 1689 1676 45 1658 2360 2015 2784 2301 1818 1834
2494 11 2 2 3 1699 580 551 1667 2305 862 2178 2180 1753 2304
2495 11 2 2 3 1699 551 580 495 2178 862 2305 2602 1280 1370
2496 11 2 2 3 1687 599 496 540 2721 1207 2825 2818 1254 1366
2497 11 2 2 3 1687 496 599 1636 2825 1207 2721 2472 2720 2824
2498 11 2 2 3 1674 482 435 1634 2419 1096 1922 1924 1919 2418
2499 11 2 2 3 1674 435 482 546 1922 1096 2419 2447 1097 1052
2500 11 2 2 3 1685 490 491 1684 2677 1172 2453 1747 2451 2691
2501 11 2 2 3 1685 491 490 600 2453 1172 2677 2678 1353 1354
2502 11 2 2 3 1706 1676 474 1644 2013 2996 2242 2014 2239 2010
2503 11 2 2 3 1706 474 1676 475 2242 2996 2013 2166 2163 1098
2504 11 2 2 3 510 474 1676 1644 1287 2996 2723 2722 2010 2239
2505 11 2 2 3 510 1676 474 475 2723 2996 1287 1288 1098 2163
2506 11 2 2 3 1704 76 72 74 2853 300 2938 2854 292 301
2507 11 2 2 3 1704 72 76 1653 2938 300 2853 2543 2922 2837
2508 11 2 2 3 1703 591 543 524 2969 1406 2857 2949 797 1405
2509 11 2 2 3 1703 543 591 1641 2857 1406 2969 2858 2876 2267
2510 11 2 2 3 496 1712 1711 606 2892 2616 2826 1267 2987 2986
2511 11 2 2 3 1711 1712 496 1636 2616 2892 2826 2828 2824 2373
2512 11 2 2 3 1705 596 1691 1692 2978 2916 2250 2577 2918 2917
2513 11 2 2 3 1705 1691 596 365 2250 2916 2978 2965 700 2933
2514 11 2 2 3 1692 371 519 575 2919 775 2776 2974 773 774
2515 11 2 2 3 1692 519 371 1691 2776 775 2919 2918 2915 2981
2516 11 2 2 3 1701 103 1692 1 2984 2997 2141 2692 2693 125
2517 11 2 2 3 43 1692 103 1 2988 2997 124 123 125 2693
2518 11 2 2 3 43 103 1692 99 124 2997 2988 173 1976 174
2519 11 2 2 3 115 88 1711 2 133 2943 2614 134 2708 132
2520 11 2 2 3 115 1711 88 89 2614 2943 133 348 347 2936
2521 11 2 2 3 103 1692 1681 1701 2997 1969 2990 2984 2142 2141
2522 11 2 2 3 103 1681 1692 99 2990 1969 2997 174 1976 1977
$EndElements
