$MeshFormat
2.2 0 8
$EndMeshFormat
$Nodes
5296
1 1 0 0
2 0 1 0
3 -1 0 0
4 0 -1 0
5 0.9987954561993816 0.04906767444529344 0
6 0.9951847266500028 0.09801714055490071 0
7 0.9891765099122256 0.146730474809661 0
8 0.9807852803028083 0.1950903225209843 0
9 0.9700312530352709 0.2429801805391177 0
10 0.9569403355001619 0.2902846780194185 0
11 0.9415440648591527 0.3368898542973707 0
12 0.9238795320777972 0.3826834334116262 0
13 0.9039892925776877 0.4275550945841856 0
14 0.8819212636842565 0.4713967380684387 0
15 0.8577286092144332 0.5141027455043148 0
16 0.8314696113592754 0.5555702344313052 0
17 0.8032075303754214 0.5956993059826547 0
18 0.7730104520726158 0.6343932857356627 0
19 0.7409511238863431 0.6715589564673864 0
20 0.707106779547505 0.70710678282559 0
21 0.6715589532381756 0.7409511268131291 0
22 0.6343932826325243 0.7730104546192956 0
23 0.5956993030608388 0.8032075325423877 0
24 0.5555702316283831 0.8314696132321281 0
25 0.5141027428124901 0.8577286108278508 0
26 0.4713967355260948 0.8819212650431676 0
27 0.4275550922059446 0.9039892937025118 0
28 0.3826834312381294 0.923879532978089 0
29 0.3368898523607285 0.9415440655520944 0
30 0.2902846763657408 0.9569403360017996 0
31 0.2429801791891042 0.9700312533734317 0
32 0.1950903214159951 0.9807852805226044 0
33 0.1467304739841861 0.9891765100346733 0
34 0.09801714003150937 0.9951847267015523 0
35 0.04906767420350392 0.9987954562112599 0
36 0.9998661379089011 0.01636173166685906 0
37 0.9994645874737486 0.03271908290172142 0
38 0.9978589232285515 0.06540312938350651 0
39 0.99665523929369 0.08172107432258466 0
40 0.9934477789886993 0.1142869652341002 0
41 0.9914448613331297 0.1305261925290525 0
42 0.9866433320178217 0.1628954738007487 0
43 0.9838460058438987 0.1790168617337689 0
44 0.9774619748235264 0.2111115529147847 0
45 0.9738769791377591 0.2270762636329762 0
46 0.9659258261084998 0.2588190457764119 0
47 0.9615617974773051 0.2745886189051071 0
48 0.9520626774537669 0.3059030209062415 0
49 0.9469301292041031 0.3214394661604275 0
50 0.9359059263998091 0.3522500488711324 0
51 0.9300172232913435 0.3675159375883708 0
52 0.917494495977991 0.3977484756100169 0
53 0.9108638244152769 0.4127070309209374 0
54 0.8968727409480933 0.4422886914044427 0
55 0.8895160747966846 0.4569038768475259 0
56 0.8740903409210775 0.4857633949861542 0
57 0.8660254030415165 0.5000000012867788 0
58 0.8492021806911075 0.5280678519939153 0
59 0.8404484002088117 0.5418915819483165 0
60 0.8222682179838942 0.5691001473322521 0
61 0.8128466835354764 0.5824776983416422 0
62 0.7933533391157725 0.6087614305406134 0
63 0.7832867480023153 0.6216605749152485 0
64 0.7625272025587093 0.646956154123283 0
65 0.7518398060711153 0.6593458167054279 0
66 0.7298640711757297 0.6835923036480073 0
67 0.718581616187786 0.6954426366544902 0
68 0.6954426333834424 0.7185816193535033 0
69 0.683592300407493 0.7298640742108025 0
70 0.6593458135148337 0.7518398088691913 0
71 0.646956150978008 0.7625272052272765 0
72 0.6216605718749045 0.7832867504153039 0
73 0.608761427559491 0.7933533414032682 0
74 0.5824776954519781 0.8128466856061803 0
75 0.5691001444888777 0.8222682199518224 0
76 0.5418915791852833 0.8404484019903183 0
77 0.5280678492677607 0.8492021823863393 0
78 0.4999999986341639 0.8660254045730045 0
79 0.4857633923845592 0.8740903423668773 0
80 0.4569038743424517 0.889516076083427 0
81 0.4422886889621611 0.8968727421524932 0
82 0.4127070285944873 0.9108638254693777 0
83 0.3977484733516879 0.9174944969570126 0
84 0.3675159354813236 0.9300172241239877 0
85 0.3522500468518169 0.9359059271598256 0
86 0.3214394643145067 0.9469301298307088 0
87 0.3059030191504455 0.952062678017914 0
88 0.2745886173230921 0.9615617979290736 0
89 0.2588190443199271 0.9659258264987637 0
90 0.2270762623591656 0.9738769794347699 0
91 0.211111551724818 0.9774619750805346 0
92 0.1790168607384029 0.9838460060250116 0
93 0.1628954728729851 0.9866433321709961 0
94 0.1305261917878102 0.9914448614307161 0
95 0.1142869646022805 0.9934477790613844 0
96 0.08172107388185217 0.996655239329828 0
97 0.06540312904603789 0.9978589232506704 0
98 0.03271908273940533 0.9994645874790622 0
99 0.01636173158506962 0.9998661379102395 0
100 -0.04906767444529344 0.9987954561993816 0
101 -0.09801714055490071 0.9951847266500028 0
102 -0.146730474809661 0.9891765099122256 0
103 -0.1950903225209843 0.9807852803028083 0
104 -0.2429801805391177 0.9700312530352709 0
105 -0.2902846780194185 0.9569403355001619 0
106 -0.3368898542973707 0.9415440648591527 0
107 -0.3826834334116262 0.9238795320777972 0
108 -0.4275550945841856 0.9039892925776877 0
109 -0.4713967380684387 0.8819212636842565 0
110 -0.5141027455043148 0.8577286092144332 0
111 -0.5555702344313052 0.8314696113592754 0
112 -0.5956993059826547 0.8032075303754214 0
113 -0.6343932857356627 0.7730104520726158 0
114 -0.6715589564673864 0.7409511238863431 0
115 -0.70710678282559 0.707106779547505 0
116 -0.7409511268131291 0.6715589532381756 0
117 -0.7730104546192956 0.6343932826325243 0
118 -0.8032075325423877 0.5956993030608388 0
119 -0.8314696132321281 0.5555702316283831 0
120 -0.8577286108278508 0.5141027428124901 0
121 -0.8819212650431676 0.4713967355260948 0
122 -0.9039892937025118 0.4275550922059446 0
123 -0.923879532978089 0.3826834312381294 0
124 -0.9415440655520944 0.3368898523607285 0
125 -0.9569403360017996 0.2902846763657408 0
126 -0.9700312533734317 0.2429801791891042 0
127 -0.9807852805226044 0.1950903214159951 0
128 -0.9891765100346733 0.1467304739841861 0
129 -0.9951847267015523 0.09801714003150937 0
130 -0.9987954562112599 0.04906767420350392 0
131 -0.01636173166685906 0.9998661379089011 0
132 -0.03271908290172142 0.9994645874737486 0
133 -0.06540312938350651 0.9978589232285515 0
134 -0.08172107432258466 0.99665523929369 0
135 -0.1142869652341002 0.9934477789886993 0
136 -0.1305261925290525 0.9914448613331297 0
137 -0.1628954738007487 0.9866433320178217 0
138 -0.1790168617337689 0.9838460058438987 0
139 -0.2111115529147847 0.9774619748235264 0
140 -0.2270762636329762 0.9738769791377591 0
141 -0.2588190457764119 0.9659258261084998 0
142 -0.2745886189051071 0.9615617974773051 0
143 -0.3059030209062415 0.9520626774537669 0
144 -0.3214394661604275 0.9469301292041031 0
145 -0.3522500488711324 0.9359059263998091 0
146 -0.3675159375883708 0.9300172232913435 0
147 -0.3977484756100169 0.917494495977991 0
148 -0.4127070309209374 0.9108638244152769 0
149 -0.4422886914044427 0.8968727409480933 0
150 -0.4569038768475259 0.8895160747966846 0
151 -0.4857633949861542 0.8740903409210775 0
152 -0.5000000012867788 0.8660254030415165 0
153 -0.5280678519939153 0.8492021806911075 0
154 -0.5418915819483165 0.8404484002088117 0
155 -0.5691001473322521 0.8222682179838942 0
156 -0.5824776983416422 0.8128466835354764 0
157 -0.6087614305406134 0.7933533391157725 0
158 -0.6216605749152485 0.7832867480023153 0
159 -0.646956154123283 0.7625272025587093 0
160 -0.6593458167054279 0.7518398060711153 0
161 -0.6835923036480073 0.7298640711757297 0
162 -0.6954426366544902 0.718581616187786 0
163 -0.7185816193535033 0.6954426333834424 0
164 -0.7298640742108025 0.683592300407493 0
165 -0.7518398088691913 0.6593458135148337 0
166 -0.7625272052272765 0.646956150978008 0
167 -0.7832867504153039 0.6216605718749045 0
168 -0.7933533414032682 0.608761427559491 0
169 -0.8128466856061803 0.5824776954519781 0
170 -0.8222682199518224 0.5691001444888777 0
171 -0.8404484019903183 0.5418915791852833 0
172 -0.8492021823863393 0.5280678492677607 0
173 -0.8660254045730045 0.4999999986341639 0
174 -0.8740903423668773 0.4857633923845592 0
175 -0.889516076083427 0.4569038743424517 0
176 -0.8968727421524932 0.4422886889621611 0
177 -0.9108638254693777 0.4127070285944873 0
178 -0.9174944969570126 0.3977484733516879 0
179 -0.9300172241239877 0.3675159354813236 0
180 -0.9359059271598256 0.3522500468518169 0
181 -0.9469301298307088 0.3214394643145067 0
182 -0.952062678017914 0.3059030191504455 0
183 -0.9615617979290736 0.2745886173230921 0
184 -0.9659258264987637 0.2588190443199271 0
185 -0.9738769794347699 0.2270762623591656 0
186 -0.9774619750805346 0.211111551724818 0
187 -0.9838460060250116 0.1790168607384029 0
188 -0.9866433321709961 0.1628954728729851 0
189 -0.9914448614307161 0.1305261917878102 0
190 -0.9934477790613844 0.1142869646022805 0
191 -0.996655239329828 0.08172107388185217 0
192 -0.9978589232506704 0.06540312904603789 0
193 -0.9994645874790622 0.03271908273940533 0
194 -0.9998661379102395 0.01636173158506962 0
195 -0.9987954561993816 -0.04906767444529344 0
196 -0.9951847266500028 -0.09801714055490071 0
197 -0.9891765099122256 -0.146730474809661 0
198 -0.9807852803028083 -0.1950903225209843 0
199 -0.9700312530352709 -0.2429801805391177 0
200 -0.9569403355001619 -0.2902846780194185 0
201 -0.9415440648591527 -0.3368898542973707 0
202 -0.9238795320777972 -0.3826834334116262 0
203 -0.9039892925776877 -0.4275550945841856 0
204 -0.8819212636842565 -0.4713967380684387 0
205 -0.8577286092144332 -0.5141027455043148 0
206 -0.8314696113592754 -0.5555702344313052 0
207 -0.8032075303754214 -0.5956993059826547 0
208 -0.7730104520726158 -0.6343932857356627 0
209 -0.7409511238863431 -0.6715589564673864 0
210 -0.707106779547505 -0.70710678282559 0
211 -0.6715589532381756 -0.7409511268131291 0
212 -0.6343932826325243 -0.7730104546192956 0
213 -0.5956993030608388 -0.8032075325423877 0
214 -0.5555702316283831 -0.8314696132321281 0
215 -0.5141027428124901 -0.8577286108278508 0
216 -0.4713967355260948 -0.8819212650431676 0
217 -0.4275550922059446 -0.9039892937025118 0
218 -0.3826834312381294 -0.923879532978089 0
219 -0.3368898523607285 -0.9415440655520944 0
220 -0.2902846763657408 -0.9569403360017996 0
221 -0.2429801791891042 -0.9700312533734317 0
222 -0.1950903214159951 -0.9807852805226044 0
223 -0.1467304739841861 -0.9891765100346733 0
224 -0.09801714003150937 -0.9951847267015523 0
225 -0.04906767420350392 -0.9987954562112599 0
226 -0.9998661379089011 -0.01636173166685906 0
227 -0.9994645874737486 -0.03271908290172142 0
228 -0.9978589232285515 -0.06540312938350651 0
229 -0.99665523929369 -0.08172107432258466 0
230 -0.9934477789886993 -0.1142869652341002 0
231 -0.9914448613331297 -0.1305261925290525 0
232 -0.9866433320178217 -0.1628954738007487 0
233 -0.9838460058438987 -0.1790168617337689 0
234 -0.9774619748235264 -0.2111115529147847 0
235 -0.9738769791377591 -0.2270762636329762 0
236 -0.9659258261084998 -0.2588190457764119 0
237 -0.9615617974773051 -0.2745886189051071 0
238 -0.9520626774537669 -0.3059030209062415 0
239 -0.9469301292041031 -0.3214394661604275 0
240 -0.9359059263998091 -0.3522500488711324 0
241 -0.9300172232913435 -0.3675159375883708 0
242 -0.917494495977991 -0.3977484756100169 0
243 -0.9108638244152769 -0.4127070309209374 0
244 -0.8968727409480933 -0.4422886914044427 0
245 -0.8895160747966846 -0.4569038768475259 0
246 -0.8740903409210775 -0.4857633949861542 0
247 -0.8660254030415165 -0.5000000012867788 0
248 -0.8492021806911075 -0.5280678519939153 0
249 -0.8404484002088117 -0.5418915819483165 0
250 -0.8222682179838942 -0.5691001473322521 0
251 -0.8128466835354764 -0.5824776983416422 0
252 -0.7933533391157725 -0.6087614305406134 0
253 -0.7832867480023153 -0.6216605749152485 0
254 -0.7625272025587093 -0.646956154123283 0
255 -0.7518398060711153 -0.6593458167054279 0
256 -0.7298640711757297 -0.6835923036480073 0
257 -0.718581616187786 -0.6954426366544902 0
258 -0.6954426333834424 -0.7185816193535033 0
259 -0.683592300407493 -0.7298640742108025 0
260 -0.6593458135148337 -0.7518398088691913 0
261 -0.646956150978008 -0.7625272052272765 0
262 -0.6216605718749045 -0.7832867504153039 0
263 -0.608761427559491 -0.7933533414032682 0
264 -0.5824776954519781 -0.8128466856061803 0
265 -0.5691001444888777 -0.8222682199518224 0
266 -0.5418915791852833 -0.8404484019903183 0
267 -0.5280678492677607 -0.8492021823863393 0
268 -0.4999999986341639 -0.8660254045730045 0
269 -0.4857633923845592 -0.8740903423668773 0
270 -0.4569038743424517 -0.889516076083427 0
271 -0.4422886889621611 -0.8968727421524932 0
272 -0.4127070285944873 -0.9108638254693777 0
273 -0.3977484733516879 -0.9174944969570126 0
274 -0.3675159354813236 -0.9300172241239877 0
275 -0.3522500468518169 -0.9359059271598256 0
276 -0.3214394643145067 -0.9469301298307088 0
277 -0.3059030191504455 -0.952062678017914 0
278 -0.2745886173230921 -0.9615617979290736 0
279 -0.2588190443199271 -0.9659258264987637 0
280 -0.2270762623591656 -0.9738769794347699 0
281 -0.211111551724818 -0.9774619750805346 0
282 -0.1790168607384029 -0.9838460060250116 0
283 -0.1628954728729851 -0.9866433321709961 0
284 -0.1305261917878102 -0.9914448614307161 0
285 -0.1142869646022805 -0.9934477790613844 0
286 -0.08172107388185217 -0.996655239329828 0
287 -0.06540312904603789 -0.9978589232506704 0
288 -0.03271908273940533 -0.9994645874790622 0
289 -0.01636173158506962 -0.9998661379102395 0
290 0.04906767444529344 -0.9987954561993816 0
291 0.09801714055490071 -0.9951847266500028 0
292 0.146730474809661 -0.9891765099122256 0
293 0.1950903225209843 -0.9807852803028083 0
294 0.2429801805391177 -0.9700312530352709 0
295 0.2902846780194185 -0.9569403355001619 0
296 0.3368898542973707 -0.9415440648591527 0
297 0.3826834334116262 -0.9238795320777972 0
298 0.4275550945841856 -0.9039892925776877 0
299 0.4713967380684387 -0.8819212636842565 0
300 0.5141027455043148 -0.8577286092144332 0
301 0.5555702344313052 -0.8314696113592754 0
302 0.5956993059826547 -0.8032075303754214 0
303 0.6343932857356627 -0.7730104520726158 0
304 0.6715589564673864 -0.7409511238863431 0
305 0.70710678282559 -0.707106779547505 0
306 0.7409511268131291 -0.6715589532381756 0
307 0.7730104546192956 -0.6343932826325243 0
308 0.8032075325423877 -0.5956993030608388 0
309 0.8314696132321281 -0.5555702316283831 0
310 0.8577286108278508 -0.5141027428124901 0
311 0.8819212650431676 -0.4713967355260948 0
312 0.9039892937025118 -0.4275550922059446 0
313 0.923879532978089 -0.3826834312381294 0
314 0.9415440655520944 -0.3368898523607285 0
315 0.9569403360017996 -0.2902846763657408 0
316 0.9700312533734317 -0.2429801791891042 0
317 0.9807852805226044 -0.1950903214159951 0
318 0.9891765100346733 -0.1467304739841861 0
319 0.9951847267015523 -0.09801714003150937 0
320 0.9987954562112599 -0.04906767420350392 0
321 0.01636173166685906 -0.9998661379089011 0
322 0.03271908290172142 -0.9994645874737486 0
323 0.06540312938350651 -0.9978589232285515 0
324 0.08172107432258466 -0.99665523929369 0
325 0.1142869652341002 -0.9934477789886993 0
326 0.1305261925290525 -0.9914448613331297 0
327 0.1628954738007487 -0.9866433320178217 0
328 0.1790168617337689 -0.9838460058438987 0
329 0.2111115529147847 -0.9774619748235264 0
330 0.2270762636329762 -0.9738769791377591 0
331 0.2588190457764119 -0.9659258261084998 0
332 0.2745886189051071 -0.9615617974773051 0
333 0.3059030209062415 -0.9520626774537669 0
334 0.3214394661604275 -0.9469301292041031 0
335 0.3522500488711324 -0.9359059263998091 0
336 0.3675159375883708 -0.9300172232913435 0
337 0.3977484756100169 -0.917494495977991 0
338 0.4127070309209374 -0.9108638244152769 0
339 0.4422886914044427 -0.8968727409480933 0
340 0.4569038768475259 -0.8895160747966846 0
341 0.4857633949861542 -0.8740903409210775 0
342 0.5000000012867788 -0.8660254030415165 0
343 0.5280678519939153 -0.8492021806911075 0
344 0.5418915819483165 -0.8404484002088117 0
345 0.5691001473322521 -0.8222682179838942 0
346 0.5824776983416422 -0.8128466835354764 0
347 0.6087614305406134 -0.7933533391157725 0
348 0.6216605749152485 -0.7832867480023153 0
349 0.646956154123283 -0.7625272025587093 0
350 0.6593458167054279 -0.7518398060711153 0
351 0.6835923036480073 -0.7298640711757297 0
352 0.6954426366544902 -0.718581616187786 0
353 0.7185816193535033 -0.6954426333834424 0
354 0.7298640742108025 -0.683592300407493 0
355 0.7518398088691913 -0.6593458135148337 0
356 0.7625272052272765 -0.646956150978008 0
357 0.7832867504153039 -0.6216605718749045 0
358 0.7933533414032682 -0.608761427559491 0
359 0.8128466856061803 -0.5824776954519781 0
360 0.8222682199518224 -0.5691001444888777 0
361 0.8404484019903183 -0.5418915791852833 0
362 0.8492021823863393 -0.5280678492677607 0
363 0.8660254045730045 -0.4999999986341639 0
364 0.8740903423668773 -0.4857633923845592 0
365 0.889516076083427 -0.4569038743424517 0
366 0.8968727421524932 -0.4422886889621611 0
367 0.9108638254693777 -0.4127070285944873 0
368 0.9174944969570126 -0.3977484733516879 0
369 0.9300172241239877 -0.3675159354813236 0
370 0.9359059271598256 -0.3522500468518169 0
371 0.9469301298307088 -0.3214394643145067 0
372 0.952062678017914 -0.3059030191504455 0
373 0.9615617979290736 -0.2745886173230921 0
374 0.9659258264987637 -0.2588190443199271 0
375 0.9738769794347699 -0.2270762623591656 0
376 0.9774619750805346 -0.211111551724818 0
377 0.9838460060250116 -0.1790168607384029 0
378 0.9866433321709961 -0.1628954728729851 0
379 0.9914448614307161 -0.1305261917878102 0
380 0.9934477790613844 -0.1142869646022805 0
381 0.996655239329828 -0.08172107388185217 0
382 0.9978589232506704 -0.06540312904603789 0
383 0.9994645874790622 -0.03271908273940533 0
384 0.9998661379102395 -0.01636173158506962 0
385 -0.7247943758255846 0.6252119256291573 0
386 0.7172769399332207 -0.6172679451440453 0
387 0.6187867456683689 0.7249419154839242 0
388 -0.6252119256291573 -0.7247943758255846 0
389 0.9608674066650882 0.06942891631361468 0
390 -0.07041542398413989 0.9545986102720868 0
391 -0.9545986102720868 -0.07041542398413989 0
392 0.06397022245664717 -0.9370108397562029 0
393 0.2925535410809364 0.8959279660639017 0
394 -0.9068020667792666 0.2995173856318125 0
395 -0.3023337157654316 -0.9077292837242104 0
396 0.9137907363899753 -0.3027496492967397 0
397 0.8558046342630619 0.4305198751746214 0
398 -0.4167293101736115 0.8443180542931638 0
399 -0.838899224534061 -0.434495974178092 0
400 0.4303644426955957 -0.8549873011348038 0
401 0.4711666876914364 0.8316583916040756 0
402 -0.8161507373515923 0.4686463911687358 0
403 -0.4682400768852427 -0.8196952395612215 0
404 0.8239116797276271 -0.4679795192042645 0
405 0.9120018974719694 0.2506141715598644 0
406 -0.2456045138973519 0.9100671913981372 0
407 -0.9225188977378237 -0.2552953621353775 0
408 0.255724861327687 -0.9284774638660643 0
409 0.7545990218000367 0.5888948589410696 0
410 -0.5835628247989739 0.7513612433366276 0
411 -0.7545990218000367 -0.5888948589410696 0
412 0.5888948589410696 -0.7545990218000367 0
413 0.1154628253131749 0.9378491272000916 0
414 -0.9467513961799068 0.114438876701728 0
415 -0.1170393724027476 -0.9486598512032064 0
416 0.9566318321542205 -0.1178004158807661 0
417 0.8862766804341369 0.3363496256667873 0
418 -0.3444887097256519 0.8930533956403283 0
419 -0.8930533956403283 -0.3444887097256519 0
420 0.3406152797891505 -0.8859105866616505 0
421 0.9330026525541159 0.1619244094227554 0
422 -0.1636433806575871 0.9431000384836995 0
423 -0.9431000384836995 -0.1636433806575871 0
424 0.1611004413505772 -0.9374548927997824 0
425 0.8086872114673427 0.5120955307615145 0
426 -0.5161398734705679 0.81434368018405 0
427 -0.8086872114673427 -0.5120955307615145 0
428 0.50828596078386 -0.7930211848902898 0
429 0.6932436311284694 0.6600228077575215 0
430 -0.6600228077575215 0.6932436311284694 0
431 -0.6932436311284694 -0.6600228077575215 0
432 0.6575818598674601 -0.683469891779833 0
433 0.3825749444690248 0.868579122392406 0
434 -0.8641320983911029 0.378504746331522 0
435 -0.3878938092220362 -0.8750744150321699 0
436 0.8750744150321699 -0.3878938092220362 0
437 0.209694440454514 0.9337593032124968 0
438 -0.9185225458148286 0.2073980042999599 0
439 -0.2097219896059075 -0.9339344335664098 0
440 0.9302496043421753 -0.2068649778698484 0
441 0.9555652833752607 -0.02342471169964881 0
442 0.02342471169964876 0.9555652833752606 0
443 -0.9489771682798926 0.02885345000069001 0
444 -0.02349067158127797 -0.956903875763006 0
445 0.5415507497591624 0.7720258102918087 0
446 -0.7825857776280531 0.5511590875257331 0
447 -0.548832896275859 -0.7809417048605183 0
448 0.7734861408228945 -0.5442880220830164 0
449 0.7854114828118759 0.5579522897414629 0
450 0.7310616245771964 0.5343506043706046 0
451 0.7634701489466431 0.461803664620786 0
452 0.6738533596638009 0.4787169716348654 0
453 0.7008797050662929 0.4036719529092603 0
454 0.6103663513251339 0.4202079928486927 0
455 0.6402235500085922 0.3284385356170325 0
456 0.542514914205084 0.348098521323202 0
457 0.5747876290661439 0.2532095345245126 0
458 0.4765066034290737 0.2728637596372824 0
459 0.5083095503316646 0.177806104673957 0
460 0.4101849071185124 0.1978653465679461 0
461 0.4419546246539477 0.1028453162972744 0
462 0.3438101804162834 0.1229733530176965 0
463 0.3754802214121984 0.02809477666712112 0
464 0.2774827554976058 0.04813718777801992 0
465 0.2458373046303641 0.1430015559594349 0
466 0.179505200479624 0.06816804167929948 0
467 0.2111468120973327 -0.02669404214807446 0
468 0.1131720856827323 -0.006664854282773889 0
469 0.0815306816110152 0.08819712357608141 0
470 0.01519837212485044 0.01336376920754411 0
471 0.04683991068455173 -0.08149828500009175 0
472 -0.05113382818144625 -0.06146964714264985 0
473 -0.08277538831174659 0.03339241931114643 0
474 -0.1491075728319557 -0.04144100600098992 0
475 -0.01949227142498076 -0.1563317116809645 0
476 -0.1807491322191188 0.05342106003111333 0
477 -0.2470813122772767 -0.02141236781409138 0
478 -0.2787228725040929 0.07344969869466289 0
479 -0.2123906931616182 0.1482831269461545 0
480 0.4441120556400305 0.3684183534595059 0
481 -0.3449505179531951 -0.001476388196060511 0
482 -0.3133960693928052 -0.09626123912180648 0
483 -0.3102329060772223 0.1683556364815235 0
484 -0.2440103324147739 0.2431525054113819 0
485 -0.4112623712729407 -0.07632783339830546 0
486 -0.379721957357661 -0.1711002440426358 0
487 -0.3418488917154717 0.2632262335384524 0
488 -0.2756439767305434 0.3380172123466554 0
489 0.4734254968464593 0.008082830658815487 0
490 -0.4786023116278946 -0.1515199349274842 0
491 -0.4487488147308007 -0.2468375255847084 0
492 -0.5103241611829046 -0.05710527400782318 0
493 -0.3739091106458723 0.3583057513914852 0
494 -0.4399797327628941 0.2832024701033497 0
495 -0.3076467077540104 0.4331754215336857 0
496 -0.2093918839239424 0.4128933628724134 0
497 -0.3485453192729568 -0.2660989395778978 0
498 -0.4174827520666318 -0.3417982842983701 0
499 -0.3170438289809421 -0.3610002263009658 0
500 -0.241092205394063 0.5075404015256846 0
501 -0.1430359985038766 0.4876558367945439 0
502 -0.3833993533125343 -0.4358401912548396 0
503 -0.2848209903457293 -0.4556654238070067 0
504 0.6071095964430346 0.1581592564897967 0
505 -0.550239404506967 -0.2264900666501906 0
506 0.4070981619844652 -0.06675343029855985 0
507 0.505349100345599 -0.08676538037659438 0
508 0.4387828937785854 -0.1616108654711722 0
509 0.5365464090719941 -0.1814458742528506 0
510 0.4717756237828568 -0.2576987105264357 0
511 0.3726441441023632 -0.2366499219012743 0
512 0.4057359864355924 -0.3328030414154274 0
513 0.3063929597284877 -0.3115628027370114 0
514 0.3337458784639878 -0.4026245181279931 0
515 0.2391313601338574 -0.3855742242254662 0
516 0.2663158790167589 -0.4764856832619347 0
517 0.1724614526423143 -0.4601087052208267 0
518 0.2035505660077205 -0.5544809733193129 0
519 0.1066674096591439 -0.53541925412727 0
520 -0.1796331057094666 0.5859384876681785 0
521 -0.07937178257790045 0.5853854012325165 0
522 -0.04548922391960532 0.4714554077576066 0
523 0.02077179458469042 0.5469268708833099 0
524 0.6035402117931349 -0.1049467748431978 0
525 -0.4716212930136973 0.378064536625721 0
526 -0.5380580026508346 0.3033237637892003 0
527 0.4368695389665548 -0.4383986072447932 0
528 -0.3436529379069382 0.5280027650022343 0
529 0.5734868571819302 -0.2755492022803496 0
530 -0.4992881057004072 -0.4290195248008192 0
531 -0.3512539402471133 -0.5305327530135053 0
532 -0.2531962251887459 -0.5505331404881679 0
533 0.008117280847181597 0.6512669776799318 0
534 0.09280142507742979 0.6184395114622905 0
535 0.1379026251561633 -0.6299209619137034 0
536 0.3062084390859923 -0.5676389429339724 0
537 0.1200448888228614 0.5233794584674586 0
538 0.1866054963790973 0.5976792316088136 0
539 0.5857573456614794 0.5144305947601086 0
540 0.04056272589936234 -0.6104548853034584 0
541 -0.1868500499381083 -0.4756950037688369 0
542 0.07520737207365642 -0.4407182873066073 0
543 -0.1460548604381349 0.2231177739221058 0
544 -0.5697531808022462 0.3974202281885762 0
545 -0.6355859868484437 0.3250876468101548 0
546 -0.6043507328569121 0.2288104281332455 0
547 -0.3183777877505475 -0.6263830527492321 0
548 -0.2213516987459518 -0.64556085423923 0
549 0.07236345908189282 -0.7053102846045241 0
550 0.1571733023338353 0.6904643968479365 0
551 0.2524879683449445 0.67209839161298 0
552 -0.4122968223380317 -0.611556332994545 0
553 -0.7018283624494638 0.250724375135254 0
554 -0.6703512655868649 0.1538055442685131 0
555 0.1688389092119532 -0.7250921430743276 0
556 0.217552111915301 0.5026952248222986 0
557 0.1510922393481163 0.4277886659457134 0
558 0.07848146709996592 -0.1763603493447115 0
559 -0.2503007857260945 -0.2860290153363904 0
560 -0.2851439630198115 -0.7209862445968795 0
561 -0.1911896811411933 -0.7401006323212315 0
562 0.7480414195410496 0.3126330313347938 0
563 -0.7656472706019852 0.1749594153131097 0
564 -0.7365893060870661 0.0792015730699368 0
565 -0.6641468780206464 0.4205023251006136 0
566 -0.6018502577930765 0.4902836008434555 0
567 0.2489966513816379 0.4076559762717266 0
568 0.3142994271477649 0.4822155988532387 0
569 0.0121493717325154 -0.251193852080441 0
570 0.2745230011686906 -0.2164987651002027 0
571 0.1826019283529992 0.3327756144489432 0
572 -0.5721888428087383 0.1338899814048282 0
573 0.08461776430962303 0.3527964307591894 0
574 0.2171090331368961 0.7632637619533407 0
575 0.1121234475487154 0.7832498648327573 0
576 0.1011055660238933 -0.7959620019039371 0
577 0.006349304542495747 -0.7779359058451845 0
578 0.3154559252864557 0.7543583154463528 0
579 0.3489419312535286 0.652945075034404 0
580 -0.1247687797076126 -0.6657877116641402 0
581 0.1101230951136579 -0.2712224704228866 0
582 0.2805708620970154 0.3127391694834123 0
583 0.1162211445218904 0.2578927070140344 0
584 -0.08582443798972453 -0.2311651516550939 0
585 -0.0541827914815522 -0.326027294701498 0
586 0.01825376827354018 0.2779282881520927 0
587 0.4125211056322742 0.7321523164521748 0
588 0.4423620101097937 0.6342741921455455 0
589 -0.8326856776915046 0.09630748229692285 0
590 -0.7992196108138355 0.001125280412609903 0
591 -0.7062175660957639 -0.01571054736272529 0
592 -0.7744000360678368 -0.08805835337508564 0
593 -0.6778972927053863 -0.1110136207725122 0
594 -0.7473047073051129 -0.1815320301279941 0
595 0.1930620894576019 -0.8189012563891712 0
596 0.2597242985019624 -0.7444481533558434 0
597 -0.8002331308691486 0.2684549566554351 0
598 -0.2592444720773828 -0.8110954049046217 0
599 -0.1596385442449228 -0.8230936884662161 0
600 -0.8333732531711333 -0.1572831442233884 0
601 -0.8074686432170194 -0.2466484608076178 0
602 -0.7186531216705379 -0.2722204003800875 0
603 -0.7780918742256855 -0.3328885028674726 0
604 -0.6942672320391413 -0.3606911199679197 0
605 -0.3505587871373663 -0.7773155736631703 0
606 -0.6928630166624871 0.5076623496176104 0
607 -0.6285730643184081 0.5735591237222551 0
608 -0.5403845070350038 0.5611337128040073 0
609 -0.564782448139886 0.6384306259576122 0
610 -0.4811221458033548 0.6348486631816892 0
611 -0.8531898858473829 -0.06938152858915154 0
612 0.5073843883499055 0.7020073559813265 0
613 0.5335384308683783 0.616954255963136 0
614 0.4764794764515308 0.5384265541489097 0
615 -0.7613364924586713 -0.4209279033940342 0
616 -0.6751821240937261 -0.4518161961462232 0
617 -0.607897147792938 -0.3874834073119774 0
618 -0.5869833599161753 -0.4827599718625031 0
619 -0.6495825027194851 -0.5363491056239629 0
620 -0.5703534333873909 -0.5753563824074659 0
621 0.6154743266299321 0.5946554166719479 0
622 0.04010378567323222 -0.8581384456955919 0
623 -0.06167958352460731 -0.8478544039740497 0
624 -0.09428857400287363 -0.7583310672195773 0
625 -0.7432575035868687 0.4431963621419751 0
626 -0.7350439418385291 0.3524884829035757 0
627 -0.3810597086167369 -0.6968267931465669 0
628 -0.4755249247702755 -0.6883766604354427 0
629 -0.443796402138984 0.5454323730606038 0
630 -0.3830444603996643 0.6217754366854251 0
631 -0.4283265757647073 0.7164226525545444 0
632 -0.3275976343428024 0.6997554200294003 0
633 -0.3730174449199287 0.777289963374293 0
634 -0.2803338600900882 0.7833972069355974 0
635 -0.2335623539877874 0.6909321665066412 0
636 -0.1782849651949594 0.7713824549448122 0
637 -0.137064282091431 0.6834925657847212 0
638 -0.08740144973007172 0.7686197799614978 0
639 -0.1291146145735504 0.8427789283502864 0
640 -0.04340355989966733 0.838363154681607 0
641 0.004917266172046257 0.7546758188590158 0
642 0.7791694797187844 0.3898393352551087 0
643 0.2895184731711846 -0.8325650439922312 0
644 0.3514525153332257 -0.7684913969800304 0
645 -0.2162362396834795 0.8421258978513351 0
646 0.3233842171578185 -0.6738561267784778 0
647 0.4131277306762284 -0.6905408911686032 0
648 -0.8482988749577911 0.195996322908659 0
649 0.5117761789617764 0.4419268103040254 0
650 0.1835545528086387 0.8384372732742978 0
651 0.112033761994975 0.8695514972692449 0
652 -0.5251571649073012 0.7131573596903014 0
653 0.6753033335178229 0.2345295084649873 0
654 0.7058104271130486 0.1394264228984756 0
655 0.6386587884428575 0.06364396538821826 0
656 0.7365510603865468 0.04476185652298104 0
657 0.7982883435668082 0.1216356610445516 0
658 0.8363045973403022 0.03239991301815438 0
659 0.7682032148573367 -0.04568803600929623 0
660 0.8532826023029483 -0.05041643575896254 0
661 0.8102145464137301 -0.1318578906735021 0
662 0.7708696214620862 0.2112395926893606 0
663 0.8675040891286313 0.1913704546713124 0
664 0.845650796372942 0.2773343922764568 0
665 -0.5244703449149746 -0.3223489385053496 0
666 0.2602803156368475 0.8284329025398548 0
667 -0.6089577443702126 -0.03757812805160952 0
668 0.7042682038074746 -0.1197175151483774 0
669 0.7386840113062445 -0.2117006140380439 0
670 0.822509592052041 -0.2183070969919324 0
671 0.7759971133859188 -0.3009925329207208 0
672 0.6792772902337467 -0.2874615971228978 0
673 0.7121960178177089 -0.3811119867860808 0
674 0.6208735902663614 -0.3652752755786748 0
675 0.6561786752326095 -0.4564633283200446 0
676 0.5620056555104048 -0.4453595694398238 0
677 0.6008690503065955 -0.5316707482387663 0
678 0.4988900259666965 -0.5268678287655401 0
679 0.5445848356314463 -0.616506137981599 0
680 0.4013816540713883 -0.5381773451926065 0
681 0.6993855851542308 -0.545313665046118 0
682 0.7522548795604245 -0.4735703255270777 0
683 0.6449252975488471 -0.6163420960709726 0
684 0.5117912086906167 -0.352514067747584 0
685 -0.6484907367325897 -0.2031888095670811 0
686 -0.6389515510424573 0.05880249532365359 0
687 -0.4074556106035058 0.4519628525183386 0
688 0.5404240040029107 0.08311290017367814 0
689 -0.5406832666103414 0.03873178642696997 0
690 -0.4743911134200102 0.1140577959476374 0
691 0.3784301581340009 0.2928929142101009 0
692 -0.02616882931198997 -0.6847342275658118 0
693 0.1764709275354238 -0.1964025303084816 0
694 0.2080677441574004 -0.2912242758869783 0
695 0.2428058872282919 -0.1215714242911623 0
696 0.3121713832569706 0.2178894010275321 0
697 0.2828371633365843 0.5772316373471387 0
698 0.340828947299129 -0.1416344153320639 0
699 0.1478630305964591 0.163030462318284 0
700 -0.01644318292259031 0.1082258327754969 0
701 0.1448195150547164 -0.1015319142292159 0
702 -0.1521850149233071 -0.3060084319743588 0
703 -0.1205202517236846 -0.4008624497387714 0
704 -0.02257960026557299 -0.4208563936607869 0
705 -0.08888107928230321 -0.4957178041894759 0
706 0.008957619399846991 -0.5156253558909309 0
707 -0.05758400558472616 -0.590479352201968 0
708 0.04374709473949832 -0.3460171934500069 0
709 -0.1174660090862373 -0.1363030752520299 0
710 -0.1838313219007728 -0.2111479951635239 0
711 -0.215442369499654 -0.1162789243101581 0
712 0.04989011127910737 0.1830603884774646 0
713 -0.1144163385764798 0.1282546883358025 0
714 -0.3766128075849823 0.0934874178215308 0
715 -0.01346231614670645 0.3734265000587604 0
716 0.05293480505024463 0.4482286168760375 0
717 -0.1114676385661122 0.3935599521424109 0
718 -0.2818729705249907 -0.1911527262587354 0
719 -0.218620153606311 -0.3808767584877216 0
720 -0.4456951967273227 -0.5190556916503462 0
721 -0.1554386397412413 -0.5706289777586364 0
722 -0.07975264925483128 0.2981831755206744 0
723 -0.177720223554723 0.3181539970359403 0
724 -0.04808719193989811 0.2031283578639395 0
725 0.214203078521652 0.2378763550806861 0
726 0.3091404642531704 -0.04673689127078658 0
727 0.1414563531433974 -0.3658108594187953 0
728 0.3463060141479751 0.3876501429269529 0
729 0.8810403041916517 0.1139738008803438 0
730 0.5720735024730195 -0.01127560627435248 0
731 -0.5790852751876592 -0.1311493056627835 0
732 -0.4075490117783392 0.1886036307888604 0
733 -0.5060862393796213 0.2086480116945202 0
734 -0.4430373730040623 0.01856125076565817 0
735 -0.2789515965856381 0.6034898473778749 0
736 0.8049046204072697 -0.3981699674131352 0
737 0.637608381569055 -0.1978635250659018 0
738 0.4116848662213245 0.4623989603072884 0
739 0.1201126063325703 -0.8812304523039488 0
740 -0.7301200458465688 -0.5117096688301499 0
741 0.6696010824170329 -0.02911922098109742 0
742 0.8797403637868968 -0.1710039275445308 0
743 0.4505623939430197 -0.6042426864497102 0
744 -0.4303000816400173 -0.7591121530481488 0
745 -0.8825575938144969 0.006597311959633168 0
746 0.2337125487784982 -0.6480314495094883 0
747 -0.5058102085644189 0.470716217340117 0
748 0.3794341457534212 0.5579153363060875 0
749 -0.8110535181409912 0.3440057199665333 0
750 0.3803388554174204 0.7999434202704534 0
751 0.4326910472781736 -0.7809236667368513 0
752 0.4871816239813748 -0.72610821828788 0
753 -0.2880191429249245 0.8598356637185285 0
754 -0.6199414958344117 -0.294799677638686 0
755 -0.635506001287514 -0.6253259142537806 0
756 -0.5553971092763158 -0.6493116114479773 0
757 0.591493713368225 0.6686898278473711 0
758 0.688731092469834 0.5939623162186064 0
759 -0.910582336621903 0.0753764938157451 0
760 0.599442171613132 -0.6653044720878494 0
761 -0.4353219262293429 0.7872150409088412 0
762 -0.5436213445425613 0.7794553798878008 0
763 -0.785616684169729 -0.5527939197893388 0
764 0.5582258370844679 -0.7835399907833103 0
765 0.7301070642714598 0.6297664450240493 0
766 -0.6259510567620827 0.7323872565640455 0
767 -0.7328608223373034 -0.6268884238713054 0
768 0.6223204508248164 -0.7205296461501516 0
769 0.9084827549276725 0.2982945443639796 0
770 0.8257523055754904 0.3437762241067053 0
771 -0.3009787889327564 0.911075794989801 0
772 -0.9135569286769947 -0.3059341318492092 0
773 -0.8552019788206917 -0.3015870487121122 0
774 0.2911975593795691 -0.9022646057352588 0
775 0.9326650344985592 0.2083959077428068 0
776 -0.2054814426081144 0.9394938568825411 0
777 -0.9391446911675674 -0.2149167374255962 0
778 -0.8808562166859781 -0.2155921761357728 0
779 0.2113845180328765 -0.9287985025109677 0
780 0.183962372969246 -0.8869070487072327 0
781 0.8755429199708632 0.3878738720732889 0
782 -0.3843195261457126 0.8808389121444166 0
783 -0.876315555977657 -0.3950250435586683 0
784 0.3875174241080019 -0.8697330499421685 0
785 0.3504230743891984 -0.8334839475192184 0
786 0.8310216789445546 0.4711539235486731 0
787 -0.4732148761851401 0.8247865837776455 0
788 -0.8348031234002407 -0.4802455819253855 0
789 0.4729376366239018 -0.8348516799410763 0
790 0.9430209940878569 0.1081889356650234 0
791 -0.1140347395340654 0.956649378391691 0
792 -0.9556879768416867 -0.1218295773318642 0
793 0.1174534951164248 -0.9522877780059954 0
794 0.9533142691945474 0.02612104946061664 0
795 0.9016659454557201 -0.0005498973147466552 0
796 -0.01973078648507218 0.9629524908440452 0
797 -0.01668149200689204 0.9104090005752619 0
798 -0.9592147079160034 -0.02354739944258988 0
799 0.01987461371124135 -0.9598984495176177 0
800 0.5100585092294715 0.8136962574396389 0
801 0.4785906723264493 0.7764249353395287 0
802 0.5701101700309353 0.7250782026751817 0
803 -0.8090365570276609 0.5166878445202222 0
804 -0.5166307157279696 -0.8095490228685627 0
805 -0.4072910410088049 -0.816885693346358 0
806 -0.3318580861711153 -0.850452157976314 0
807 0.8106401163561124 -0.513332190451646 0
808 0.4302528434466423 0.8549170060801521 0
809 -0.8533891868116465 0.4305923834758184 0
810 -0.4314037298060575 -0.8570520158868425 0
811 0.8570520158868425 -0.4314037298060575 0
812 0.3453206154576452 0.8952100360256886 0
813 -0.8990454777063429 0.3414570641531904 0
814 0.8904412535982347 -0.3399659729924634 0
815 0.8393859905240952 -0.3424727019919588 0
816 0.1686635830364333 0.9478292962129589 0
817 -0.9461708081068064 0.159826809624463 0
818 -0.8968895574388696 0.1370592954729103 0
819 -0.1608117058258565 -0.9496348766617825 0
820 -0.1455556245905997 -0.898700294137349 0
821 0.938850017152174 -0.157853424804449 0
822 0.2518637374536244 0.9281395307166861 0
823 -0.9236130334867991 0.2587159121111092 0
824 -0.8760565461231657 0.2566287478017892 0
825 -0.2576576740763971 -0.9181251387140164 0
826 -0.2195354444853118 -0.8755121192593479 0
827 0.9247466941734114 -0.2559118748881458 0
828 0.6589106149836337 0.6936077395531852 0
829 -0.6950419880562859 0.6671570955031989 0
830 -0.6574680479430456 -0.688333194536321 0
831 0.6935684013976494 -0.6591491331561063 0
832 0.06660208443306821 0.960013829891074 0
833 -0.9600582167989029 0.07315072695063528 0
834 -0.07500061472852315 -0.9618484120835229 0
835 0.9569038757835986 -0.07058547021505071 0
836 -0.7570880013952134 0.59581852394574 0
837 -0.5891616895058752 -0.761591155909938 0
838 -0.5575310247604011 -0.7192462305832681 0
839 0.7532733306144058 -0.5873924435933086 0
840 -0.7044221508332094 0.5720468278155397 0
841 -0.4969696792833674 -0.5937727222478107 0
842 -0.9004013739199501 -0.1250951596797964 0
843 -0.754040927441777 0.5006720776029215 0
844 -0.1024831465830619 0.9056263759924887 0
845 0.03768382136752045 0.8475219022461903 0
846 0.329420699558055 0.8404086271231095 0
847 0.07502654439584167 0.6996193139363862 0
848 -0.644622224140751 0.6387523114608019 0
849 0.8646944016075465 -0.2835133835603023 0
850 -0.8007525395698578 0.4068589521467943 0
851 -0.3483317789514882 -0.8997358910525755 0
852 0.002480271772847034 -0.9081495590727269 0
853 -0.8338164202761824 -0.3715688637393385 0
854 0.5918872510242656 0.7591023033079364 0
855 0.9127022528225277 0.05826045300383437 0
856 -0.3478179989966529 0.8397888660177212 0
857 -0.6091411115987964 -0.6766982136132726 0
858 0.3789328869868894 -0.614891198504674 0
859 -0.9090272763361362 -0.0422657039765258 0
860 0.5383749109744252 -0.6820292467495712 0
861 0.2358475001745207 -0.8757192793288211 0
862 -0.8592186970269987 0.3122774213022057 0
863 -0.1800888154255312 0.8934855211927888 0
864 -0.4979904485406388 -0.7604151615235601 0
865 0.4317765930956287 0.8029328137789284 0
866 0.05374012892898871 0.913253520818859 0
867 0.9126745559672054 -0.04703807091750414 0
868 -0.0700475991758181 -0.9203527327056433 0
869 -0.7016717872279821 -0.5826853888418637 0
870 -0.600683087751086 0.6945554046896429 0
871 0.6453674995816694 0.6447542922897445 0
872 0.225170357170655 0.8848214751653564 0
873 0.1690965867963984 0.9020413287224077 0
874 0.6502274240018322 0.539941743539047 0
875 -0.05816059347603506 0.6886881087035367 0
876 0.4831341109305168 -0.6645416776924185 0
877 0.5426788252834502 -0.7354026054915276 0
878 0.5783422435273787 -0.7115729984558273 0
879 -0.5215693085164892 -0.5193488980068826 0
880 0.8843881311924143 -0.2271202521709519 0
881 -0.4860960992277472 0.7666077942934471 0
882 0.9011853990801105 -0.1066508051135379 0
883 0.3462770603280154 -0.481460471879699 0
884 -0.7888591476055525 -0.4698548539298703 0
885 0.3941276468441609 -0.8190147642308361 0
886 -0.2760310102263888 -0.8674429271122854 0
887 0.8291191086456277 0.3969466764783078 0
888 0.8117170101037344 0.4300526950154995 0
889 -0.1178334489202542 0.6507901776006529 0
890 -0.0986026157490773 0.6180877894165847 0
891 -0.072301386210612 0.6198196370561899 0
892 -0.06523098984332353 0.6542538728798633 0
893 -0.08446182301450038 0.6869562610639315 0
894 -0.1107630525529657 0.6852244134243264 0
895 -0.09153221938178885 0.652522025240258 0
896 0.7240857703771186 -0.5449717840584175 0
897 0.7487859556000066 -0.5446299030707169 0
898 0.7664090537354045 -0.5207154565643701 0
899 0.7593319666479145 -0.4971428910457239 0
900 0.7346317814250266 -0.4974847720334244 0
901 0.7170086832896286 -0.5213992185397712 0
902 0.7417088685125164 -0.5210573375520706 0
903 0.8971692946908567 0.2308662659303471 0
904 0.882336691909744 0.2111183603008298 0
905 0.8892244042519406 0.1970456056951439 0
906 0.9109447193752499 0.2027207567189754 0
907 0.9257773221563625 0.2224686623484927 0
908 0.918889609814166 0.2365414169541785 0
909 0.9040570070330533 0.2167935113246612 0
910 -0.5354911197312507 -0.4151741523045386 0
911 -0.5716941337620944 -0.401328779808258 0
912 -0.6009258851673505 -0.4192422621621526 0
913 -0.5939546225417629 -0.4510011170123278 0
914 -0.5577516085109193 -0.4648464895086085 0
915 -0.5285198571056632 -0.4469330071547138 0
916 -0.5647228711365068 -0.4330876346584331 0
917 -0.09433257043137913 -0.8396008321381051 0
918 -0.126985557338151 -0.8313472603021607 0
919 -0.1549442376934818 -0.8482958903565937 0
920 -0.1502499311420407 -0.8734980922469714 0
921 -0.1175969442352689 -0.8817516640829158 0
922 -0.0896382638799381 -0.8648030340284828 0
923 -0.1222912507867099 -0.8565494621925381 0
924 0.8898848637722936 0.2595209117987285 0
925 0.8677678300726178 0.2684276520375927 0
926 0.8529352272915052 0.2486797464080753 0
927 0.8602196582100682 0.2200251005396939 0
928 0.8750522609911808 0.2397730061692112 0
929 0.0480592646010372 -0.8844292437157956 0
930 0.05601474352884218 -0.9107200417359993 0
931 0.08268435041528822 -0.9184173772721183 0
932 0.1013984783739293 -0.8998239147880335 0
933 0.0934429994461243 -0.8735331167678299 0
934 0.06677339255967826 -0.8658357812317109 0
935 0.07472887148748324 -0.8921265792519145 0
936 -0.1462126646656112 0.5857541255229578 0
937 -0.1127922236217558 0.5855697633777371 0
938 -0.1512538899641095 0.6509745397458736 0
939 -0.1654434978367881 0.618456513707026 0
940 -0.1320230567929327 0.6182721515618054 0
941 0.4830876562819645 -0.7889886788391437 0
942 0.4578893517800691 -0.7849561727879975 0
943 0.446106577060083 -0.7988996711382597 0
944 0.4595221068419924 -0.816875675539668 0
945 0.4847204113438878 -0.8209081815908141 0
946 0.4965031860638739 -0.806964683240552 0
947 0.4713048815619785 -0.8029321771894058 0
948 0.7053493700805608 -0.5692984250787604 0
949 0.7113131550068907 -0.5932831851114029 0
950 0.7292757368269491 -0.607309444627133 0
951 0.7412745337206774 -0.5973509441102208 0
952 0.7353107487943474 -0.5733661840775783 0
953 0.7173481669742892 -0.5593399245618482 0
954 0.723311951900619 -0.5833246845944906 0
955 0.5187731754863245 0.7253468407514873 0
956 0.5301619626227434 0.7486863255216479 0
957 0.5205640572815914 0.7734921853077154 0
958 0.4995773648040203 0.7749585603236221 0
959 0.4881885776676013 0.7516190755534613 0
960 0.4977864830087534 0.7268132157673939 0
961 0.5091752701451724 0.7501527005375546 0
962 0.8727347190804052 0.3166778812033438 0
963 0.8591927577266737 0.2970061367399003 0
964 0.8665947825578522 0.2843211096389644 0
965 0.8875387687427624 0.291307827001472 0
966 0.9010807300964939 0.3109795714649155 0
967 0.8936787052653155 0.3236645985658514 0
968 0.8801367439115837 0.3039928541024078 0
969 -0.921916204262809 0.2416099428407261 0
970 -0.9202193750388188 0.224503973570343 0
971 -0.9043672125842743 0.223808252133903 0
972 -0.89021187935372 0.2402184999678461 0
973 -0.8919087085777102 0.2573244692382292 0
974 -0.9077608710322547 0.2580201906746692 0
975 -0.9060640418082645 0.2409142214042861 0
976 0.5202936166624548 -0.4430392487081469 0
977 0.4785815778145048 -0.4407189279764701 0
978 0.4575430346332687 -0.4678883477517088 0
979 0.4782165302999826 -0.4973780882586245 0
980 0.5199285691479326 -0.4996984089903013 0
981 0.5409671123291687 -0.4725289892150625 0
982 0.4992550734812187 -0.4702086684833857 0
983 0.08179798000990637 -0.9421031525061337 0
984 0.09962573756316558 -0.9471954652560646 0
985 0.1183398655218066 -0.9286020027719799 0
986 0.1192262359271885 -0.9049162275379643 0
987 0.1005121079685474 -0.923509690022049 0
988 0.7600109340172354 -0.5730243030898778 0
989 0.7667485374200649 -0.5586561625864471 0
990 0.7420483521971768 -0.5589980435741477 0
991 0.7856329490597025 -0.3333850110848589 0
992 0.7952687847334861 -0.365777489248997 0
993 0.8163984104462115 -0.379604212272743 0
994 0.8278922004851534 -0.3610384571323509 0
995 0.8182563648113698 -0.3286459789682128 0
996 0.7971267390986443 -0.3148192559444668 0
997 0.8067625747724279 -0.3472117341086048 0
998 0.6812321559524362 -0.5689898087210695 0
999 0.6630787267506416 -0.592665952396021 0
1000 0.6690425116769716 -0.6166507124286634 0
1001 0.6931597258050962 -0.6169593287863544 0
1002 0.6871959408787662 -0.5929745687537119 0
1003 -0.8114079504689713 0.5006740267363934 0
1004 -0.8137793439102818 0.4846602089525646 0
1005 -0.7954474673816538 0.4793216199801311 0
1006 -0.7747441974117154 0.4899968487915263 0
1007 -0.772372803970405 0.5060106665753551 0
1008 -0.7907046804990329 0.5113492555477887 0
1009 -0.7930760739403433 0.4953354377639599 0
1010 0.5012511818496983 -0.7707168626894866 0
1011 0.4942164029155365 -0.7484125404886832 0
1012 0.4690180984136411 -0.7443800344375371 0
1013 0.4508545728459073 -0.7626518505871942 0
1014 0.4760528773478028 -0.7666843566383404 0
1015 0.8009286352488537 0.5273811170881639 0
1016 0.7931700590303649 0.5426667034148135 0
1017 0.7672948634003161 0.5500850612845102 0
1018 0.7491782439887562 0.5422178328275573 0
1019 0.7569368202072452 0.5269322465009079 0
1020 0.7828120158372939 0.5195138886312112 0
1021 0.775053439618805 0.5347994749578606 0
1022 -0.9195315747175473 -0.2721749520399881 0
1023 -0.9165442516972711 -0.2890545419445986 0
1024 -0.8941052787248936 -0.3044851041368435 0
1025 -0.8746536287727927 -0.3030360764244778 0
1026 -0.877640951793069 -0.2861564865198673 0
1027 -0.9000799247654464 -0.2707259243276224 0
1028 -0.89709260174517 -0.2876055142322329 0
1029 -0.9417815893783221 -0.1807344995802568 0
1030 -0.9404631402729448 -0.1978256185029265 0
1031 -0.9197151996737043 -0.2151418836623218 0
1032 -0.9002857081798412 -0.2153670298990473 0
1033 -0.9016041572852186 -0.1982759109763776 0
1034 -0.922352097884459 -0.1809596458169823 0
1035 -0.9210336487790816 -0.1980507647396521 0
1036 -0.130570953241906 0.9521329317556938 0
1037 -0.1471071669497465 0.9476164851196966 0
1038 -0.1432566359660787 0.9306088176532959 0
1039 -0.1228698912745703 0.9181175968228923 0
1040 -0.1063336775667297 0.9226340434588894 0
1041 -0.1101842085503976 0.9396417109252903 0
1042 -0.1267204222582381 0.9351252642892931 0
1043 -0.9549617324619535 -0.08755347510004799 0
1044 -0.95532485465182 -0.1046915262159561 0
1045 -0.9372591092011079 -0.1229181047811749 0
1046 -0.9188302415605289 -0.1240066322304857 0
1047 -0.9184671193706624 -0.1068685811145776 0
1048 -0.9365328648213745 -0.08864200254935874 0
1049 -0.936895987011241 -0.1057800536652669 0
1050 -0.03662566565142808 0.9601678639867257 0
1051 -0.05352054481778398 0.9573832371294063 0
1052 -0.05250411332505727 0.9398687403731452 0
1053 -0.03459280266597466 0.9251388704742035 0
1054 -0.01769792349961875 0.927923497331523 0
1055 -0.01871435499234547 0.9454379940877841 0
1056 -0.03560923415870136 0.9426533672304646 0
1057 0.5310533362492654 0.7859159593410855 0
1058 0.5205559227393685 0.7998061083903621 0
1059 0.4995692302617974 0.8012724834062689 0
1060 0.4890799512941233 0.7888487093728987 0
1061 0.5100666437716944 0.7873823343569921 0
1062 -0.9277386332454879 0.1915409394081276 0
1063 -0.9369547206761472 0.1756838745162953 0
1064 -0.9297437245508274 0.1522376382406121 0
1065 -0.9133166409948485 0.1446484668567612 0
1066 -0.9041005535641893 0.1605055317485935 0
1067 -0.9113115496895089 0.1839517680242767 0
1068 -0.9205276371201683 0.1680947031324444 0
1069 -0.1934185616792239 -0.9391679145982007 0
1070 -0.1771151337525402 -0.9444013956299916 0
1071 -0.1557263454141042 -0.9326566824869713 0
1072 -0.1506409850023519 -0.9156784883121601 0
1073 -0.1669444129290356 -0.9104450072803693 0
1074 -0.1883332012674716 -0.9221897204233895 0
1075 -0.1720297733407879 -0.9274232014551803 0
1076 -0.7655872601394933 0.580932045139071 0
1077 -0.7740865188837732 0.566045566332402 0
1078 -0.7565312353631052 0.5581216676223353 0
1079 -0.7304766930981573 0.5650842477189375 0
1080 -0.7219774343538774 0.5799707265256064 0
1081 -0.7395327178745453 0.5878946252356733 0
1082 -0.7480319766188253 0.5730081464290042 0
1083 -0.61319518025473 -0.7370599691870358 0
1084 -0.6011784348803025 -0.7493255625484868 0
1085 -0.5786181345907172 -0.7474761808010481 0
1086 -0.5680745796755591 -0.733361205692158 0
1087 -0.5800913250499865 -0.721095612330707 0
1088 -0.6026516253395718 -0.7229449940781457 0
1089 -0.5906348799651444 -0.7352105874395968 0
1090 -0.7049594506460521 0.6531753722118517 0
1091 -0.7148769132358184 0.6391936489205045 0
1092 -0.6980703252639734 0.6297253875730389 0
1093 -0.6713462747023622 0.6342388495169203 0
1094 -0.661428812112596 0.6482205728082676 0
1095 -0.6782354000844409 0.6576888341557332 0
1096 -0.6881528626742071 0.6437071108643861 0
1097 0.8893369436037928 0.1815551062551267 0
1098 0.9111697980789544 0.1717397578389411 0
1099 0.9328901132022637 0.1774149088627725 0
1100 0.9327775738504114 0.1929054083027897 0
1101 0.9110572587271022 0.1872302572789582 0
1102 -0.8874741157527711 -0.3613341543366574 0
1103 -0.8818948358652141 -0.3781795989476628 0
1104 -0.8621491774104988 -0.387206316952225 0
1105 -0.8479827988433406 -0.3793875903457817 0
1106 -0.8535620787308977 -0.3625421457347763 0
1107 -0.8733077371856129 -0.3535154277302141 0
1108 -0.867728457298056 -0.3703608723412195 0
1109 0.03457314995970995 -0.9522692462638128 0
1110 0.04927168620817857 -0.9446400430100078 0
1111 0.04347357222871379 -0.9273904128617109 0
1112 0.02297692200078041 -0.9177699859672189 0
1113 0.008278385752311806 -0.9253991892210238 0
1114 0.01407649973177658 -0.9426488193693208 0
1115 0.02877503598024519 -0.9350196161155158 0
1116 0.6491441516550515 -0.6387180279739261 0
1117 0.6533630057612557 -0.6610939598768795 0
1118 0.6695773737108566 -0.6753629722385908 0
1119 0.6815728875542529 -0.6672560526973486 0
1120 0.6773540334480487 -0.6448801207943951 0
1121 0.6611396654984478 -0.6306111084326839 0
1122 0.6653585196046523 -0.6529870403356373 0
1123 -0.0148336904632363 -0.9406524368662462 0
1124 -0.006176709345194632 -0.9244009979694866 0
1125 -0.02169568521004134 -0.9122172836170324 0
1126 -0.04587164219292971 -0.9162850081613378 0
1127 -0.05452862331097139 -0.9325364470580976 0
1128 -0.03900964744612468 -0.9447201614105517 0
1129 -0.03035266632808301 -0.928468722513792 0
1130 -0.6548892798852647 0.6750798579059136 0
1131 -0.6497557520130078 0.6569160846833577 0
1132 -0.629975845344196 0.6573533425370822 0
1133 -0.615329466547641 0.6759543736133626 0
1134 -0.6204629944198978 0.6941181468359184 0
1135 -0.6402429010887097 0.6936808889821939 0
1136 -0.6351093732164528 0.6755171157596381 0
1137 -0.3951227874883456 0.8686652928606656 0
1138 -0.4059260488309785 0.8564916735769147 0
1139 -0.3937588731146253 0.8428083248680163 0
1140 -0.3707884360556391 0.8412985954428687 0
1141 -0.3599851747130061 0.8534722147266196 0
1142 -0.3721523504293593 0.8671555634355181 0
1143 -0.3829556117719923 0.8549819441517671 0
1144 -0.7730708275659611 0.5343300842181292 0
1145 -0.763555877503869 0.5175010809105254 0
1146 -0.7375013352389211 0.5244636610071276 0
1147 -0.7209617430360652 0.5482552444113337 0
1148 -0.747016285301013 0.5412926643147316 0
1149 -0.8873712690973021 -0.1854265039837807 0
1150 -0.8938863215086261 -0.1552608318317886 0
1151 -0.9146342621078666 -0.1379445666723933 0
1152 -0.928867150295783 -0.1507939736649902 0
1153 -0.9081192096965425 -0.1681102388243854 0
1154 -0.8637533914424539 -0.2729220911866657 0
1155 -0.872304804064216 -0.2442571336612193 0
1156 -0.8947437770365934 -0.2288265714689744 0
1157 -0.9086313373872085 -0.242060966802176 0
1158 -0.8861923644148312 -0.2574915289944208 0
1159 -0.08110466485044722 0.9382745321788875 0
1160 -0.09179390571675454 0.9219504540856881 0
1161 -0.07388259505767193 0.9072205841867464 0
1162 -0.04528204353228198 0.9088147923810042 0
1163 -0.0631933541913646 0.9235446622799457 0
1164 -0.1702155645555037 -0.8909709025113486 0
1165 -0.1948755045204077 -0.8832415108853483 0
1166 -0.2162642928588437 -0.8949862240283686 0
1167 -0.2129931412323756 -0.9144603287973891 0
1168 -0.1916043528939396 -0.9027156156543688 0
1169 -0.7180036341614595 0.6074902263579515 0
1170 -0.7112128924973344 0.5897685270867455 0
1171 -0.6844888419357232 0.5942819890306271 0
1172 -0.6645555330382371 0.6165171502457145 0
1173 -0.6912795835998482 0.6120036883018329 0
1174 -0.8678191177605705 -0.3158876023832921 0
1175 -0.8804362567004494 -0.330188156054472 0
1176 -0.8409449397910188 -0.3482415920635963 0
1177 -0.8480734593058553 -0.3249143203878543 0
1178 -0.8606905982457342 -0.3392148740590342 0
1179 -0.8717067652434702 0.199796883372426 0
1180 -0.8951146555291495 0.203597443836193 0
1181 -0.88069266327851 0.1567049712848265 0
1182 -0.8644957691181506 0.1763506470967428 0
1183 -0.8879036594038296 0.1801512075605097 0
1184 -0.5747343870398661 -0.7050635582599363 0
1185 -0.5919377493193313 -0.6908808859366045 0
1186 -0.6144980496089166 -0.6927302676840433 0
1187 -0.619854987619037 -0.7087623217548139 0
1188 -0.5972946873294516 -0.706912940007375 0
1189 -0.7196550919343587 -0.6379332185000441 0
1190 -0.7064493615314141 -0.6489780131287828 0
1191 -0.6960530164949736 -0.6342436681189689 0
1192 -0.6988624018614779 -0.6084645284804163 0
1193 -0.7120681322644226 -0.5974197338516776 0
1194 -0.7224644773008629 -0.6121540788614915 0
1195 -0.7092587468979182 -0.6231988734902302 0
1196 -0.9032766747253455 -0.09748534111203955 0
1197 -0.9061519755307409 -0.06987552254428267 0
1198 -0.9242177209814531 -0.05164894397906383 0
1199 -0.93940816562677 -0.06103218398160186 0
1200 -0.9213424201760576 -0.0792587625468207 0
1201 -0.1691251922469018 0.926561866053396 0
1202 -0.1746070038362165 0.9100236936230923 0
1203 -0.1542202591447081 0.8975324727926888 0
1204 -0.128351702863885 0.9015794243925888 0
1205 -0.1487384475553934 0.9140706452229924 0
1206 -0.5076821854385963 -0.3934626627023293 0
1207 -0.5160762651767854 -0.3579058006038395 0
1208 -0.5522792792076291 -0.3440604281075589 0
1209 -0.5800882135002835 -0.3657719177097681 0
1210 -0.5438851994694398 -0.3796172902060487 0
1211 -0.05020876143620644 0.6073459267149882 0
1212 -0.02104574029451242 0.6293064521974601 0
1213 -0.01397534392722396 0.6637406880211334 0
1214 -0.03606796870162951 0.6762143983623351 0
1215 -0.04313836506891798 0.6417801625386615 0
1216 -0.2188557997045269 0.9296849683877397 0
1217 -0.2322301568009394 0.9198760798929385 0
1218 -0.2237659477400783 0.9045399679963544 0
1219 -0.2019273815828047 0.8990127445945716 0
1220 -0.1885530244863922 0.9088216330893729 0
1221 -0.1970172335472533 0.9241577449859569 0
1222 -0.2103915906436658 0.9143488564911557 0
1223 0.7858707993339671 -0.5339694115392263 0
1224 0.7982554578450398 -0.5236508009954361 0
1225 0.7911783707575498 -0.5000782354767899 0
1226 0.7717166251589871 -0.4868242805019338 0
1227 0.778793712246477 -0.51039684602058 0
1228 -0.6373083070938956 0.7193393814188535 0
1229 -0.6486655574257086 0.7062915062736614 0
1230 -0.6091057440880849 0.7071660219811104 0
1231 -0.6175284004250838 0.719776639272578 0
1232 -0.6288856507568967 0.7067287641273858 0
1233 0.2789902732051657 0.9066651542814965 0
1234 0.2654270053293951 0.9174023424990913 0
1235 0.2429659440259679 0.9137001788662429 0
1236 0.2340681505983115 0.8992608270157996 0
1237 0.2476314184740822 0.8885236387982048 0
1238 0.2700924797775093 0.8922258024310532 0
1239 0.2565292119017386 0.9029629906486479 0
1240 -0.400825297079882 -0.8362819339082953 0
1241 -0.3943595531509591 -0.8556781744702325 0
1242 -0.3692152348717292 -0.8668669960135512 0
1243 -0.3505366605214223 -0.8586595769949327 0
1244 -0.3570024044503452 -0.8392633364329953 0
1245 -0.382146722729575 -0.8280745148896766 0
1246 -0.3756809788006522 -0.8474707554516139 0
1247 -0.8757698914961829 0.3661555189387448 0
1248 -0.887407684601263 0.3538062915459677 0
1249 -0.8857698841465615 0.3317305165361955 0
1250 -0.8724942905867801 0.3220039689192006 0
1251 -0.8608564974817001 0.3343531963119778 0
1252 -0.8624942979364015 0.3564289713217499 0
1253 -0.8741320910414816 0.3440797439289727 0
1254 0.8516844834905365 -0.3913191952857358 0
1255 0.8282945519489031 -0.3947445813494355 0
1256 0.8222870855671274 -0.409247888210776 0
1257 0.8396695507269849 -0.4203258090084167 0
1258 0.8630594822686183 -0.4169004229447171 0
1259 0.8690669486503941 -0.4023971160833766 0
1260 0.8456770171087606 -0.4058225021470762 0
1261 0.09917591168647266 0.945237361430419 0
1262 0.08288899805977044 0.9526255956607466 0
1263 0.06231476593170838 0.9444270602003356 0
1264 0.05802744743034854 0.9288402905095974 0
1265 0.07431436105705078 0.9214520562792698 0
1266 0.09488859318511284 0.9296505917396808 0
1267 0.0786016795584106 0.9370388259700081 0
1268 -0.05783063367944143 -0.9602002333100172 0
1269 -0.0406606526303597 -0.9585520545365116 0
1270 -0.07169860436005311 -0.9341846258316032 0
1271 -0.07334960954428814 -0.948016518957563 0
1272 -0.05617962849520641 -0.9463683401840574 0
1273 0.524932586217396 -0.78986078685463 0
1274 0.5415792116509319 -0.7867003888189701 0
1275 0.553043499817462 -0.7674941956860494 0
1276 0.5478611625504561 -0.7514484005887885 0
1277 0.5312145371169201 -0.7546087986244483 0
1278 0.5197502489503901 -0.7738149917573691 0
1279 0.536396874383926 -0.7706545937217093 0
1280 0.1509299971286805 0.9445025732086698 0
1281 0.1331964112209277 0.9411758502043807 0
1282 0.1333407458075827 0.9259131943741969 0
1283 0.1512186663019906 0.9139772615483024 0
1284 0.1689522522097434 0.9173039845525914 0
1285 0.1688079176230883 0.9325666403827751 0
1286 0.1510743317153355 0.929239917378486 0
1287 -0.8375338574894542 -0.4497458434271899 0
1288 -0.8361684904448474 -0.4649957126762876 0
1289 -0.8194884648020113 -0.4767820059268804 0
1290 -0.8041738062037819 -0.4733184299283754 0
1291 -0.8055391732483886 -0.4580685606792775 0
1292 -0.8222191988912249 -0.4462822674286848 0
1293 -0.8208538318466181 -0.4615321366777826 0
1294 0.8720161608163047 0.1655715700743229 0
1295 0.8765282325039783 0.1397726854773334 0
1296 0.8983610869791397 0.1299573370611477 0
1297 0.9156818697666278 0.1459408732419515 0
1298 0.8938490152914662 0.1557562216581372 0
1299 0.5683510407304457 0.5486051484944511 0
1300 0.5509447357994119 0.5827797022287935 0
1301 0.5145187793960958 0.590778355358394 0
1302 0.4954991279238133 0.5646024547536518 0
1303 0.512905432854847 0.5304279010193094 0
1304 0.5493313892581632 0.5224292478897089 0
1305 0.5319250843271295 0.5566038016240513 0
1306 0.3235830109164952 -0.8681287391051774 0
1307 0.3065507420438399 -0.8503468915487042 0
1308 0.2900781685739794 -0.8557982312399071 0
1309 0.2906378639767743 -0.8790314184875829 0
1310 0.3076701328494296 -0.896813266044056 0
1311 0.32414270631929 -0.8913619263528533 0
1312 0.3071104374466347 -0.8735800787963801 0
1313 -0.07254924701736275 -0.8180132917225589 0
1314 -0.08341891051011818 -0.7881721794710681 0
1315 -0.11607189741689 -0.7799186076351236 0
1316 -0.1378552208309064 -0.8015061480506699 0
1317 -0.1052022339241346 -0.8097597198866142 0
1318 -0.2155859378950138 0.6559342735604869 0
1319 -0.1976095218022402 0.6209363806143328 0
1320 -0.1692303060568831 0.6859724326920279 0
1321 -0.2013963300223352 0.6884522995993345 0
1322 -0.1834199139295616 0.6534544066531803 0
1323 0.8000260796718929 -0.4698431213118689 0
1324 0.7761404796161587 -0.4717067234194733 0
1325 0.815063970813284 -0.4982146333691855 0
1326 0.8194878252704556 -0.483097076286725 0
1327 0.7956022252147213 -0.4849606783943293 0
1328 0.5452675065704754 -0.4144110688757439 0
1329 0.5285293576305461 -0.383462568311664 0
1330 0.486817318782596 -0.3811422475799871 0
1331 0.4618434288745754 -0.4097704274123902 0
1332 0.5035554677225255 -0.412090748144067 0
1333 -0.7674315413959203 0.2625447628153748 0
1334 -0.7346299519226921 0.2566345689753144 0
1335 -0.7129002222458188 0.2846457443913613 0
1336 -0.723972082042174 0.3185671136474685 0
1337 -0.7567736715154022 0.3244773074875288 0
1338 -0.7785034011922755 0.296466132071482 0
1339 -0.7457018117190471 0.2905559382314217 0
1340 0.7805778784850138 0.3008668183153481 0
1341 0.8131143374289779 0.2891006052959025 0
1342 0.8390179661071249 0.2994816695532063 0
1343 0.8323851358413076 0.3216289468299558 0
1344 0.7998486768973435 0.3333951598494014 0
1345 0.7739450482191965 0.3230140955920976 0
1346 0.8064815071631606 0.3112478825726519 0
1347 -0.37713921863825 -0.7712477667914964 0
1348 -0.4037196501391336 -0.7651799599198227 0
1349 -0.4226304014296132 -0.7783699998142185 0
1350 -0.414960721219209 -0.7976278465802883 0
1351 -0.3883802897183253 -0.803695653451962 0
1352 -0.3694695384278459 -0.7905056135575662 0
1353 -0.3960499699287294 -0.7844378066858924 0
1354 0.02756261437310383 -0.8748088168213036 0
1355 0.01502144307297543 -0.8914791879470152 0
1356 0.03551809330090881 -0.9010996148415072 0
1357 0.1143198042071082 0.915083250556476 0
1358 0.1131767831010416 0.8923173739128605 0
1359 0.1310547035954495 0.8803814410869658 0
1360 0.150075645195924 0.8912113849046868 0
1361 0.1321977247015161 0.9031473177305814 0
1362 0.817575993287508 -0.4447096686072214 0
1363 0.8112403068473889 -0.4214398180101783 0
1364 0.7873547067916546 -0.4233034201177827 0
1365 0.7698047931760396 -0.4484368728224302 0
1366 0.7936903932317737 -0.4465732707148257 0
1367 -0.5640942715017497 0.7386266154545188 0
1368 -0.5446257182045254 0.7258919875724101 0
1369 -0.5313118914523879 0.7352566997561345 0
1370 -0.5374666179974746 0.7573560398219676 0
1371 -0.5569351712946988 0.7700906677040764 0
1372 -0.5702489980468364 0.7607259555203519 0
1373 -0.5507804447496122 0.7479913276382432 0
1374 -0.8659336217734995 0.03650070207206306 0
1375 -0.849309649732502 0.06640409218449295 0
1376 -0.8586512306683041 0.08933048613653026 0
1377 -0.8846167836451035 0.08235348997613769 0
1378 -0.901240755686101 0.05245009986370779 0
1379 -0.891899174750299 0.02952370591167049 0
1380 -0.8752752027093016 0.05942709602410036 0
1381 0.005983937730424703 0.7202062051326544 0
1382 0.00705060928880315 0.6857365914062932 0
1383 0.03042036869673495 0.6673844230987499 0
1384 0.05272345654628831 0.6835018685175681 0
1385 0.05165678498790986 0.7179714822439294 0
1386 0.02828702557997806 0.7363236505514726 0
1387 0.02935369713835651 0.7018540368251112 0
1388 -0.01610868704398085 0.7326799154738561 0
1389 -0.03713464026000796 0.7106840120886964 0
1390 -0.0150420154856024 0.6982103017474947 0
1391 0.4250402440014993 -0.471658186560731 0
1392 0.4132109490364438 -0.5049177658766688 0
1393 0.4338844447031577 -0.5344075063835844 0
1394 0.466387235334927 -0.5306376675745622 0
1395 0.4457137396682131 -0.5011479270676467 0
1396 0.1687455950825913 -0.8396776550274304 0
1397 0.1444291007075809 -0.8604540536656896 0
1398 0.1413958618781289 -0.8831226511050434 0
1399 0.1626791174236874 -0.8850148499061381 0
1400 0.1869956117986979 -0.8642384512678789 0
1401 0.1900288506281499 -0.841569853828525 0
1402 0.1657123562531394 -0.8623462524667842 0
1403 -0.3460799096950897 0.6737620922480753 0
1404 -0.364562185047377 0.6477687644667501 0
1405 -0.3483468391283223 0.615680240249575 0
1406 -0.3136492178569802 0.609585043813725 0
1407 -0.2951669425046929 0.63557837159505 0
1408 -0.3113822884237477 0.6676668958122252 0
1409 -0.3298645637760349 0.6416735680309001 0
1410 0.5282929822435821 0.7096976382126116 0
1411 0.5492015761372587 0.7173879204438967 0
1412 0.5605903632736777 0.7407274052140574 0
1413 0.55107055651642 0.756376607752933 0
1414 0.5396817693800011 0.7330371229827723 0
1415 0.595663005984297 0.541172202064055 0
1416 0.6055686663071145 0.5679138093680014 0
1417 0.5881623613760808 0.6020883631023439 0
1418 0.5608503961222295 0.60952130953274 0
1419 0.5782567010532632 0.5753467557983974 0
1420 -0.2486921015204043 0.6617847267970525 0
1421 -0.2638218490530212 0.6326372870874637 0
1422 -0.2458454329602476 0.5976393941413094 0
1423 -0.2127392693348571 0.591788940904744 0
1424 -0.2307156854276307 0.6267868338508982 0
1425 -0.4021586884223839 0.8219753573202069 0
1426 -0.3875880666711563 0.7996326603472499 0
1427 -0.3646176296121701 0.7981229309221024 0
1428 -0.3562178143044115 0.8189558984699118 0
1429 -0.3791882513633977 0.8204656278950593 0
1430 -0.6739977545148176 -0.6484571765896079 0
1431 -0.6547518779011658 -0.6368915454216942 0
1432 -0.6575612632676701 -0.6111124057831416 0
1433 -0.679616525247826 -0.5968988973125027 0
1434 -0.6768071398813218 -0.6226780369510552 0
1435 -0.1203862827856725 -0.9059177736601137 0
1436 -0.09521694098074529 -0.9131352531828786 0
1437 -0.0672582606254145 -0.8961866231284454 0
1438 -0.0644689220750109 -0.8720205135512475 0
1439 -0.09242760243034169 -0.8889691436056807 0
1440 0.07317133995098413 0.8986861796356543 0
1441 0.09260255097297954 0.8841188384524495 0
1442 0.09374557207904619 0.9068847150960652 0
1443 -0.9046974519696288 0.01401602463998545 0
1444 -0.9268373101247608 0.02143473732033773 0
1445 -0.9523896814919296 0.01138650018626338 0
1446 -0.9558021947039664 -0.006080449628163249 0
1447 -0.9336623365488346 -0.01349916230851553 0
1448 -0.9081099651816658 -0.003450925174441181 0
1449 -0.9302498233367975 0.003967787505911101 0
1450 0.9108288499572037 0.2665076291612362 0
1451 0.9096558024424382 0.2824010867626078 0
1452 0.8887118162575278 0.2754143694001002 0
1453 -0.4229268488588553 0.8252837164983896 0
1454 -0.4291243875440991 0.8062493787036153 0
1455 -0.4145537657928715 0.7839066817306585 0
1456 -0.3937856053564001 0.7805983225524757 0
1457 -0.4083562271076278 0.8029410195254327 0
1458 -0.4279047729546882 -0.3101446980604829 0
1459 -0.4383267938427444 -0.2784911118225957 0
1460 -0.473989324792192 -0.2720079965582555 0
1461 -0.4992298348535833 -0.2971784675318025 0
1462 -0.488807813965527 -0.3288320537696898 0
1463 -0.4531452830160794 -0.33531516903403 0
1464 -0.4635673039041357 -0.3036615827961427 0
1465 0.8661284019078686 0.08678250492628069 0
1466 0.8512164996240853 0.05959120897221753 0
1467 0.861770482501044 0.04102009301338104 0
1468 0.8872363676617858 0.04964027300860771 0
1469 0.9021482699455691 0.07683156896267086 0
1470 0.8915942870686103 0.09540268492150736 0
1471 0.8766823847848271 0.06821138896744419 0
1472 0.8661018888145881 0.3388251584800933 0
1473 0.8459270971950392 0.3413006912933993 0
1474 0.8525599274608564 0.3191534140166498 0
1475 -0.5651786761162799 -0.4949562805772962 0
1476 -0.5433739923163846 -0.5071525892920894 0
1477 -0.5141422409111285 -0.4892391069381948 0
1478 -0.5067151733057679 -0.4591293158695069 0
1479 -0.5359469247110238 -0.4770427982234016 0
1480 -0.8575514320129159 0.2162071312063691 0
1481 -0.8668039890680409 0.2364179395040792 0
1482 -0.8809593222985951 0.2200076916701361 0
1483 -0.7871907364838012 -0.4254505936553868 0
1484 -0.813044980508931 -0.4299732839167394 0
1485 -0.7796849292232588 -0.4535458704179249 0
1486 -0.770510710840965 -0.4372368869059796 0
1487 -0.7963649548660948 -0.4417595771673322 0
1488 0.7936148572937761 0.4953315753812716 0
1489 0.7785425031202097 0.4785676200010288 0
1490 0.7859873256126136 0.4649204175967483 0
1491 0.8085045022785841 0.4680371705727108 0
1492 0.8235768564521506 0.4848011259529536 0
1493 0.8161320339597466 0.498448328357234 0
1494 0.8010596797861801 0.4816843729769912 0
1495 0.7547300815298489 -0.3276990175425075 0
1496 0.7334630496737788 -0.3544055021642942 0
1497 0.7430988853475625 -0.3867979803284323 0
1498 0.7740017528774161 -0.3924839738707837 0
1499 0.7643659172036325 -0.3600914957066456 0
1500 -0.7918529927633511 0.4601630481598156 0
1501 -0.7675552481751099 0.4516797051508953 0
1502 -0.7468519782051715 0.4623549339622906 0
1503 -0.7504464528234742 0.481513505782606 0
1504 -0.7711497227934125 0.4708382769712108 0
1505 -0.6813184367333281 -0.6694596033504547 0
1506 -0.6693932423381869 -0.6788963989433878 0
1507 -0.650147365724535 -0.6673307677754742 0
1508 -0.6428266835060246 -0.6463283410146274 0
1509 -0.6620725601196763 -0.657893972182541 0
1510 0.8631782735294783 -0.3727534401453437 0
1511 0.8512821320267868 -0.3576130710686513 0
1512 0.8397883419878449 -0.3761788262090433 0
1513 0.5354208300226787 0.690901513270008 0
1514 0.5634572716954518 0.6797956705586895 0
1515 0.5843658655891284 0.6874859527899746 0
1516 0.5772380178100319 0.7062820777325782 0
1517 0.5563294239163553 0.698591795501293 0
1518 0.488245043954946 0.5062599728672816 0
1519 0.5000106114583612 0.4740933915856535 0
1520 0.5364365678616774 0.4660947384560531 0
1521 0.5610969567615784 0.4902626666080808 0
1522 0.5246710003582622 0.4982613197376812 0
1523 -0.3699139529020889 0.5905178794576948 0
1524 -0.3567834454045136 0.5592603222299646 0
1525 -0.3220858241331715 0.5531651257941145 0
1526 -0.3005187103594048 0.5783274865859948 0
1527 -0.3352163316307469 0.5844226830218447 0
1528 -0.226025664421437 0.8647729957002691 0
1529 -0.2358150891593944 0.8874200935492031 0
1530 -0.2597427235732094 0.8933233488382676 0
1531 -0.2738809332490669 0.8765795062783981 0
1532 -0.2640915085111095 0.8539324084294641 0
1533 -0.2401638740972945 0.8480291531403995 0
1534 -0.2499532988352519 0.8706762509893335 0
1535 -0.7854964683978417 -0.4044748901758023 0
1536 -0.809656444337012 -0.3880218769575703 0
1537 -0.8355106883621419 -0.392544567218923 0
1538 -0.8372049564481014 -0.4135202706985075 0
1539 -0.8113507124229714 -0.4089975804371548 0
1540 -0.8378900767802667 0.1295370958341682 0
1541 -0.843094475869029 0.1627667093714136 0
1542 -0.8754882641897479 0.1234753577475811 0
1543 -0.8540869709406262 0.109891420022252 0
1544 -0.8592913700293884 0.1431210335594973 0
1545 0.6297642555702754 -0.6326628880765982 0
1546 0.6146032135917037 -0.6489836800822237 0
1547 0.618822067697908 -0.6713596119851772 0
1548 0.638201963782684 -0.6774147518825051 0
1549 0.6339831096764796 -0.6550388199795516 0
1550 0.7556508201813952 0.2788352184529828 0
1551 0.7632602208217406 0.2450374055711717 0
1552 0.7957966797657048 0.233271192551726 0
1553 0.8207237380693234 0.2553027924140914 0
1554 0.7881872791253592 0.267069005433537 0
1555 -0.7603804672726832 0.3496608952578949 0
1556 -0.7857169927068371 0.3468333076122141 0
1557 -0.8074467223837104 0.3188221321961673 0
1558 -0.8038399266264294 0.2936385444258012 0
1559 -0.7821101969495562 0.3216497198418481 0
1560 0.7014712475761732 -0.645188737152086 0
1561 0.709374093754697 -0.6312283411480656 0
1562 0.6852568796265724 -0.6309197247903747 0
1563 0.2710380574515438 0.8509312570478704 0
1564 0.2817957992662401 0.8734296115558861 0
1565 0.2368736766593859 0.8660252842901892 0
1566 0.2485769961481167 0.8472290934150219 0
1567 0.2593347379628129 0.8697274479230375 0
1568 0.3818295814518233 0.8457005550184218 0
1569 0.3810842184346219 0.8228219876444376 0
1570 0.396976851427161 0.8182679488736863 0
1571 0.4136148474369016 0.8365924774769192 0
1572 0.4143602104541032 0.8594710448509034 0
1573 0.398467577461564 0.8640250836216546 0
1574 0.3977222144443625 0.8411465162476705 0
1575 -0.7405255280506029 -0.4814490803514447 0
1576 -0.7509310102546372 -0.4511884918727394 0
1577 -0.7692794470192246 -0.4838064588966302 0
1578 -0.7496997464328967 -0.4977580638633901 0
1579 -0.7601052286369309 -0.4674974753846847 0
1580 0.7418644660336786 0.5101682911206651 0
1581 0.7526673074901609 0.4859859778707255 0
1582 0.7677396616637273 0.5027499332509684 0
1583 -0.3914720798571685 -0.6684033064292263 0
1584 -0.4018844510976001 -0.6399798197118857 0
1585 -0.4333728564821129 -0.6371631088081776 0
1586 -0.4544488906261943 -0.6627698846218101 0
1587 -0.4440365193857627 -0.6911933713391507 0
1588 -0.4125481140012498 -0.6940100822428589 0
1589 -0.4229604852416814 -0.6655865955255181 0
1590 0.162409914979699 -0.8112548382274265 0
1591 0.1317577405017961 -0.8036084200656818 0
1592 0.1074412461267856 -0.824384818703941 0
1593 0.113776926229678 -0.8528076355039449 0
1594 0.1380934206046885 -0.8320312368656857 0
1595 -0.5005005027803939 -0.8129310950994489 0
1596 -0.4843702898328183 -0.8163131673303352 0
1597 -0.4781568674370414 -0.7999352135486677 0
1598 -0.4880736579888401 -0.7801751875361139 0
1599 -0.5042038709364157 -0.7767931153052277 0
1600 -0.5104172933321927 -0.7931710690868952 0
1601 -0.494287080384617 -0.7965531413177812 0
1602 0.4497624113337687 -0.2827334874894329 0
1603 0.4277491988846805 -0.3077682644524302 0
1604 0.4410877271872671 -0.3393733835261463 0
1605 0.4764394679389419 -0.3459437256368652 0
1606 0.49845268038803 -0.3209089486738679 0
1607 0.4851141520854435 -0.2893038296001518 0
1608 0.4631009396363552 -0.314338606563149 0
1609 0.04065265996426931 0.7642005008502629 0
1610 0.07638805375649237 0.7737251828415102 0
1611 0.08731023882165044 0.8046738773039016 0
1612 0.06249703009458545 0.8260978897750459 0
1613 0.02676163630236239 0.8165732077837988 0
1614 0.01583945123720432 0.7856245133214073 0
1615 0.05157484502942737 0.7951491953126543 0
1616 0.2716281488389633 -0.8469497891044279 0
1617 0.253737824506742 -0.8613345342166244 0
1618 0.2542975199095369 -0.8845677214643003 0
1619 0.272747539644553 -0.8934161635997796 0
1620 0.2721878442417581 -0.8701829763521036 0
1621 0.8109604281579729 0.0918904117024192 0
1622 0.8236325127491375 0.06214516236028679 0
1623 0.8534563173167039 0.1165277542684131 0
1624 0.825872330441756 0.1190817076564823 0
1625 0.8385444150329205 0.08933645831434994 0
1626 -0.7464393631488807 -0.5631664622374297 0
1627 -0.7382797044977247 -0.5374380655337898 0
1628 -0.7486189252876222 -0.5254044191498796 0
1629 -0.7671178047286755 -0.5390991694696091 0
1630 -0.7752774633798315 -0.564827566173249 0
1631 -0.7649382425899341 -0.5768612125571594 0
1632 -0.7567785839387781 -0.5511328158535194 0
1633 0.9549186024726778 0.08234892276408425 0
1634 0.9489697982802673 0.09526892921455379 0
1635 0.9329147469994138 0.0915461081112937 0
1636 0.9228084999109708 0.07490328055756404 0
1637 0.9287573041033812 0.06198327410709448 0
1638 0.9448123553842347 0.06570609521035459 0
1639 0.9388635511918242 0.07862610166082414 0
1640 -0.8103395419949981 0.1225247933023184 0
1641 -0.7879934062984917 0.1487421043077141 0
1642 -0.7931978053872538 0.1819717178449594 0
1643 -0.8207483401725225 0.1889840203768093 0
1644 -0.8155439410837603 0.1557544068395638 0
1645 0.2675490940116477 -0.9197398444891292 0
1646 0.2793733266956084 -0.911002225112194 0
1647 0.2424732872255761 -0.8933053408412355 0
1648 0.2490990742766316 -0.91089140235365 0
1649 0.2609233069605922 -0.9021537829767146 0
1650 -0.4104152473949688 0.5396225037078139 0
1651 -0.3770340926509535 0.5338126343550241 0
1652 -0.4032951076461042 0.5963277488104847 0
1653 -0.4235457548925441 0.5708800609355442 0
1654 -0.3901646001485288 0.5650701915827543 0
1655 0.9174427223177873 -0.2871370578272084 0
1656 0.9210947082455994 -0.2715244663576771 0
1657 0.9047292633181231 -0.2651123777788646 0
1658 0.8847118324628348 -0.2743128806695834 0
1659 0.8810598465350228 -0.2899254721391147 0
1660 0.8974252914624991 -0.2963375607179272 0
1661 0.9010772773903111 -0.2807249692483959 0
1662 -0.7759942225937864 -0.1734490681597922 0
1663 -0.8046837378824598 -0.1653661061915903 0
1664 -0.8247383831864287 -0.1870715830847982 0
1665 -0.816103513201724 -0.216860021946208 0
1666 -0.7874139979130506 -0.2249429839144099 0
1667 -0.7673593526090817 -0.203237507021202 0
1668 -0.7960488678977552 -0.1951545450530001 0
1669 -0.264907447439459 0.6938732510142276 0
1670 -0.2962525408911307 0.6968143355218139 0
1671 -0.2800371949720759 0.6647258113046387 0
1672 -0.2041870982641634 0.8592457722984863 0
1673 -0.1921379568448473 0.8763656467456375 0
1674 -0.2139765230021209 0.8818928701474202 0
1675 -0.2678776357248591 -0.7810590181353744 0
1676 -0.2765107993723353 -0.7510226313661269 0
1677 -0.3069489043923298 -0.7397626876189765 0
1678 -0.3287538457648481 -0.7585391306410734 0
1679 -0.3201206821173718 -0.7885755174103207 0
1680 -0.2896825770973773 -0.7998354611574713 0
1681 -0.2983157407448535 -0.7697990743882239 0
1682 -0.4720196544891487 -0.3999457779666695 0
1683 -0.4447512032778903 -0.3708720311325198 0
1684 -0.4804137342273379 -0.3643889158681797 0
1685 -0.4825790113228561 -0.2400550392732025 0
1686 -0.5164092079149115 -0.2332725529616965 0
1687 -0.5416497179763028 -0.2584430239352436 0
1688 -0.5330600314456387 -0.2903959812202966 0
1689 -0.5078195213842475 -0.2652255102467495 0
1690 -0.2138746114532565 -0.7637655565156949 0
1691 -0.2365595417653196 -0.7874304807101583 0
1692 -0.2260424961332295 -0.8150948327584865 0
1693 -0.1928405201890762 -0.8190942606123514 0
1694 -0.170155589877013 -0.7954293364178879 0
1695 -0.1806726355091031 -0.7677649843695596 0
1696 -0.2033575658211663 -0.7914299085640231 0
1697 0.1474378296779082 -0.9187134126345046 0
1698 0.1337752180052393 -0.8999719324692267 0
1699 0.1320024771944756 -0.9473434829372578 0
1700 0.1465514592725264 -0.9423991878685201 0
1701 0.1328888475998574 -0.9236577077032422 0
1702 -0.8103749664397252 0.03285268104071422 0
1703 -0.8215303220656149 0.06458008166881853 0
1704 -0.8547782661476098 0.004773301443958746 0
1705 -0.8269989384807227 0.002949290928284324 0
1706 -0.8381542941066124 0.03467669155638863 0
1707 0.3277315906654089 0.8954493460384263 0
1708 0.3101425658731727 0.895688656051164 0
1709 0.3048425939066426 0.8774215197503042 0
1710 0.3171316467323488 0.8589150734367069 0
1711 0.3347206715245851 0.8586757634239692 0
1712 0.3400206434911151 0.8769428997248289 0
1713 0.3224316186988789 0.8771822097375664 0
1714 0.7366363992643018 0.1334961689471676 0
1715 0.7674623714155551 0.1275659149958596 0
1716 0.7891487695319008 0.1515036382594879 0
1717 0.7800091954969935 0.1813716154744243 0
1718 0.7491832233457403 0.1873018694257323 0
1719 0.7274968252293945 0.163364146162104 0
1720 0.7583227973806476 0.157433892210796 0
1721 0.6114784769097135 -0.6163967767078481 0
1722 0.57803165627058 -0.6164514573447235 0
1723 0.5628706142920082 -0.6327722493503491 0
1724 0.58115639295257 -0.6490383607190993 0
1725 0.5963174349311418 -0.6327175687134736 0
1726 -0.7105244917934057 -0.3017106402426983 0
1727 -0.7023958619162735 -0.331200880105309 0
1728 -0.6694919866375648 -0.3387273058581752 0
1729 -0.6447167412359882 -0.3167634917484305 0
1730 -0.6528453711131205 -0.2872732518858198 0
1731 -0.6857492463918291 -0.2797468261329537 0
1732 -0.677620616514697 -0.3092370659955644 0
1733 -0.6797475705824571 0.2755121323602209 0
1734 -0.6576667787154504 0.3002998895851879 0
1735 -0.6687386385118055 0.3342212588412951 0
1736 -0.7018912901751673 0.3433548708724354 0
1737 -0.6908194303788121 0.3094335016163282 0
1738 0.7863710347112349 -0.158472131795016 0
1739 0.7625275230087397 -0.1850863729165299 0
1740 0.7666258715548433 -0.2139027750226734 0
1741 0.7945677318034422 -0.2161049360073029 0
1742 0.8184112435059374 -0.189490694885789 0
1743 0.8143128949598337 -0.1606742927796455 0
1744 0.7904693832573384 -0.1872885339011595 0
1745 0.5821076454148791 -0.5599492114863772 0
1746 0.5633462405231627 -0.5882276747339881 0
1747 0.6302398818014299 -0.5881183134602371 0
1748 0.6155544660540128 -0.5598945308495017 0
1749 0.5967930611622964 -0.5881729940971125 0
1750 0.6050780125715509 -0.3353665844792331 0
1751 0.5892824348767406 -0.3054578933797913 0
1752 0.552921641018159 -0.3012041574360944 0
1753 0.5323564248543878 -0.3268591125918392 0
1754 0.5481520025491983 -0.356767803691281 0
1755 0.5845127964077798 -0.3610215396349779 0
1756 0.5687172187129693 -0.3311128485355361 0
1757 0.6440138125498078 -0.2834907988420484 0
1758 0.608750334865869 -0.279520000561199 0
1759 0.6403414902554898 -0.3393373827600825 0
1760 0.6598093902446183 -0.3133994899414901 0
1761 0.6245459125606794 -0.3094286916606407 0
1762 0.2786721855200502 0.8037413735086875 0
1763 0.2970640554032529 0.7790498444775201 0
1764 0.3201108500436554 0.7830417526719383 0
1765 0.3247657748008552 0.811725189897524 0
1766 0.3063739049176525 0.8364167189286913 0
1767 0.28332711027725 0.832424810734273 0
1768 0.3017189801604526 0.8077332817031058 0
1769 -0.3607257609638232 -0.7504859801576358 0
1770 -0.3708927347902801 -0.7236563866521014 0
1771 -0.3974731662911637 -0.7175885797804276 0
1772 -0.4138866239655905 -0.7383503664142882 0
1773 -0.3873061924647069 -0.7444181732859619 0
1774 -0.8110180047576808 0.448050578161422 0
1775 -0.8058852721637693 0.4274547651541081 0
1776 -0.7815875275755281 0.4189714221451879 0
1777 -0.7624225155811984 0.4310838921435815 0
1778 -0.7867202601694395 0.4395672351525017 0
1779 -0.8287463782243618 0.3555053954215296 0
1780 -0.8464392383077324 0.3670050708765258 0
1781 -0.8431636373983296 0.3228535208569816 0
1782 -0.8271085777696604 0.3334296204117574 0
1783 -0.844801437853031 0.3449292958667536 0
1784 0.813604136512647 0.006370596675670838 0
1785 0.7909036756849919 -0.0196587196668127 0
1786 0.7965630106725405 -0.047264169259185 0
1787 0.8249228064877444 -0.04884030250907377 0
1788 0.8476232673153996 -0.02281098616659024 0
1789 0.8419639323278508 0.004794463425782061 0
1790 0.8192634715001956 -0.02123485291670147 0
1791 -0.8137155141367012 -0.1342082139406208 0
1792 -0.7940577751022689 -0.1111332836578532 0
1793 -0.8006633193276855 -0.08183274511310761 0
1794 -0.8269266025875341 -0.07560713685112957 0
1795 -0.8465843416219664 -0.09868206713389716 0
1796 -0.8399787973965498 -0.1279826056786428 0
1797 -0.8203210583621177 -0.1049076753958752 0
1798 -0.7563364835593542 -0.1503741378770246 0
1799 -0.7653682598135955 -0.1192162456260551 0
1800 -0.7850259988480277 -0.1422911759088227 0
1801 -0.6625254303726835 0.5018694333595587 0
1802 -0.6321878440828801 0.4960765171015071 0
1803 -0.6107578599681871 0.518042108469722 0
1804 -0.6196654621432975 0.5458006160959886 0
1805 -0.6500030484331011 0.5515935323540402 0
1806 -0.6714330325477941 0.5296279409858253 0
1807 -0.6410954462579905 0.5238350247277735 0
1808 -0.03900328750223962 -0.8245482379310946 0
1809 -0.01632699147987194 -0.8012420718881396 0
1810 -0.02719665497262738 -0.7714009596366488 0
1811 -0.0607426144877505 -0.764866013428113 0
1812 -0.04987295099499506 -0.7947071256796037 0
1813 0.2940848520919462 0.8549231652422886 0
1814 -0.2225077751007327 -0.7337291697464475 0
1815 -0.2538258690602721 -0.7273577071716635 0
1816 -0.2451927054127959 -0.7573940939409107 0
1817 -0.5892695791163446 0.7324259637876327 0
1818 -0.5949763334337154 0.7134906842386378 0
1819 -0.5755077801364911 0.700756056356529 0
1820 -0.5503324725218962 0.7069567080234153 0
1821 -0.5698010258191203 0.7196913359055239 0
1822 0.9017005341570534 0.112045512475237 0
1823 0.9223607641224552 0.1101172240701302 0
1824 0.9396815469099432 0.126100760250934 0
1825 0.9363420997320295 0.1440125848368447 0
1826 0.9190213169445414 0.1280290486560408 0
1827 0.8333898188714524 -0.1449065696305117 0
1828 0.8565650913291746 -0.1579552485875212 0
1829 0.8868887088846347 -0.1495528867341999 0
1830 0.8940370539823727 -0.1281018459238689 0
1831 0.8708617815246504 -0.1150531669668593 0
1832 0.8405381639691902 -0.1234555288201807 0
1833 0.8637134364269123 -0.1365042077771903 0
1834 -0.1152102262923908 0.8180592122206902 0
1835 -0.1013058380112313 0.793339496091094 0
1836 -0.07273548645327026 0.7918675715348675 0
1837 -0.0580695231764688 0.8151153631082373 0
1838 -0.07197391145762835 0.8398350792378335 0
1839 -0.1005442630155894 0.84130700379406 0
1840 -0.08663987473442983 0.8165872876644638 0
1841 -0.01890634665963774 -0.8880511740398345 0
1842 -0.04029296509212252 -0.8679527890069421 0
1843 -0.04308230364252612 -0.89211889858414 0
1844 0.6096890682349876 0.7061912196050731 0
1845 0.6005913908016063 0.6874405237262221 0
1846 0.6139660139066946 0.6769957984159758 0
1847 0.6364383144451641 0.6853017689845805 0
1848 0.6455359918785454 0.7040524648634315 0
1849 0.6321613687734572 0.7144971901736779 0
1850 0.6230636913400759 0.6957464942948267 0
1851 0.6653876540121828 -0.2575955731038991 0
1852 0.6514980177906189 -0.2277295490849005 0
1853 0.61623454010668 -0.2237587508040511 0
1854 0.5948606986443051 -0.2496539765422003 0
1855 0.6301241763282439 -0.2536247748230497 0
1856 -0.616382947975359 -0.4724453799570765 0
1857 -0.6457825360345425 -0.4621307880516498 0
1858 -0.6666489169689791 -0.4799938326388031 0
1859 -0.6581157098442322 -0.508171469131383 0
1860 -0.6287161217850485 -0.5184860610368096 0
1861 -0.6078497408506119 -0.5006230164496563 0
1862 -0.6372493289097954 -0.4903084245442297 0
1863 -0.00449007340899949 -0.7468686797520603 0
1864 -0.01532945136049473 -0.715801453658936 0
1865 -0.04887541087561785 -0.7092665074504003 0
1866 -0.07158199243924573 -0.7337987873349888 0
1867 -0.03803603292412262 -0.7403337335435245 0
1868 -0.9233806138412329 0.05986881254406007 0
1869 -0.9361788910605627 0.04436113127237504 0
1870 -0.9140390329054309 0.03694241859202276 0
1871 0.7272120754733212 -0.1810395810748217 0
1872 0.7157401396403978 -0.1503785481115996 0
1873 0.6820482630613347 -0.1457661851208855 0
1874 0.6598283223151948 -0.1718148550933937 0
1875 0.6713002581481181 -0.2024758880566158 0
1876 0.7049921347271814 -0.2070882510473298 0
1877 0.693520198894258 -0.1764272180841077 0
1878 0.1462611281492665 -0.7487154293508641 0
1879 0.1236833470865799 -0.7723387156274005 0
1880 0.1849876960423856 -0.78763155195089 0
1881 0.1769133026271694 -0.7563618475126088 0
1882 0.1543355215644827 -0.7799851337891452 0
1883 -0.9424855640560477 -0.02978683428723519 0
1884 -0.9257564201960919 -0.03602626913188049 0
1885 -0.9002040488289231 -0.02597803199780615 0
1886 -0.89138082132171 -0.009690360019086491 0
1887 -0.9169331926888787 -0.01973859715316084 0
1888 0.7795524359990069 0.4512200080856905 0
1889 0.7956347230513706 0.440636351550595 0
1890 0.8181518997173411 0.4437531045265574 0
1891 0.8245867893309479 0.4574535140376152 0
1892 0.8020696126649773 0.4543367610616529 0
1893 0.4319155124173143 -0.8056115448695021 0
1894 0.4311399775564549 -0.830299423002153 0
1895 0.4445555073383644 -0.8482754274035613 0
1896 0.4587465719811331 -0.8415635536723188 0
1897 0.4453310421992237 -0.8235875492709106 0
1898 0.581628300429057 -0.4186648048194408 0
1899 0.6012509453477092 -0.3919700401990578 0
1900 0.5648901514891276 -0.3877163042553609 0
1901 0.4161138372792465 -0.3680015633585493 0
1902 0.4264916881229007 -0.4032000853016713 0
1903 0.4514655780309213 -0.3745719054692682 0
1904 0.5395831127155724 -0.2695990383623783 0
1905 0.5056793682492146 -0.263648874444407 0
1906 0.5190178965518013 -0.295253993518123 0
1907 0.8349584584473656 -0.4557875894048622 0
1908 0.8460052371671041 -0.4435956596054598 0
1909 0.8286227720072463 -0.432517738807819 0
1910 -0.7443743012178115 0.2002144019204911 0
1911 -0.7231013318336376 0.2254693885278726 0
1912 -0.7887045107800942 0.2372897762079933 0
1913 -0.7771758906910397 0.2061245957605515 0
1914 -0.7559029213068658 0.2313795823679329 0
1915 -0.5991768785572733 0.5694173200828392 0
1916 -0.5697806927961386 0.5652755164434232 0
1917 -0.5485171540699646 0.5868993505218756 0
1918 -0.5566498011049252 0.6126649882397439 0
1919 -0.58604598686606 0.6168067918791599 0
1920 -0.6073095255922341 0.5951829578007075 0
1921 -0.5779133398310993 0.5910411541612914 0
1922 -0.7039002468820412 -0.4415200985621602 0
1923 -0.7326183696703562 -0.4312240009780972 0
1924 -0.7118074052622879 -0.4917451779355076 0
1925 -0.693494764678007 -0.4717806870408655 0
1926 -0.7222128874663221 -0.4614845894568024 0
1927 0.8213602587540826 0.1448805922534719 0
1928 0.8444321739413569 0.1681255234623922 0
1929 0.8352925999064496 0.1979935006773285 0
1930 0.8030811106842679 0.2046165466833445 0
1931 0.8122206847191751 0.1747485694684082 0
1932 0.6935235702893424 -0.4062291006307354 0
1933 0.674851122760976 -0.43134621447539 0
1934 0.6882040766752145 -0.462165660722389 0
1935 0.7202294781178195 -0.4678679931247333 0
1936 0.738901925646186 -0.4427508792800787 0
1937 0.7255489717319474 -0.4119314330330798 0
1938 0.7068765242035809 -0.4370485468777343 0
1939 0.8965767773053229 -0.1829576109863033 0
1940 0.9134131908237492 -0.1949112944280759 0
1941 0.9331164086121748 -0.1905277935147152 0
1942 0.9359832128821745 -0.1741906091595821 0
1943 0.9191467993637482 -0.1622369257178096 0
1944 0.8994435815753226 -0.1666204266311702 0
1945 0.9162799950937487 -0.1785741100729427 0
1946 -0.7563091010534934 -0.5118382894739381 0
1947 -0.7824981562604181 -0.5119669101177263 0
1948 -0.8009970357014714 -0.5256616604374559 0
1949 -0.7933068599356002 -0.5392277901133974 0
1950 -0.7748079804945467 -0.5255330397936677 0
1951 -0.1479904600399969 0.7704615632837074 0
1952 -0.1176959548850343 0.7695406716226025 0
1953 -0.1455047314473534 0.818980103881795 0
1954 -0.1618948483211564 0.7951812794133036 0
1955 -0.1316003431661938 0.7942603877521988 0
1956 0.5241797581827584 -0.732304476423645 0
1957 0.5056806910820666 -0.7292063473557625 0
1958 0.5127154700162284 -0.7515106695565659 0
1959 0.8694103833538722 -0.03379425627755725 0
1960 0.8855381644047962 -0.01717207679615195 0
1961 0.8798788294172475 0.01043337279622036 0
1962 0.8580917133787748 0.02141664290718736 0
1963 0.8637510483663235 -0.006188806685184947 0
1964 -0.4891762614795646 -0.1200483812875972 0
1965 -0.4997502113312346 -0.08857682764771017 0
1966 -0.5332445325178228 -0.08178661789280994 0
1967 -0.556164903852741 -0.1064679617777967 0
1968 -0.545590954001071 -0.1379395154176837 0
1969 -0.5120966328144828 -0.144729725172584 0
1970 -0.5226705826661528 -0.1132581715326969 0
1971 0.7564518392618009 -0.4176174265754312 0
1972 0.7511217119994693 -0.2414645869989362 0
1973 0.763559412692694 -0.2712285599598285 0
1974 0.7915012729412929 -0.273430720944458 0
1975 0.8070054324966669 -0.2458689089681952 0
1976 0.7790635722480681 -0.2436667479835657 0
1977 -0.7462752942587058 0.1111208538176611 0
1978 -0.7559612824303455 0.1430401345653854 0
1979 -0.8006535538233585 0.09060551255459416 0
1980 -0.7686214299552122 0.08490354281226549 0
1981 -0.7783074181268519 0.1168228235599898 0
1982 -0.4316828049604913 0.5142758662131821 0
1983 -0.4195692077819985 0.4831193593657603 0
1984 -0.3861880530379833 0.4773094900129705 0
1985 -0.3649204954724607 0.5026561275076025 0
1986 -0.398301650216476 0.5084659968603922 0
1987 0.5651320599117673 0.3721350118316989 0
1988 0.5877492056184507 0.3961715023401958 0
1989 0.5775029605373481 0.4274475986671369 0
1990 0.5446395697495623 0.4346872044855811 0
1991 0.5220224240428789 0.4106507139770842 0
1992 0.5322686691239815 0.3793746176501431 0
1993 0.5548858148306647 0.40341110815864 0
1994 -0.7482582955193651 -0.2636964205225976 0
1995 -0.7778634693681922 -0.2551724406651077 0
1996 -0.7976763868865747 -0.2753951414942361 0
1997 -0.7878841305561302 -0.3041418221808543 0
1998 -0.7582789567073029 -0.3126658020383443 0
1999 -0.7384660391889204 -0.2924431012092159 0
2000 -0.7680712130377474 -0.283919121351726 0
2001 0.3438845446558331 -0.8684350402808397 0
2002 0.3471538095225157 -0.8509594939000291 0
2003 0.3301215406498604 -0.833177646343556 0
2004 0.3098200069105225 -0.8328713451678936 0
2005 0.3268522757831778 -0.8506531927243668 0
2006 0.7777092491733878 0.09601105953736142 0
2007 0.7571301547799673 0.07038645803017123 0
2008 0.7698022393711319 0.04064120868803882 0
2009 0.8030534183557171 0.0365205608530966 0
2010 0.7903813337645522 0.06626581019522901 0
2011 -0.3496841326130423 -0.6214408128310031 0
2012 -0.3809904774755369 -0.6164985729127741 0
2013 -0.3601657349946738 -0.6733455463474554 0
2014 -0.3392717613726107 -0.6498642995483437 0
2015 -0.3705781062351054 -0.6449220596301146 0
2016 -0.7826732276498364 -0.05833047544585379 0
2017 -0.790946419231836 -0.02860259751662195 0
2018 -0.8172097024916847 -0.02237698925464391 0
2019 -0.8351997941695337 -0.04587925892189772 0
2020 -0.808936510909685 -0.05210486718387576 0
2021 0.2498913305200826 0.7602952797843447 0
2022 0.2826736279032691 0.7573267976153487 0
2023 0.2458898881368637 0.8067098556776834 0
2024 0.2314994606368799 0.7849868088155121 0
2025 0.2642817580200664 0.7820183266465162 0
2026 -0.4555934118035009 -0.7995008773901973 0
2027 -0.4429467467217591 -0.779306515219173 0
2028 -0.4528635372735578 -0.7595464892066193 0
2029 -0.4754269929070983 -0.7599808253650897 0
2030 -0.4655102023552995 -0.7797408513776434 0
2031 -0.2589679866212186 0.8029734372408434 0
2032 -0.2376021131523491 0.8225496675460892 0
2033 -0.2854573819799791 0.8343561781242181 0
2034 -0.2828956210350336 0.8088766925299078 0
2035 -0.261529747566164 0.8284529228351536 0
2036 0.8389265836732089 -0.07756358739714239 0
2037 0.8245705650434695 -0.1047107390353222 0
2038 0.8852178001543898 -0.08790601532867945 0
2039 0.869250201228669 -0.06916122554382099 0
2040 0.8548941825989296 -0.09630837718200085 0
2041 0.5161024025227298 0.6736563226419297 0
2042 0.524820416695554 0.6453052893025328 0
2043 0.5528568583683272 0.6341994465912144 0
2044 0.572175285868276 0.6514446372192927 0
2045 0.544138844195503 0.662550479930611 0
2046 0.6854723647162315 0.2028284799428168 0
2047 0.69564139591464 0.1711274514206462 0
2048 0.7390141921473318 0.2190028979479028 0
2049 0.7071587628325773 0.2267662032064451 0
2050 0.7173277940309858 0.1950651746842745 0
2051 0.6706922064693613 -0.1147939350466509 0
2052 0.6371162091312481 -0.1098703549449244 0
2053 0.6148962683851082 -0.1359190249174325 0
2054 0.6262523249770816 -0.1668912749916671 0
2055 0.6484722657232214 -0.140842605019159 0
2056 0.32661792727548 0.7205539019757032 0
2057 0.3377799292645043 0.6867494885050536 0
2058 0.3701349893797772 0.6793474888403276 0
2059 0.3913280475060257 0.7057499026462513 0
2060 0.3801660455170014 0.7395543161169008 0
2061 0.3478109854017285 0.7469563157816268 0
2062 0.3589729873907528 0.7131519023109772 0
2063 -0.6433813379447898 0.4437627503482275 0
2064 -0.6226157978689332 0.4670231755958415 0
2065 -0.6832909704485401 0.4786090081119448 0
2066 -0.6737189242345933 0.4495556666062792 0
2067 -0.6529533841587365 0.4728160918538931 0
2068 -0.5368956806943755 0.6372366383656379 0
2069 -0.5090089132488652 0.6360426507736635 0
2070 -0.4958004855046703 0.6609515620178933 0
2071 -0.5104788252059858 0.6870544608540973 0
2072 -0.5383655926514962 0.6882484484460717 0
2073 -0.551574020395691 0.6633395372018419 0
2074 -0.5236872529501807 0.6621455496098675 0
2075 -0.618008965473796 0.6386450829597387 0
2076 -0.5913957068068409 0.6385378544586755 0
2077 -0.576749328010286 0.6571388855349558 0
2078 -0.588716207880686 0.6758471451122994 0
2079 -0.603362586677241 0.6572461140360188 0
2080 -0.4484295840021246 0.6304909210162678 0
2081 -0.4157370222008945 0.6261331788508465 0
2082 -0.3981384988546787 0.6533245086417983 0
2083 -0.4132325373096929 0.6848735805981713 0
2084 -0.4459250991109231 0.6892313227635927 0
2085 -0.463523622457139 0.6620399929726409 0
2086 -0.4308310606559088 0.6576822508072195 0
2087 -0.3380916531598657 -0.8260732965385994 0
2088 -0.344325220148616 -0.8016944351008849 0
2089 -0.3632359714390955 -0.8148844749952806 0
2090 0.4769130084950484 0.3616450760807379 0
2091 0.5097139613500662 0.3548717987019699 0
2092 0.4892214711878611 0.4174239913558522 0
2093 0.4666667634139458 0.392921172407679 0
2094 0.4994677162689637 0.386147895028911 0
2095 0.02885229196298673 -0.8314042657454561 0
2096 0.01760079825274124 -0.8046700857953203 0
2097 -0.02775179379199413 -0.8512824178812304 0
2098 0.006175995940619051 -0.8547104317884112 0
2099 -0.005075497769626444 -0.8279762518382754 0
2100 -0.6157402926573822 -0.2109558952614509 0
2101 -0.5829898485821745 -0.2187229809558208 0
2102 -0.5598546947338644 -0.1947098129877216 0
2103 -0.5694699849607617 -0.1629295593252525 0
2104 -0.6022204290359694 -0.1551624736308827 0
2105 -0.6253555828842795 -0.1791756415989819 0
2106 -0.5926051388090718 -0.1869427272933518 0
2107 -0.6413590691616292 -0.6844548675619716 0
2108 -0.6252500903802127 -0.6805765405876221 0
2109 -0.6179294081617023 -0.6595741138267753 0
2110 -0.6267177047246081 -0.6424500140402779 0
2111 -0.6340383869431186 -0.6634524408011246 0
2112 -0.563540900266091 0.6820477967791855 0
2113 -0.2463175617917119 0.7793922896053357 0
2114 -0.2123012634933357 0.7753873722750739 0
2115 -0.1909353900244661 0.7949636025803198 0
2116 -0.2035858148539728 0.8185447502158274 0
2117 -0.2249516883228423 0.7989685199105816 0
2118 -0.7369566102760184 -0.5868250355746677 0
2119 -0.7193141987520003 -0.5847552122082657 0
2120 -0.7111545401008443 -0.5590268155046257 0
2121 -0.7206372929737065 -0.5353682421673879 0
2122 -0.7287969516248625 -0.5610966388710277 0
2123 -0.3947502619574056 0.7108669083794964 0
2124 -0.3611739481501041 0.7053111642044483 0
2125 -0.3427375712018445 0.7256002678110312 0
2126 -0.3578775080608866 0.7514451155926621 0
2127 -0.3914538218681882 0.7570008597677101 0
2128 -0.4098901988164478 0.7367117561611273 0
2129 -0.3763138850091461 0.7311560119860792 0
2130 -0.5432020222453405 -0.05059622535575196 0
2131 -0.5760798833077766 -0.04408717670368074 0
2132 -0.5990002546426948 -0.0687685205886675 0
2133 -0.5890427649151769 -0.0999589131257255 0
2134 -0.5661223935802587 -0.07527756924073872 0
2135 -0.307952094948834 0.8531533978182594 0
2136 -0.3278850469727434 0.8464711319179903 0
2137 -0.325323286027798 0.8209916463236799 0
2138 -0.3028285730589431 0.8021944266296387 0
2139 -0.3053903340038885 0.827673912223949 0
2140 -0.1146087111393663 -0.6966354968492859 0
2141 -0.10444864257112 -0.7274832820344316 0
2142 -0.05903547944386417 -0.6784187222652546 0
2143 -0.09190212957573837 -0.6721032169646974 0
2144 -0.08174206100749205 -0.7029510021498431 0
2145 -0.722208779434656 -0.3514235809344374 0
2146 -0.7501503268301708 -0.342156041900955 0
2147 -0.7725067469700141 -0.3622349697096598 0
2148 -0.7669216197143427 -0.391581436551847 0
2149 -0.738980072318828 -0.4008489755853294 0
2150 -0.7166236521789846 -0.3807700477766245 0
2151 -0.7445651995744993 -0.3715025087431422 0
2152 0.4224680737914474 0.6995262750166317 0
2153 0.4324150419506205 0.6669002335810886 0
2154 0.464036136189831 0.6568519134241392 0
2155 0.4857102622698682 0.6794296347027328 0
2156 0.4757632941106951 0.7120556761382759 0
2157 0.4441421998714847 0.7221039962952254 0
2158 0.4540891680306578 0.6894779548596823 0
2159 -0.0344962039354089 0.8623784366461587 0
2160 -0.02558884797115047 0.8863937186107103 0
2161 -0.08278995102193036 0.8832053022221948 0
2162 -0.06309675546079885 0.8607842284519009 0
2163 -0.05418939949654041 0.8847995104164527 0
2164 -0.6718781983785724 -0.2261993398380833 0
2165 -0.6952656600245551 -0.2492098701090854 0
2166 -0.6294579094671378 -0.2642627216148177 0
2167 -0.6389743230998637 -0.2337257655909494 0
2168 -0.6623617847458464 -0.2567362958619515 0
2169 0.5855616181917741 0.2215261085129406 0
2170 0.5963356073174044 0.1898426825013687 0
2171 0.6298408421346308 0.1836160071481936 0
2172 0.6525720878262268 0.2090727578065905 0
2173 0.6417980987005966 0.2407561838181624 0
2174 0.6082928638833702 0.2469828591713375 0
2175 0.6190668530090004 0.2152994331597655 0
2176 -0.5204438629920501 -0.02515958719622546 0
2177 -0.5305635648011958 0.00678609961537225 0
2178 -0.5634414258636318 0.01329514826744348 0
2179 -0.5861995851169222 -0.01214148989208302 0
2180 -0.5533217240544862 -0.01865053854415424 0
2181 0.6705809785398166 -0.4860801072287357 0
2182 0.6849832818470237 -0.5156968861374269 0
2183 0.7026063799824215 -0.4917824396310801 0
2184 -0.3076535481398712 -0.83733324028575 0
2185 -0.283449010108627 -0.8242143225951858 0
2186 -0.3138871151286214 -0.8129543788480353 0
2187 -0.7096611789706143 0.4861736871257319 0
2188 -0.7264593412787415 0.4646850246338535 0
2189 -0.7168872950647946 0.435631683128188 0
2190 -0.6905170865427205 0.4280670041144007 0
2191 -0.7000891327566674 0.4571203456200663 0
2192 0.6400098733330393 0.151914978626023 0
2193 0.672910150223044 0.1456707007622493 0
2194 0.6627411190246353 0.1773717292844199 0
2195 -0.3421229166433152 0.7793257112280612 0
2196 -0.3112283883667017 0.7813614590818293 0
2197 -0.3337231013355566 0.8001586787758705 0
2198 0.5668760421932959 -0.5300697750810242 0
2199 0.5328830340799962 -0.5284688019232822 0
2200 0.5141216291882797 -0.556747265170893 0
2201 0.5293532324098631 -0.5866267015762461 0
2202 0.5481146373015795 -0.5583482383286351 0
2203 -0.1796041776583858 -0.8405664987305934 0
2204 -0.1995698110718488 -0.8580393089949706 0
2205 -0.1749098711069447 -0.8657687006209709 0
2206 -0.856970157338132 0.4132298377610529 0
2207 -0.8605511278646175 0.3958672920462875 0
2208 -0.8430055787840213 0.3879561482699461 0
2209 -0.8218790591769395 0.3974075502083702 0
2210 -0.8182980886504541 0.4147700959231356 0
2211 -0.8358436377310503 0.422681239699477 0
2212 -0.8394246082575357 0.4053186939847115 0
2213 0.0695201455300941 -0.7899533032176862 0
2214 0.03793472503629493 -0.7839446045314353 0
2215 0.06043771245678591 -0.837412964431707 0
2216 0.08077163924033959 -0.816687483167822 0
2217 0.0491862187465404 -0.810678784481571 0
2218 0.08739217878013292 0.7274961642351766 0
2219 0.09975781316442417 0.7553730145339669 0
2220 0.0640224193722011 0.7458483325427196 0
2221 -0.6289536154850424 0.02667562086523256 0
2222 -0.6189556799276275 -0.005451253593188481 0
2223 -0.5734393614210467 0.04542202272586451 0
2224 -0.606195456231752 0.05211225902475905 0
2225 -0.5961975206743371 0.01998538456633802 0
2226 -0.5263603735472762 -0.2015000227426218 0
2227 -0.5024813425875854 -0.176509978835053 0
2228 -0.5359756637741736 -0.1697197690801528 0
2229 -0.3518216430152517 0.383262308105552 0
2230 -0.329734175384631 0.4082188648196189 0
2231 -0.3409163420371755 0.43943789852857 0
2232 -0.3741859763203406 0.4457003755234543 0
2233 -0.3962734439509613 0.4207438188093875 0
2234 -0.3850912772984168 0.3895247851004363 0
2235 -0.3630038096677961 0.4144813418145031 0
2236 -0.8076198586172801 0.3649567973599537 0
2237 -0.8041861990935689 0.385907874753374 0
2238 -0.8253127187006506 0.3764564728149499 0
2239 0.3974847679768231 0.8009398847732784 0
2240 0.4146306805362259 0.8019363492761035 0
2241 0.4312686765459665 0.8202608778793363 0
2242 0.4307607599963044 0.8375889419797442 0
2243 0.4141227639865638 0.8192644133765112 0
2244 0.9112938398464123 -0.2463146673157478 0
2245 0.8978409855194134 -0.2367174597433498 0
2246 0.8778235546641251 -0.2459179626340687 0
2247 0.8712589781358357 -0.2647156730971855 0
2248 0.891276408991124 -0.2555151702064666 0
2249 -0.2640626055758201 0.9104033925953584 0
2250 -0.2825206972542882 0.9107395937925797 0
2251 -0.2966589069301458 0.8939957512327101 0
2252 -0.2923390249275351 0.8769157074756193 0
2253 -0.2782008152516776 0.8936595500354889 0
2254 -0.8727683578254589 -0.01872896822329507 0
2255 -0.8629791218364209 -0.04405524840622331 0
2256 -0.8449890301585717 -0.02055297873896949 0
2257 0.8415865159636596 -0.2025393738427986 0
2258 0.8606634398752782 -0.1867716506936647 0
2259 0.8374881674175559 -0.1737229717366551 0
2260 -0.778342842571579 0.02715071129838554 0
2261 -0.7574660743293226 0.05317614218416118 0
2262 -0.7894981981974687 0.05887811192648985 0
2263 -0.1581551562768601 0.8425612515173027 0
2264 -0.1871956979801698 0.8423435746843189 0
2265 -0.1745452731506631 0.8187624270488113 0
2266 0.6377421335906048 -0.4815324682929518 0
2267 0.6193055919486002 -0.5066016082658591 0
2268 0.6337078952558073 -0.5362183871745502 0
2269 0.666546740205019 -0.5407660261103341 0
2270 0.6521444368978119 -0.511149247201643 0
2271 -0.6231728129421203 -0.5493515312184639 0
2272 -0.5967631231647557 -0.5623539568129649 0
2273 -0.5758967422303191 -0.5444909122258116 0
2274 -0.5814400510732471 -0.5136254420441574 0
2275 -0.6023064320076837 -0.5314884866313105 0
2276 -0.8846642112290943 -0.1065239493162481 0
2277 -0.8689270485382387 -0.08795273895269984 0
2278 -0.871802349343634 -0.06034292038494296 0
2279 -0.8904148128398851 -0.05130431218073438 0
2280 -0.8875395120344896 -0.07891413074849124 0
2281 -0.6654772039570735 -0.369621882415939 0
2282 -0.6366871758750058 -0.3785526448639582 0
2283 -0.6119119304734293 -0.3565888307542136 0
2284 -0.6159267131539204 -0.3256942541964498 0
2285 -0.6407019585554969 -0.3476580683061943 0
2286 -0.6924306124202653 0.1289375538689877 0
2287 -0.7145099592536657 0.1040695634694623 0
2288 -0.7040433877388631 0.07240188048784241 0
2289 -0.6714974693906602 0.065602187905748 0
2290 -0.6494181225572598 0.09047017830527343 0
2291 -0.6598846940720623 0.1221378612868933 0
2292 -0.6819640409054627 0.09726987088736783 0
2293 0.7160573048708814 0.1078715674399774 0
2294 0.7263041826287141 0.07631671198147924 0
2295 0.7468832770221345 0.1019413134886694 0
2296 0.2289020115395789 0.7328753051732204 0
2297 0.2406949899422617 0.7024868483931003 0
2298 0.2734772873254482 0.6995183662241042 0
2299 0.294466606305952 0.7269383408352286 0
2300 0.2616843089227654 0.7299068230042245 0
2301 0.6021633494372491 0.4516155268191647 0
2302 0.5939603475493642 0.4830230607896366 0
2303 0.5692999586494631 0.4588551326376088 0
2304 -0.927074296680903 0.07463457152737515 0
2305 -0.9435662567399029 0.07389264923900522 0
2306 -0.9563645339592328 0.05838496796732019 0
2307 -0.9526708511195627 0.0436192089840051 0
2308 -0.9398725739002328 0.05912689025569013 0
2309 0.4840666980128392 -0.02353323968632114 0
2310 0.4947078991792191 -0.05514931003145776 0
2311 0.5275905677214058 -0.06160212234251375 0
2312 0.5498320350972127 -0.03643886430843311 0
2313 0.5391908339308328 -0.004822793963296488 0
2314 0.506308165388646 0.001630018347759499 0
2315 0.5169493665550258 -0.02998605199737712 0
2316 -0.4606034388122386 0.7153342215997968 0
2317 -0.4928803018597699 0.714245790645049 0
2318 -0.4782019621584543 0.688142891808845 0
2319 -0.7032741981375409 -0.5199228144280875 0
2320 -0.676428350428513 -0.5281359600260253 0
2321 -0.68496155755326 -0.4999583235334453 0
2322 -0.2460081295466925 -0.8325676430228638 0
2323 -0.2327717870160022 -0.8540398811411058 0
2324 -0.2128061536025391 -0.8365670708767285 0
2325 -0.8162550455653628 0.2443020787398431 0
2326 -0.8322769602615769 0.2201492008242511 0
2327 -0.8047264254763082 0.2131368982924013 0
2328 0.1120935523641353 0.8120170756449198 0
2329 0.1120636571795551 0.8407842864570824 0
2330 0.08725044845249012 0.8622082989282267 0
2331 0.06246713491000529 0.8548651005872084 0
2332 0.08728034363707027 0.8334410881160641 0
2333 -0.4092055761966583 0.100344210530233 0
2334 -0.4417983448083342 0.1072010032389352 0
2335 -0.4639398666146942 0.08222561422031102 0
2336 -0.4534886198093783 0.0503934324929846 0
2337 -0.4208958511977023 0.04353663978428238 0
2338 -0.3987543293913423 0.06851202880290658 0
2339 -0.4313470980030182 0.07536882151160881 0
2340 -0.4479237315930967 -0.8187587241562669 0
2341 -0.4276073863009508 -0.8178222087513125 0
2342 -0.4352770665113549 -0.7985643619852427 0
2343 -0.4390505655577556 0.3714782748809757 0
2344 -0.406479838101814 0.3648920131362304 0
2345 -0.428844171406903 0.4273300805541327 0
2346 -0.4502327322103001 0.4026973085899269 0
2347 -0.4176620047543584 0.3961110468451815 0
2348 -0.319648784471653 0.4647845360232019 0
2349 -0.3316508611892956 0.4963936505127181 0
2350 -0.3529184187548181 0.4710470130180862 0
2351 -0.3796562235023913 0.6793178364231232 0
2352 0.2152828258057221 -0.794083555378062 0
2353 0.2375035621538422 -0.7692658543669526 0
2354 0.229429168738626 -0.7379961499286715 0
2355 0.1991340389752896 -0.7315441465014995 0
2356 0.2072084323905058 -0.7628138509397807 0
2357 0.6184115763611094 0.3033622019195258 0
2358 0.5965996027136267 0.2782858682220192 0
2359 0.6636100723480793 0.2658325175156691 0
2360 0.6519168111783358 0.2971355265663508 0
2361 0.630104837530853 0.2720591928688442 0
2362 0.4861912417724256 0.1528191752150628 0
2363 0.4640729332131867 0.1278322457561686 0
2364 0.474777751103602 0.09626784425607562 0
2365 0.5076008775532563 0.08969037221487688 0
2366 0.5297191861124954 0.1146773016737711 0
2367 0.5190143682220799 0.146241703173864 0
2368 0.496896059662841 0.1212547737149698 0
2369 0.1366804258352664 -0.7184981902510598 0
2370 0.1045219424585796 -0.7119042374277919 0
2371 0.08194416139589297 -0.7355275237043284 0
2372 0.09152486370989311 -0.7657447628041327 0
2373 0.1141026447725798 -0.7421214765275962 0
2374 -0.6049096504014472 0.1405285023593898 0
2375 -0.637630457994156 0.1471670233139515 0
2376 -0.6166973149645509 0.0838316573507118 0
2377 -0.5944430788866446 0.10886081937777 0
2378 -0.6271638864793534 0.1154993403323316 0
2379 -0.1202374585767209 0.8637280775643539 0
2380 -0.1113603025798914 0.8846772267784213 0
2381 -0.1630974151415376 0.8765833235786213 0
2382 -0.146106014857544 0.8596811259644539 0
2383 -0.1372288588607145 0.8806302751785214 0
2384 -0.4964884978167872 0.08894912610741496 0
2385 -0.5185858822135643 0.06384045626719247 0
2386 -0.5081346354082483 0.03200827453986604 0
2387 -0.4755860042061554 0.0252847626527621 0
2388 -0.4860372510114713 0.05711694438008854 0
2389 -0.4183592521065242 0.2201365772270235 0
2390 -0.4291694924347091 0.2516695236651866 0
2391 -0.4620152349684698 0.2583509839670732 0
2392 -0.4840507371740456 0.2334994978307967 0
2393 -0.4732404968458606 0.2019665513926336 0
2394 -0.4403947543121 0.195285091090747 0
2395 -0.4512049946402848 0.2268180375289101 0
2396 -0.5967074653919301 -0.2720298073091875 0
2397 -0.5734734349494486 -0.2492599369796891 0
2398 -0.606223879024656 -0.2414928512853192 0
2399 0.3176589578005431 -0.6384503988303094 0
2400 0.3119336984432677 -0.6030446708821409 0
2401 0.2820431423168276 -0.5944364451258111 0
2402 0.2578778455476629 -0.6212339473176497 0
2403 0.2636031049049383 -0.6566396752658181 0
2404 0.2934936610313784 -0.665247901022148 0
2405 0.2877684016741029 -0.6298421730739796 0
2406 0.6176259937763089 0.1266541594559372 0
2407 0.6281423911095833 0.09514906242207775 0
2408 0.6610426679995879 0.08890478455830404 0
2409 0.6834265475563183 0.1141656037283898 0
2410 0.6505262706663135 0.1204098815921635 0
2411 0.454881273041462 0.5130840228683693 0
2412 0.4332830696313932 0.4877414915878289 0
2413 0.4450486371348085 0.4555749103062007 0
2414 0.4784124080482924 0.4487508603051131 0
2415 0.4666468405448773 0.4809174415867412 0
2416 0.5180911682840935 0.05810287700205726 0
2417 0.4957583325652764 0.03309285383043638 0
2418 0.5615236696496498 0.0201872292083244 0
2419 0.5509738368262803 0.05165006469100127 0
2420 0.528641001107463 0.02664004151938039 0
2421 -0.5568197195990393 -0.6959346908715045 0
2422 -0.5561084144376776 -0.6726231511597409 0
2423 -0.5733117767171426 -0.6584404788364091 0
2424 -0.5912264441579695 -0.6675693462248409 0
2425 -0.5740230818785044 -0.6817520185481727 0
2426 0.7822069920428012 -0.07441132089736485 0
2427 0.7962107692282656 -0.1031346057854335 0
2428 0.8105667878580051 -0.07598745414725362 0
2429 0.6247876686585413 -0.452762075359971 0
2430 0.5933966620844731 -0.4490608223998974 0
2431 0.5749601204424684 -0.4741299623728046 0
2432 0.587914585374532 -0.5029003553057855 0
2433 0.6063511270165366 -0.4778312153328783 0
2434 0.4524449153847849 0.07125782108445475 0
2435 0.4629352061156221 0.03967032587163512 0
2436 0.4852680418344392 0.06468034904325601 0
2437 0.5741762477392446 0.1647082058845168 0
2438 0.5412428990354546 0.1712571552792369 0
2439 0.5626525348162853 0.108128352279051 0
2440 0.58488106562966 0.1331438043844239 0
2441 0.5519477169258699 0.1396927537791439 0
2442 0.6990795305912459 -0.2622079360946131 0
2443 0.7188817709487453 -0.2369542750663285 0
2444 0.6851898943696821 -0.2323419120756144 0
2445 0.6927124966773274 -0.08951808375928409 0
2446 0.6811567895471801 -0.05931865237019076 0
2447 0.6475807922090668 -0.05439507226846423 0
2448 0.6255605020011009 -0.07967092355583102 0
2449 0.659136499339214 -0.08459450365755758 0
2450 0.5380794708281109 -0.09282584519879553 0
2451 0.570809841310623 -0.09888631002099668 0
2452 0.5930513086864297 -0.07372305198691605 0
2453 0.5825624055797246 -0.04249932913063426 0
2454 0.5603209382039178 -0.06766258716471489 0
2455 0.2846392893144725 0.6657139527534547 0
2456 0.3167906102840006 0.6593295138939294 0
2457 0.3056286082949762 0.6931339273645789 0
2458 -0.839290866952801 -0.2832741860772807 0
2459 -0.8233797550849101 -0.2649613234424493 0
2460 -0.8319311677066723 -0.2362963659170028 0
2461 -0.8563936921963252 -0.2259442710263878 0
2462 -0.847842279574563 -0.2546092285518342 0
2463 0.411221983824372 0.640497819775165 0
2464 0.3800819575389503 0.6467214474047845 0
2465 0.3591060027534928 0.6212684954582985 0
2466 0.369270074253457 0.589591915882193 0
2467 0.4004101005388787 0.5833682882525735 0
2468 0.4213860553243362 0.6088212401990595 0
2469 0.3902460290389145 0.615044867828679 0
2470 -0.8037952424240209 -0.3224546848156858 0
2471 -0.8294986106223563 -0.312020866763899 0
2472 -0.8152415715926834 -0.3586754101153832 0
2473 -0.7966667229091845 -0.3457819564914279 0
2474 -0.82237009110752 -0.3353481384396411 0
2475 0.4565674834283909 0.7616673957104108 0
2476 0.4345442945303326 0.7469098560812928 0
2477 0.4661653887695429 0.7368615359243433 0
2478 -0.8492009076760816 -0.1767194881941832 0
2479 -0.8650285621810299 -0.196155832164978 0
2480 -0.8405660376913769 -0.206507927055593 0
2481 0.4224939293608932 0.4310720913580276 0
2482 0.4333029925004618 0.3997452224087668 0
2483 0.4558577002743772 0.4242480413569399 0
2484 0.7471017785434768 0.01461189234555528 0
2485 0.7576524967004067 -0.01553807183187048 0
2486 0.7803529575280617 0.01049124451061306 0
2487 0.249801216992789 0.4958686828326119 0
2488 0.282050322070277 0.4890421408429253 0
2489 0.3038120058773714 0.5138876116845387 0
2490 0.2933245846069779 0.5455596245158387 0
2491 0.2610754795294899 0.5523861665055253 0
2492 0.2393137957223955 0.5275406956639119 0
2493 0.2715629007998834 0.5207141536742254 0
2494 0.7237953908666407 0.286598523711525 0
2495 0.6995493621922318 0.2605640160882561 0
2496 0.7314047915069861 0.2528007108297139 0
2497 0.05035874090209379 -0.7295188250180775 0
2498 0.02835402272229477 -0.753727365431631 0
2499 0.05993944321609394 -0.7597360641178819 0
2500 0.2595213882867637 0.3760170406756218 0
2501 0.2700461251918896 0.344378105079517 0
2502 0.3024825794473353 0.3377094939645925 0
2503 0.3243942967976552 0.3626798184457727 0
2504 0.3138695598925293 0.3943187540418774 0
2505 0.2814331056370836 0.400987365156802 0
2506 0.2919578425422095 0.3693484295606972 0
2507 -0.726465392756632 0.04756419959238278 0
2508 -0.716341479426198 0.01592682611482875 0
2509 -0.683795561077995 0.009127133532734335 0
2510 -0.6613735560602262 0.03396481442819396 0
2511 -0.693919474408429 0.04076450701028837 0
2512 -0.03664055473623536 -0.6533159357778638 0
2513 -0.04711228016048076 -0.621897643989916 0
2514 -0.07997893029235496 -0.6155821386893587 0
2515 -0.1023738549999838 -0.6406849251767495 0
2516 -0.06950720486810956 -0.6470004304773066 0
2517 0.6712895457574206 0.05734992909980585 0
2518 0.7039203030719837 0.05105589281139344 0
2519 0.6936734253141509 0.08261074826989163 0
2520 0.1969210348911652 0.5660178960133087 0
2521 0.2072365734032331 0.5343565604178035 0
2522 0.250759941017422 0.5840475021010303 0
2523 0.2186827186982597 0.590863366854922 0
2524 0.2289982572103276 0.5592020312594169 0
2525 0.4012750156651988 0.6731238612107082 0
2526 0.5731689321495597 0.07662325524519152 0
2527 0.6059138602962085 0.07013361031670488 0
2528 0.5953974629629344 0.1016387073505644 0
2529 0.3995999907903419 0.2295412024486643 0
2530 0.3890150744621714 0.2612170583293826 0
2531 0.3563438998416575 0.2678917431492446 0
2532 0.334257641549314 0.2428905720883884 0
2533 0.3448425578774845 0.2112147162076701 0
2534 0.3775137324979985 0.2045400313878081 0
2535 0.366928816169828 0.2362158872685263 0
2536 -0.5511851253431403 0.0704511847529227 0
2537 -0.5616869840759393 0.1021705830788754 0
2538 -0.5839412201538455 0.07714142105181723 0
2539 -0.003924977574872535 -0.659974446811694 0
2540 0.0183188741622449 -0.6352146660575761 0
2541 0.0078471487379995 -0.6037963742696283 0
2542 -0.02486842842336334 -0.5971378632357981 0
2543 -0.01439670299911794 -0.628556155023746 0
2544 0.3131906274426773 0.3061237510589752 0
2545 0.3458103927883391 0.299508332634538 0
2546 0.367722110138659 0.3244786571157182 0
2547 0.357014062143317 0.3560644000213355 0
2548 0.3351023447929971 0.3310940755401553 0
2549 0.2925318352257226 0.457362391326068 0
2550 0.2707642433036802 0.4325091837988972 0
2551 0.3356371518145717 0.4191719615690481 0
2552 0.3249682894811683 0.4506937802111434 0
2553 0.3032006975591259 0.4258405726839727 0
2554 0.2911043691503338 0.2811225799981189 0
2555 0.3016378762036522 0.2495059905128255 0
2556 0.3237241344959956 0.2745071615736818 0
2557 0.4322921392220329 0.2228648175910582 0
2558 0.4543993713255532 0.2478642886141703 0
2559 0.4438144549973828 0.2795401444948886 0
2560 0.4111223065656919 0.2862165293524947 0
2561 0.4217072228938623 0.2545406734717764 0
2562 -0.4521104128727865 0.1389064075613784 0
2563 -0.4298297123255629 0.1637550191751194 0
2564 -0.4955211973930843 0.1771179397788926 0
2565 -0.4849561554065472 0.1455878678632651 0
2566 -0.4626754548593235 0.170436479477006 0
2567 -0.5069903565495862 0.1206685244333677 0
2568 -0.5395895996791622 0.1272792529190979 0
2569 -0.5290877409463632 0.09555985459314519 0
2570 -0.06801636348391851 -0.5588921695311373 0
2571 -0.07844872138311086 -0.5273049868603066 0
2572 -0.1110669327686159 -0.5206881953791961 0
2573 -0.1332527862549286 -0.5456585865689163 0
2574 -0.1228204283557363 -0.5772457692397469 0
2575 -0.09020221697023122 -0.5838625607208575 0
2576 -0.1006345748694235 -0.5522753780500267 0
2577 0.06259762048595618 -0.5854430082447289 0
2578 0.08463251507255004 -0.5604311311859994 0
2579 0.07409747957271161 -0.5288212880484903 0
2580 0.04152754948627931 -0.5222233219697107 0
2581 0.01949265489968544 -0.5472351990284401 0
2582 0.03002769039952389 -0.5788450421659492 0
2583 0.05206258498611774 -0.5538331651072198 0
2584 -0.009961349338840467 -0.2761383329541267 0
2585 -0.03207207041019633 -0.3010828138278124 0
2586 -0.02153949607453536 -0.3326905942843343 0
2587 0.01110379933248148 -0.3393538938671706 0
2588 0.03321452040383734 -0.314409412993485 0
2589 0.02268194606817637 -0.282801632536963 0
2590 0.0005712249968205067 -0.3077461134106487 0
2591 0.09618073046398141 -0.5038522651870491 0
2592 0.08569405126881892 -0.4722852762468283 0
2593 0.05312412118238662 -0.4656873101680485 0
2594 0.0310408702911168 -0.4906563330294897 0
2595 0.06361080037754911 -0.4972542991082694 0
2596 -0.1452153530633651 -0.6023485557271376 0
2597 -0.1349920663854888 -0.634068133695639 0
2598 -0.11259714167786 -0.6089653472082482 0
2599 -0.02365528016086974 -0.5089895053237793 0
2600 -0.05626817972158647 -0.5023536547566276 0
2601 -0.03540346392320178 -0.565528020098289 0
2602 -0.0132229222616774 -0.54057668799461 0
2603 -0.04583582182239413 -0.5339408374274583 0
2604 0.04261171462724662 -0.4340976560913338 0
2605 0.01001605718083681 -0.4274770248760604 0
2606 -0.012067193710433 -0.4524460477375016 0
2607 -0.001554787155293006 -0.4840357018142162 0
2608 0.02052846373597681 -0.459066678952775 0
2609 0.2615518933320675 -0.3609037503959813 0
2610 0.2839724265302777 -0.3362332765664963 0
2611 0.2736178878714586 -0.3047832937870004 0
2612 0.2408428160144295 -0.2980037848369894 0
2613 0.2184222828162194 -0.3226742586664743 0
2614 0.2287768214750384 -0.3541242414459702 0
2615 0.2511973546732484 -0.3294537676164853 0
2616 0.06472061296227039 -0.4091512560210739 0
2617 0.05423385385088435 -0.3775842247355404 0
2618 0.02163819640447455 -0.3709635935202669 0
2619 -0.000470701930549218 -0.3959099935905269 0
2620 0.03212495551586058 -0.4025306248058004 0
2621 0.2679486641725662 0.1679641709821339 0
2622 0.2900600237147684 0.192926786004833 0
2623 0.279515281678531 0.2245517190452501 0
2624 0.2468591801000915 0.2312140370629681 0
2625 0.2247478205578893 0.206251422040269 0
2626 0.2352925625941267 0.1746264889998519 0
2627 0.2574039221363288 0.199589104022551 0
2628 -0.002687886761838953 -0.5721865311321191 0
2629 0.2957696402085553 -0.2798747901914085 0
2630 0.2851463206886229 -0.2481867776458056 0
2631 0.2523712488315938 -0.2414072686957945 0
2632 0.2302194964944971 -0.2663157722913864 0
2633 0.2629945683515262 -0.2730952812413974 0
2634 -0.04364839440955913 -0.3576369943545943 0
2635 -0.03311399733756606 -0.3892466940076906 0
2636 -0.01100509900254229 -0.3643002939374306 0
2637 0.07746518731994376 -0.2645462643087381 0
2638 0.04480727952622958 -0.2578700581945895 0
2639 0.06587242819755151 -0.3210856191076335 0
2640 0.08799776165560472 -0.29615404476526 0
2641 0.05533985386189055 -0.2894778386511115 0
2642 0.07631684754079802 -0.3526150821062697 0
2643 0.1088866003420977 -0.3592129707625325 0
2644 0.1310119338001509 -0.3342813964201591 0
2645 0.1205675144569044 -0.3027519334215228 0
2646 0.09844218099885123 -0.3276835077638963 0
2647 0.209154952079846 -0.2031012752390553 0
2648 0.2418389766242683 -0.209800020169629 0
2649 0.2639506298552243 -0.1848563181638559 0
2650 0.2533782585417582 -0.1532138712275091 0
2651 0.2206942339973359 -0.1465151262969354 0
2652 0.1985825807663798 -0.1714588283027085 0
2653 0.2312666053108021 -0.1781575732332822 0
2654 0.1870031997427493 -0.2280097788346472 0
2655 0.1975354719500749 -0.2596170273608127 0
2656 0.2196872242871716 -0.2347085237652208 0
2657 0.1754195278094863 -0.2845570073989477 0
2658 0.1427713114615721 -0.2778897389109172 0
2659 0.1636601501480651 -0.3409486649081896 0
2660 0.1858639471527327 -0.316086470397584 0
2661 0.1532157308048186 -0.3094192019095534 0
2662 0.2584482675718943 0.2877848980158369 0
2663 0.2363256730467731 0.2628306265482614 0
2664 0.2689817746252126 0.2561683085305435 0
2665 0.2322528621846389 -0.08994563024346636 0
2666 0.2216998371409858 -0.05831983619577041 0
2667 0.1890377130831273 -0.05163999950845494 0
2668 0.1669286140689218 -0.07658595686883543 0
2669 0.1774816391125749 -0.1082117509165314 0
2670 0.2101437631704334 -0.1148915876038468 0
2671 0.1995907381267804 -0.08326579355615089 0
2672 0.1553699858816188 -0.1331554529223045 0
2673 0.1659204567085213 -0.1647789916153931 0
2674 0.1880321099394774 -0.1398352896096199 0
2675 0.2784949298923372 0.1363254883121887 0
2676 0.3111525551543103 0.1296494206649426 0
2677 0.3332639146965125 0.1546120356876416 0
2678 0.3227176489767415 0.1862507183575869 0
2679 0.3006062894345394 0.1612881033348878 0
2680 0.1740146888068841 -0.3723986476876856 0
2681 0.2065730244703708 -0.3789864359565759 0
2682 0.1962184858115517 -0.3475364531770799 0
2683 0.3629186855275744 -0.1166740869875626 0
2684 0.3850084237560198 -0.09171375864306122 0
2685 0.3744455960740336 -0.06008125062263543 0
2686 0.341793030163602 -0.053409070946711 0
2687 0.3197032919351566 -0.07836939929121237 0
2688 0.3302661196171429 -0.1100019073116382 0
2689 0.3523558578455882 -0.08504157896713679 0
2690 0.2649174129032514 -0.09662657995103706 0
2691 0.2870289385782109 -0.07168173561091182 0
2692 0.2764759135345579 -0.04005594156321587 0
2693 0.2438113628159453 -0.03337499185564517 0
2694 0.2543643878595984 -0.06500078590334112 0
2695 0.2966249832121701 -0.1915439818441564 0
2696 0.3187269652556495 -0.1665891985881102 0
2697 0.3081545939421834 -0.1349467516517634 0
2698 0.2754802405852377 -0.1282590879714628 0
2699 0.2860526118987038 -0.1599015349078096 0
2700 0.2975917662601972 -0.1033142436313376 0
2701 0.3965588484603763 -0.03513736130999952 0
2702 0.3860195349362873 -0.003521292321439204 0
2703 0.3533669690258557 0.003150887354485224 0
2704 0.3312537166395131 -0.02179300195815068 0
2705 0.3639062825499446 -0.0284651816340751 0
2706 0.3946903939944372 -0.2116369030912403 0
2707 0.4167366438865113 -0.1866238842812062 0
2708 0.4061315782854333 -0.1549520487581361 0
2709 0.3734802627922812 -0.1482932320451 0
2710 0.3514340129002071 -0.1733062508551341 0
2711 0.3620390785012851 -0.2049780863782042 0
2712 0.3840853283933592 -0.1799650675681701 0
2713 0.3072300488132481 -0.2232158173672265 0
2714 0.3399370964578056 -0.2299328696342504 0
2715 0.3293320308567276 -0.1982610341111803 0
2716 0.4282213165138786 -0.1299917204136347 0
2717 0.4176597392491719 -0.09837257535609729 0
2718 0.3955700010207265 -0.1233329037005987 0
2719 0.1604750004092963 0.3078146453039736 0
2720 0.1383480724655934 0.282853676159004 0
2721 0.1488817891884776 0.2512205897029183 0
2722 0.1815424338550648 0.2445484723918022 0
2723 0.2036693617987677 0.2695094415367718 0
2724 0.1931356450758834 0.3011425279928575 0
2725 0.1710087171321805 0.2761815588478879 0
2726 0.12676843988008 0.2262719587821176 0
2727 0.1373157352382696 0.1946512105502008 0
2728 0.1699763799048567 0.1879790932390847 0
2729 0.1920897292132543 0.2129277241598854 0
2730 0.1594290845466672 0.2195998414710015 0
2731 0.1036414646061632 0.1131415698234823 0
2732 0.1257522476013112 0.1380860160708831 0
2733 0.1152053908240085 0.1697071043713442 0
2734 0.08254775105155795 0.1763837464244044 0
2735 0.06043696805640998 0.1514393001770035 0
2736 0.0709838248337126 0.1198182118765425 0
2737 0.09309460782886055 0.1447626581239433 0
2738 0.24791455084901 0.3194179844719226 0
2739 0.2152582396010046 0.3260967994604329 0
2740 0.2257919563238889 0.2944637130043471 0
2741 0.09411080010762941 0.2329486008351778 0
2742 0.0720004556933684 0.2080044946563212 0
2743 0.104658095465819 0.201327852603261 0
2744 0.1141888545672181 0.08152076294382077 0
2745 0.146847027523421 0.07484440231156012 0
2746 0.168957810518569 0.09978884855896097 0
2747 0.1584104205575141 0.1314096554386225 0
2748 0.1362996375623661 0.1064652091912216 0
2749 0.1784885699591326 -0.02001764619297427 0
2750 0.1458303278209324 -0.01334125023787408 0
2751 0.123721228806727 -0.03828720759825456 0
2752 0.1342703719307217 -0.06990956091373524 0
2753 0.1563794709449271 -0.04496360355335474 0
2754 0.03934466361058497 0.2146830217023406 0
2755 0.02879921594206258 0.2463056549272166 0
2756 -0.003859885130939249 0.2529949780560417 0
2757 -0.02597353853541868 0.2280616679599906 0
2758 -0.01542809086689629 0.1964390347351145 0
2759 0.01723101020610553 0.1897497116062896 0
2760 0.006685562537583144 0.2213723448311656 0
2761 0.08356535243910701 0.2645712340600538 0
2762 0.0509095603563236 0.2712497611060733 0
2763 0.06145500802484599 0.2396271278811972 0
2764 0.005667915144642249 0.1331706846761528 0
2765 0.0277790132118748 0.1581155365768087 0
2766 -0.03753918893412884 0.1714941828344586 0
2767 -0.02699118592835957 0.1398600078049777 0
2768 -0.004880087861127024 0.1648048597056336 0
2769 0.01621477192194486 0.1015495963756917 0
2770 0.04887272676648002 0.09487335997588656 0
2771 0.03832586998917742 0.1264944482763476 0
2772 -0.1215374028342382 -0.4890435373825963 0
2773 -0.1541937263861732 -0.4823692705757165 0
2774 -0.176379579872486 -0.5073396617654368 0
2775 -0.1659091098068636 -0.5389843197620365 0
2776 -0.1437232563205509 -0.5140139285723163 0
2777 -0.1426301844618258 -0.4258066344154599 0
2778 -0.1647401171999671 -0.4507508190921484 0
2779 -0.09942747009609701 -0.4640993527059077 0
2780 -0.1099738609098908 -0.4324809012223396 0
2781 -0.132083793648032 -0.4574250858990281 0
2782 0.1111446205784519 -0.1830410763326349 0
2783 0.1438077740569378 -0.1897218033205583 0
2784 0.1227068324031329 -0.1264747259343811 0
2785 0.1005941497515494 -0.1514175376395463 0
2786 0.1332573032300353 -0.1580982646274697 0
2787 -0.1532202190178934 -0.3942005526550882 0
2788 -0.1859201863121022 -0.3875386555714049 0
2789 -0.2080301190502434 -0.4124828402480934 0
2790 -0.1974400844941758 -0.4440889220084651 0
2791 -0.1753301517560346 -0.4191447373317767 0
2792 0.03730914195357202 0.03830822066372321 0
2793 0.05941991178229361 0.06325267211990231 0
2794 -0.005895997906776725 0.07660514491951262 0
2795 0.004651187109036857 0.04498445706352837 0
2796 0.02676195693775844 0.06992890851970746 0
2797 -0.1310751727902254 -0.3692444438173005 0
2798 -0.1416300938567663 -0.3376264378958297 0
2799 -0.174330061150975 -0.3309645408121464 0
2800 -0.196475107378643 -0.355920649649934 0
2801 -0.1637751400844342 -0.3625825467336173 0
2802 -0.1848902718575696 -0.2993486264283693 0
2803 -0.2175955287918321 -0.2926888208823799 0
2804 -0.2397405750195 -0.3176449297201674 0
2805 -0.2291803643129055 -0.3492608441039445 0
2806 -0.2070353180852375 -0.3243047352661569 0
2807 -0.1943683377670665 -0.1795249715457353 0
2808 -0.2049053536333602 -0.1479019479279467 0
2809 -0.2375859031747662 -0.1412368582930172 0
2810 -0.2597294368498785 -0.1661947922758763 0
2811 -0.2491924209835847 -0.1978178158936649 0
2812 -0.2165118714421788 -0.2044829055285944 0
2813 -0.2270488873084725 -0.1728598819108058 0
2814 -0.1627337839157957 -0.2743882863707472 0
2815 -0.1732825529082842 -0.2427681407671356 0
2816 -0.2059878098425467 -0.2361083352211461 0
2817 -0.2281442977843206 -0.2610686752787682 0
2818 -0.1954390408500581 -0.2677284808247576 0
2819 0.05738709615635646 -0.113118973114965 0
2820 0.06793428162816119 -0.1447396612298383 0
2821 0.1121596469313282 -0.09485403781950787 0
2822 0.07949977880793996 -0.08817616140979981 0
2823 0.09004696427974468 -0.1197968495246731 0
2824 -0.2713489089253587 -0.222778155951287 0
2825 -0.2608248473257266 -0.2544035856438387 0
2826 -0.2386683593839526 -0.2294432455862165 0
2827 -0.1617095509625943 -0.1861996885263593 0
2828 -0.1395877800244158 -0.1612513818891946 0
2829 -0.1501247958907095 -0.129628358271406 0
2830 -0.1827835826951817 -0.122953641290782 0
2831 -0.172246566828888 -0.1545766649085706 0
2832 -0.06371371580147661 -0.2062206716637175 0
2833 -0.04160299361322868 -0.181276191672341 0
2834 -0.05215018397873294 -0.1496554995379863 0
2835 -0.08480809653248511 -0.1429792873950081 0
2836 -0.106918818720733 -0.1679237673863846 0
2837 -0.09637162835522879 -0.1995444595207392 0
2838 -0.07426090616698086 -0.1745999795293628 0
2839 -0.15116236059709 -0.2178203806607139 0
2840 -0.1184933992934073 -0.224492766157904 0
2841 -0.1290405896589115 -0.1928720740235492 0
2842 -0.1018533863159325 0.2731613749878182 0
2843 -0.1239541233770337 0.248139574454962 0
2844 -0.1133989709387226 0.2164546352360504 0
2845 -0.08074308143931036 0.2097914965499949 0
2846 -0.05864234437820916 0.2348132970828511 0
2847 -0.06919749681652022 0.2664982363017628 0
2848 -0.0912982338776214 0.2414764357689066 0
2849 -0.03003945701046926 -0.1247110235015263 0
2850 -0.04058664259595775 -0.09309033532208807 0
2851 -0.07324455514970993 -0.08641412317910986 0
2852 -0.09535528211797362 -0.1113585992155699 0
2853 -0.06269736956422142 -0.1180348113585481 0
2854 -0.2018435061807851 0.1166624379744741 0
2855 -0.1912963191999519 0.08504174900279374 0
2856 -0.1586382010049058 0.07836560279934306 0
2857 -0.1365272697906928 0.1033101455675728 0
2858 -0.147074456771526 0.1349308345392532 0
2859 -0.1797325749665721 0.1416069807427039 0
2860 -0.169185387985739 0.1099862917710235 0
2861 -0.1355086864842499 0.191496745393338 0
2862 -0.1249625125303649 0.1598757168645703 0
2863 -0.09230662303095261 0.1532125781785149 0
2864 -0.07019690748542536 0.1781704680212272 0
2865 -0.1028527969848376 0.1848336067072826 0
2866 -0.0144150375692503 0.2846799172749533 0
2867 -0.04708384341204079 0.2914315463978138 0
2868 -0.03652869097372974 0.2597466071789022 0
2869 -0.1300648226121129 -0.2810606718679372 0
2870 -0.1079446303009187 -0.2561129117615156 0
2871 -0.1406135916046015 -0.2494405262643255 0
2872 -0.168166804679296 0.1981728915967887 0
2873 -0.1902787489204571 0.1732280092714716 0
2874 -0.157620630725411 0.1665518630680209 0
2875 -0.148091217583328 0.04674484645779103 0
2876 -0.1154333029475373 0.04006863288446873 0
2877 -0.09332237173332435 0.06501317565269846 0
2878 -0.1038693551549021 0.09663393199425049 0
2879 -0.1259802863691151 0.07168938922602075 0
2880 -0.2691862313157862 -0.04636199158332975 0
2881 -0.2912911503542958 -0.07131161535256811 0
2882 -0.2807448360950882 -0.102933800851257 0
2883 -0.2480936027973711 -0.1096063625807076 0
2884 -0.2259886837588616 -0.08465673881146919 0
2885 -0.2365349980180691 -0.05303455331278029 0
2886 -0.2586399170565786 -0.07798417708201863 0
2887 -0.3028883697702004 -0.1278917348341161 0
2888 -0.2923806701475956 -0.1595222305464258 0
2889 -0.2702371364724833 -0.1345642965635667 0
2890 -0.1817654859803961 -0.03476479327202374 0
2891 -0.2144233991288364 -0.02808858054305756 0
2892 -0.1933307706104212 -0.09133295154043537 0
2893 -0.1712191717211885 -0.06638697877071265 0
2894 -0.2038770848696288 -0.05971076604174646 0
2895 -0.09032431235859158 0.3299754343945866 0
2896 -0.1008959754623519 0.3617676932684987 0
2897 -0.1335518335623158 0.3684246337735874 0
2898 -0.1556360285585194 0.3432893154047638 0
2899 -0.1450643654547591 0.3114970565308516 0
2900 -0.1124085073547952 0.3048401160257631 0
2901 -0.1229801704585555 0.3366323748996752 0
2902 -0.1671651025158603 0.2864752559979954 0
2903 -0.1566099814769976 0.2547965149600506 0
2904 -0.1345092444158964 0.2798183154929068 0
2905 -0.1651546269772319 0.4627350121538337 0
2906 -0.1872732554505872 0.4378141875131236 0
2907 -0.1767504688046657 0.4064488926290792 0
2908 -0.144109053685389 0.4000044223857451 0
2909 -0.1219904252120337 0.4249252470264552 0
2910 -0.1325132118579551 0.4562905419104996 0
2911 -0.1546318403313104 0.4313697172697893 0
2912 -0.07800481544769575 0.476855550769919 0
2913 -0.1105204069757862 0.4822556937822315 0
2914 -0.08947483368394324 0.4195251040141428 0
2915 -0.06748202880177429 0.4454902558858747 0
2916 -0.0999976203298647 0.4508903988981872 0
2917 -0.02413795207100607 0.4061028026250425 0
2918 -0.03481358799530569 0.4387791051913246 0
2919 -0.07879919775964361 0.3868488014478608 0
2920 -0.04613075695317503 0.3801376507533106 0
2921 -0.05680639287747466 0.4128139533195926 0
2922 0.008670057585610576 0.3983605389978528 0
2923 0.0308024313179276 0.4232945779369452 0
2924 0.02012679539362798 0.4559708805032273 0
2925 -0.01268121426298867 0.4637131441304169 0
2926 -0.002005578338689046 0.4310368415641349 0
2927 0.1067759226557874 0.3777938424880307 0
2928 0.1289340810019519 0.402791254216872 0
2929 0.1183730945821591 0.4346019829224881 0
2930 0.08565394981620185 0.4414152998992628 0
2931 0.06349579147003744 0.4164178881704215 0
2932 0.07405677788983023 0.3846071594648054 0
2933 0.09621493623599464 0.4096045711936468 0
2934 -0.2892262170284693 0.1050850112902831 0
2935 -0.2997295615528458 0.1367203238859033 0
2936 -0.3323595399131423 0.1433995635948593 0
2937 -0.3544861737490623 0.118443490708195 0
2938 -0.3439828292246858 0.08680817811257484 0
2939 -0.3113528508643894 0.08012893840361886 0
2940 -0.3218561953887658 0.111764250999239 0
2941 -0.2089654416883208 -0.5006410493419472 0
2942 -0.2310808334385334 -0.5255870949150576 0
2943 -0.220610363372911 -0.5572317529116574 0
2944 -0.1880245015570762 -0.563930365335147 0
2945 -0.1984949716226985 -0.532285707338547 0
2946 -0.2749234127093464 -0.5758164445751893 0
2947 -0.296650600229947 -0.6010997486622107 0
2948 -0.2860357580823489 -0.6327756532458981 0
2949 -0.2536937284141504 -0.639168253742564 0
2950 -0.2319665408935498 -0.6138849496555426 0
2951 -0.2425813830411479 -0.5822090450718553 0
2952 -0.2643085705617484 -0.6074923491588767 0
2953 -0.3355046987144238 -0.1212075740954163 0
2954 -0.3576133280360424 -0.146153909069026 0
2955 -0.3471056284134376 -0.1777844047813357 0
2956 -0.3144892994692142 -0.1844685655200355 0
2957 -0.3249969990918189 -0.1528380698077259 0
2958 0.01923104400540338 0.3665498102922368 0
2959 0.0519244041575132 0.359673120525713 0
2960 0.04136341773772041 0.3914838492313292 0
2961 -0.199380679077715 -0.6205835620790322 0
2962 -0.1774096594094781 -0.5956062699188343 0
2963 -0.209995521225313 -0.5889076574953448 0
2964 0.1018825796592403 0.5867528271306799 0
2965 0.1109637342410509 0.5550661427990692 0
2966 0.1422317580082734 0.5481460495145769 0
2967 0.1644186271936854 0.5729126405616953 0
2968 0.1553374726118748 0.6045993248933059 0
2969 0.1240694488446523 0.6115194181777982 0
2970 0.1331506034264628 0.5798327338461875 0
2971 -0.057655871552123 0.3232642837000364 0
2972 -0.03555909384941473 0.3483453918793984 0
2973 -0.0682275346558833 0.3550565425739485 0
2974 -0.3380448225089519 -0.2977327018189205 0
2975 -0.327544325744947 -0.3293664640599431 0
2976 -0.2947961478959929 -0.3360098226461073 0
2977 -0.2725484668110437 -0.3110194189912489 0
2978 -0.2830489635750487 -0.2793856567502262 0
2979 -0.3157971414240027 -0.272742298164062 0
2980 -0.3052966446599977 -0.3043760604050846 0
2981 0.1407431225063646 0.4596522634529618 0
2982 0.130394005664613 0.4915158609602102 0
2983 0.09767486089865579 0.4983291779369849 0
2984 0.07530483297445022 0.4732788974065112 0
2985 0.1080239777404074 0.4664655804297365 0
2986 -0.3693297446627596 -0.2027664758877231 0
2987 -0.3589375319678582 -0.2344327077328105 0
2988 -0.3263212030236348 -0.2411168684715103 0
2989 -0.3040970867743127 -0.2161347973651229 0
2990 -0.3367134157185362 -0.209450636626423 0
2991 -0.4179561920572202 0.3082368971993948 0
2992 -0.3959326513515462 0.33327132429544 0
2993 -0.4610741062634295 0.3464438477849305 0
2994 -0.4505269195131618 0.3148231589441401 0
2995 -0.4285033788074878 0.3398575860401852 0
2996 0.01233545209301787 0.6164869420810578 0
2997 0.01655362333885415 0.5817069064821839 0
2998 0.04478167141560355 0.5707644177429702 0
2999 0.06879154824651666 0.5946019646026303 0
3000 0.06457337700068039 0.6293820002015043 0
3001 0.036345328923931 0.640324488940718 0
3002 0.04056350016976726 0.605544453341844 0
3003 0.1850497042178211 0.5095899693706852 0
3004 0.1525472965203413 0.5164847139190719 0
3005 0.1732455302038445 0.4527575189045751 0
3006 0.1953988210595728 0.4777263718634368 0
3007 0.1628964133620929 0.4846211164118234 0
3008 -0.3228746361368277 0.02349897410084729 0
3009 -0.3007987543204603 0.04847433639775509 0
3010 -0.3660587110410532 0.06183281581566703 0
3011 -0.3555046144971242 0.03017821380980326 0
3012 -0.3334287326807567 0.05515357610671105 0
3013 -0.4126820754477389 -0.1645734743375853 0
3014 -0.4456421935378168 -0.1580467046325347 0
3015 -0.46865114599553 -0.1832924651465589 0
3016 -0.4586999803631654 -0.2150649953656337 0
3017 -0.4257398622730875 -0.2215917650706842 0
3018 -0.4027309098153742 -0.19634600455666 0
3019 -0.4356910279054521 -0.1898192348516095 0
3020 -0.493766862892743 0.3531509456802141 0
3021 -0.5159124327717888 0.3282373547347072 0
3022 -0.5053652460215211 0.2966166658939168 0
3023 -0.4726724893922076 0.2899095679986333 0
3024 -0.4832196761424752 0.3215302568394237 0
3025 -0.2854618736340279 0.4579637481976853 0
3026 -0.2632770395140455 0.482752074861685 0
3027 -0.275279116231688 0.5143611893512011 0
3028 -0.3094660270693131 0.5211819771767178 0
3029 -0.2974639503516705 0.4895728626872015 0
3030 -0.04599059019037016 0.5725658911161143 0
3031 -0.01260939780283987 0.5597463809997121 0
3032 -0.01682756904867615 0.594526416598586 0
3033 -0.6147624841874226 0.2609028343588819 0
3034 -0.6251742355179332 0.2929952405845183 0
3035 -0.6693358192519465 0.2434197261345845 0
3036 -0.6368432760544294 0.236115077133915 0
3037 -0.6472550273849398 0.2682074833595514 0
3038 0.216361847370464 0.4143668728297222 0
3039 0.1837270433592901 0.4210777693877177 0
3040 0.1615954690164106 0.3961176487801233 0
3041 0.1720986986847049 0.3644466316145333 0
3042 0.2047335026958788 0.3577357350565377 0
3043 0.2268650770387583 0.3826958556641321 0
3044 0.1942302730275844 0.3894067522221276 0
3045 -0.4153476495781861 -0.2532579969157716 0
3046 -0.3819464844255715 -0.2596784682468347 0
3047 -0.3923386971204729 -0.2280122364017473 0
3048 -0.3525356313589386 0.29491940615613 0
3049 -0.3632223710024055 0.3266125787738076 0
3050 -0.4072694524137533 0.2765437245817173 0
3051 -0.3745591720646125 0.2698849790600849 0
3052 -0.3852459117080793 0.3015781516777624 0
3053 -0.2935730251746806 -0.2477602270576745 0
3054 -0.3063028827692045 -0.3925552921363127 0
3055 -0.2955619365574669 -0.4241103579716597 0
3056 -0.2627540447659232 -0.4307358687005783 0
3057 -0.2406870991861171 -0.40580631359415 0
3058 -0.2514280453978547 -0.374251247758803 0
3059 -0.2842359371893984 -0.3676257370298844 0
3060 -0.2734949909776608 -0.3991808028652313 0
3061 -0.001315211583408159 0.5217697165080755 0
3062 -0.02340221775150674 0.4966125621328411 0
3063 0.04221380156172656 0.4811280348784617 0
3064 0.0314927980732085 0.5140274528808858 0
3065 0.009405791905109911 0.4888702985056513 0
3066 -0.3293365052494028 -0.5944329528373232 0
3067 -0.3402952227482581 -0.5624828529254142 0
3068 -0.3716015676107527 -0.5575406130071853 0
3069 -0.3919491949743922 -0.5845484730008651 0
3070 -0.3606428501118975 -0.5894907129190941 0
3071 -0.1891573923998387 -0.6523031400475334 0
3072 -0.1569630860537257 -0.6590454258558368 0
3073 -0.1671863727316019 -0.6273258478873355 0
3074 -0.3239142189129352 -0.06466628881322449 0
3075 -0.3344323684330651 -0.0330713385046425 0
3076 -0.367054469059777 -0.02642686993014216 0
3077 -0.3891584201663588 -0.0513773516642238 0
3078 -0.3786402706462288 -0.08297230197280579 0
3079 -0.3460181700195171 -0.08961677054730614 0
3080 -0.356536319539647 -0.05802182023872415 0
3081 -0.2881587148564062 0.1932879261248096 0
3082 -0.26608452363559 0.2182202157680957 0
3083 -0.2766231855150065 0.2498437481204054 0
3084 -0.3092360386152391 0.2565349908294289 0
3085 -0.3313102298360552 0.2316027011861428 0
3086 -0.3207715679566387 0.1999791688338331 0
3087 -0.2986973767358226 0.2249114584771192 0
3088 -0.3902354286627542 -0.1395094404945257 0
3089 -0.4007488999678475 -0.1079186369464156 0
3090 -0.4337090180579253 -0.101391867241365 0
3091 -0.45615566484291 -0.1264559010844246 0
3092 -0.4231955467528321 -0.1329826707894751 0
3093 -0.2619882561044491 -0.3426353333750258 0
3094 -0.1005931878865592 0.5528088797531923 0
3095 -0.1218145931952179 0.520232358273868 0
3096 -0.05678341013903702 0.5094320722492433 0
3097 -0.06807759635846874 0.5474087367408799 0
3098 -0.08929900166712745 0.5148322152615555 0
3099 -0.2742794019600682 -0.4872879960340604 0
3100 -0.263737813574407 -0.5189105682611141 0
3101 -0.2195070300739819 -0.4690184771148935 0
3102 -0.2521640102098556 -0.4623419504609501 0
3103 -0.2416224218241944 -0.4939645226880037 0
3104 -0.2300970646300494 -0.4374123953545217 0
3105 0.1160562364647398 -0.6550507361439769 0
3106 0.09420984777331631 -0.6801805103742505 0
3107 0.1585268145266899 -0.6933684160207861 0
3108 0.1482147198414266 -0.6616446889672448 0
3109 0.1263683311500031 -0.6867744631975183 0
3110 0.2373898139438842 0.3510569200680274 0
3111 0.1274908866571568 -0.5984203926515589 0
3112 0.1170791481581504 -0.5669198233894145 0
3113 0.07300935898496265 -0.6169435775068733 0
3114 0.105455992070563 -0.6234322697102884 0
3115 0.09504425357155652 -0.5919317004481439 0
3116 -0.211297692877699 -0.6770741135998972 0
3117 -0.2012436870094461 -0.7085873729605643 0
3118 -0.1690493806633331 -0.7153296587688677 0
3119 -0.1469090801854728 -0.690558685216504 0
3120 -0.1791033865315859 -0.6838163994082006 0
3121 0.1172791523240817 0.3461228253224407 0
3122 0.1499405403385405 0.3394492198856919 0
3123 0.1394373106702461 0.3711202370512819 0
3124 -0.3197805867204956 0.2881565598078534 0
3125 -0.2977122817255195 0.3130868860772544 0
3126 -0.3083990213689863 0.344780058694932 0
3127 -0.3411540660074293 0.3515429050432086 0
3128 -0.3304673263639624 0.3198497324255309 0
3129 -0.296979130746188 0.4014560184713423 0
3130 -0.2863115537383657 0.3697366154089989 0
3131 -0.2535599457950097 0.3629759291885747 0
3132 -0.2314759148594761 0.3879346460304941 0
3133 -0.2421434918672984 0.4196540490928375 0
3134 -0.2748950998106544 0.4264147353132616 0
3135 -0.2642275228028321 0.3946953322509182 0
3136 -0.3945036078020735 -0.316565169391546 0
3137 -0.3715244635375152 -0.2913320544847219 0
3138 -0.4049256286901298 -0.2849115831536588 0
3139 -0.1988346638008693 0.3813135742602557 0
3140 -0.1882774436777961 0.349733785648098 0
3141 -0.1661932486815925 0.3748691040169215 0
3142 -0.3391623370914728 -0.3859468812855904 0
3143 -0.3612808452020035 -0.410893536270215 0
3144 -0.3505398989902659 -0.442448602105562 0
3145 -0.3176804446679976 -0.4490570129562843 0
3146 -0.3284213908797352 -0.4175019471209373 0
3147 -0.3726842156240606 -0.4674043785077281 0
3148 -0.361969077935587 -0.4989685657606168 0
3149 -0.3291096236133186 -0.5055769766113392 0
3150 -0.306965306979524 -0.4806212002091729 0
3151 -0.3398247613017923 -0.4740127893584505 0
3152 -0.3185680352276575 -0.5371995488383928 0
3153 -0.2858821302082017 -0.5438663446632804 0
3154 -0.2964237185938629 -0.5122437724362267 0
3155 0.1285987573202007 -0.5103157378251222 0
3156 0.1505301049812575 -0.4852122215229744 0
3157 0.140043425786095 -0.4536452325827536 0
3158 0.1076253989298757 -0.4471817599446805 0
3159 0.1181120781250382 -0.4787487488849013 0
3160 0.171256180558195 -0.5481270669219652 0
3161 0.1389617951086695 -0.5417731605246177 0
3162 0.1597852721066824 -0.6047742990489066 0
3163 0.1816679190572014 -0.5796276361841097 0
3164 0.1493735336076759 -0.5732737297867621 0
3165 -0.03469640397093845 0.5345892266244776 0
3166 -0.3076093177288022 -0.5691496487503016 0
3167 0.1747341657057532 0.5412513049661902 0
3168 0.166984033682256 0.6595360084348956 0
3169 0.1767947650306767 0.6286076200218546 0
3170 0.2085663203677131 0.6224856182768691 0
3171 0.2305271443563288 0.6472920049449246 0
3172 0.2207164130079081 0.6782203933579655 0
3173 0.1889448576708717 0.684342395102951 0
3174 0.1987555890192924 0.6534140066899099 0
3175 -0.6136417181663779 0.3491985072696286 0
3176 -0.591697449484312 0.3733093677291024 0
3177 -0.601217746541713 0.4051142604925886 0
3178 -0.6326823122811797 0.4128082927966011 0
3179 -0.6546265809632456 0.3886974323371273 0
3180 -0.6451062839058446 0.3568925395736411 0
3181 -0.6231620152237787 0.3810034000331148 0
3182 -0.6263509104335631 0.2038088001783347 0
3183 -0.6483510880102139 0.1788071722234239 0
3184 -0.5829094728247962 0.1655301303143006 0
3185 -0.5936301028408542 0.1971702792237731 0
3186 -0.6156302804175049 0.1721686512688623 0
3187 -0.3072998461736355 -0.6579174500317813 0
3188 -0.2962219045967235 -0.6894518473143304 0
3189 -0.2638798749285249 -0.6958444478109964 0
3190 -0.2426157868372384 -0.6707026510251132 0
3191 -0.2749578165054369 -0.6643100505284473 0
3192 0.2385151382261922 0.4393357257885839 0
3193 0.2280336250707466 0.4710154753054412 0
3194 0.2058803342150184 0.4460466223465794 0
3195 0.2602827301482346 0.4641889333157546 0
3196 0.09515222438037883 0.3211618561774711 0
3197 0.1056866844511346 0.2895272815957528 0
3198 0.1278136123948375 0.3144882507407223 0
3199 -0.06473000698427631 -0.2944065803526967 0
3200 -0.07527722248700042 -0.2627858660038953 0
3201 -0.1195176071093888 -0.3126813862167385 0
3202 -0.0868501992954705 -0.3193543404591183 0
3203 -0.09739741479819458 -0.2877336261103168 0
3204 0.007681740133457973 0.3097610254543153 0
3205 -0.002890288006624237 0.3415937627565379 0
3206 -0.02498706570933252 0.3165126545771758 0
3207 -0.2460649590757682 0.06677348580681304 0
3208 -0.2134070456474435 0.06009727291896318 0
3209 -0.2345014196091098 0.123338650862324 0
3210 -0.2566121460566013 0.09839417477849344 0
3211 -0.2239542326282766 0.0917179618906436 0
3212 -0.2576284990195488 0.01020832102216004 0
3213 -0.2681756857618208 0.04182900985841147 0
3214 -0.3123274493945556 -0.008121714735404134 0
3215 -0.2797043808359162 -0.01476704127474776 0
3216 -0.2902515675781882 0.01685364756150366 0
3217 -0.233470452663722 0.2115293792563061 0
3218 -0.2229305729126701 0.1799062531012303 0
3219 -0.1787066844303479 0.2297960177518645 0
3220 -0.2113585084225609 0.2364742615816232 0
3221 -0.200818628671509 0.2048511354265474 0
3222 -0.1998169265080733 0.2931534998277541 0
3223 -0.2219136294614236 0.268153002619568 0
3224 -0.1892618054692106 0.2614747587898093 0
3225 -0.4442829679095953 -0.06992031360147803 0
3226 -0.4773035645462499 -0.06351279380465061 0
3227 -0.4667296146945799 -0.0949843474445376 0
3228 -0.3190665983768087 0.3764994617572753 0
3229 -0.2199586577473159 0.4444423757568371 0
3230 -0.2305254315706895 0.4759913886412608 0
3231 -0.252710265690672 0.4512030619772612 0
3232 -0.3947604862305668 -0.4044928889360164 0
3233 -0.4061216191485993 -0.3731455866171933 0
3234 -0.4606585215711162 -0.4312930802854926 0
3235 -0.4220289374418252 -0.4335666357701661 0
3236 -0.4333900703598578 -0.402219333451343 0
3237 -0.481423802709379 -0.4590315804173282 0
3238 -0.4635594997183509 -0.4890436360338372 0
3239 -0.4249299155890599 -0.4913171915185106 0
3240 -0.4041646344507971 -0.4635786913866751 0
3241 -0.4427942185800879 -0.4613051359020016 0
3242 -0.4142147779005863 -0.5228813787713992 0
3243 -0.3827343590738498 -0.5267070658924523 0
3244 -0.3934494967623234 -0.4951428786395637 0
3245 0.05386282599741408 0.5390777334113594 0
3246 0.08695385741013772 0.5312285959394091 0
3247 0.07787270282832719 0.5629152802710197 0
3248 0.06458382948593215 0.5061783154089353 0
3249 -0.5705673307167043 0.3105783914628518 0
3250 -0.603076658782574 0.3178330191365033 0
3251 -0.5822531561215529 0.2536482066852304 0
3252 -0.5601555793861938 0.2784859852372154 0
3253 -0.5926649074520635 0.2857406129108669 0
3254 -0.4345624052642257 -0.5498892387650791 0
3255 -0.4234296138011287 -0.5807227858798121 0
3256 -0.4030819864374893 -0.5537149258861321 0
3257 0.05116297029353916 -0.642073351737147 0
3258 0.06176321468771599 -0.6736918181708355 0
3259 0.08360960337913947 -0.6485620439405619 0
3260 0.1971304562025425 0.738997306918206 0
3261 0.1771518792681889 0.7147308518830712 0
3262 0.2089234346052253 0.7086088501380858 0
3263 0.1821138379408359 0.7699257962464795 0
3264 0.1471186427447757 0.7765878305396184 0
3265 0.1271400658104221 0.7523213755044836 0
3266 0.1421566840721287 0.7213928861762101 0
3267 0.1621352610064822 0.7456593412113447 0
3268 -0.09840776497630713 -0.3759173980596803 0
3269 -0.07629527822892967 -0.3509723463805892 0
3270 -0.108962686042848 -0.3442993921382094 0
3271 -0.05522648408494352 -0.4141917456867817 0
3272 -0.08787336790431405 -0.4075270977127766 0
3273 -0.06678058627672648 -0.4707640006799129 0
3274 -0.04468009327114973 -0.4458101971703499 0
3275 -0.07732697709052028 -0.4391455491963447 0
3276 -0.2450047641334862 0.1549739634579442 0
3277 -0.2776188351053542 0.1616647999697338 0
3278 -0.2671154905809777 0.1300294873741136 0
3279 -0.4925301769552207 -0.2082825090541278 0
3280 -0.2084068030973342 0.500912213281971 0
3281 -0.1757214008006054 0.4942840250382575 0
3282 -0.1552350342390733 0.5204167204190887 0
3283 -0.1674340699742699 0.5531776040436336 0
3284 -0.2001194722709987 0.5598057922873472 0
3285 -0.2206058388325308 0.5336730969065159 0
3286 -0.187920436535802 0.5270449086628024 0
3287 -0.1340136289304145 0.5529932418984129 0
3288 -0.5043319222765469 0.3845164338133394 0
3289 -0.5370425515393966 0.3909683310009578 0
3290 -0.5591881214184423 0.3660547400554509 0
3291 -0.5486230620346385 0.3346892519223256 0
3292 -0.5264774921555926 0.3596028428678325 0
3293 0.06249643229759542 0.3278403832234905 0
3294 0.0403751002855678 0.3028843356877916 0
3295 0.07303089236835121 0.2962058086417722 0
3296 -0.06576088115693658 -0.3825820460336855 0
3297 -0.3018092998744257 -0.03971666504398612 0
3298 -0.2555446438845381 0.1865970896130199 0
3299 -0.3681267993411356 -0.1145631055209159 0
3300 -0.1978400292739606 0.4693632003975472 0
3301 -0.3505234700095053 -0.3545995789667672 0
3302 -0.3840031110380686 -0.3481989316325687 0
3303 -0.3726419781200361 -0.3795462339513918 0
3304 -0.5811323901005082 0.3419438795959771 0
3305 0.1357160099150335 0.6664561017193879 0
3306 0.1142587174962316 0.6424478065908391 0
3307 0.1455267412634541 0.6355277133063468 0
3308 -0.5804522064658564 0.4283746857402026 0
3309 -0.5911512321294664 0.4593291432918291 0
3310 -0.6119167722053231 0.436068718044215 0
3311 -0.6808436312077312 0.1861118212240934 0
3312 -0.6913359968285975 0.2184180981796737 0
3313 -0.7338819355969451 0.1679081249649108 0
3314 -0.7021166005919049 0.160856834616712 0
3315 -0.7126089662127713 0.1931631115722923 0
3316 0.02980307214548559 0.3347170729900142 0
3317 0.1543549833948351 -0.2213425103466166 0
3318 0.1322390392542465 -0.2462824903847516 0
3319 0.1648872556021607 -0.2529497588727821 0
3320 -0.03416768671600974 -0.4773998512470645 0
3321 -0.6588434536310802 0.2111134491790042 0
3322 -0.2545548805200304 0.2747740743898064 0
3323 -0.2650994286252869 0.3063956433682309 0
3324 -0.287167733620263 0.2814653170988299 0
3325 -0.2103614746133298 0.3247750688061787 0
3326 -0.2430027256719366 0.331396140576417 0
3327 -0.2324581775666801 0.2997745715979926 0
3328 -0.3610239667735102 -0.3229658167257446 0
3329 0.1931875282192518 -0.5230235506198175 0
3330 0.182824490430783 -0.4915661279203221 0
3331 0.1608931427697262 -0.5166696442224699 0
3332 -0.7241959474253054 0.1359888442171865 0
3333 0.2453941080137461 -0.5024841132810608 0
3334 0.2244723370107333 -0.5284825433001868 0
3335 0.2377698570338111 -0.558866963190866 0
3336 0.2719891480599017 -0.5632529530624193 0
3337 0.2929109190629145 -0.5372545230432932 0
3338 0.2796133990398367 -0.5068701031526139 0
3339 0.2586916280368239 -0.53286853317174 0
3340 -0.2325617809689855 -0.7022159103857804 0
3341 -0.2209186947364029 0.3563548574183363 0
3342 -0.2249705855912241 0.003532108134310184 0
3343 -0.2028598589051714 0.02847658408271175 0
3344 -0.2355177723334961 0.0351527969705616 0
3345 0.08902867643786326 -0.2079810563707699 0
3346 0.09957588577576058 -0.2396017633968282 0
3347 0.1216918299163492 -0.2146617833586932 0
3348 -0.02050856484156458 -0.2445176186053253 0
3349 -0.05316650141564455 -0.2378413851302096 0
3350 -0.04261928591292044 -0.269462099479011 0
3351 0.2350310702252774 -0.4710266905815654 0
3352 0.2037462614337958 -0.465567697901196 0
3353 0.2141092992222646 -0.4970251206006914 0
3354 -0.1280131970014768 -0.1046823855016832 0
3355 -0.1385603849167163 -0.07306169575133659 0
3356 -0.160671983805949 -0.0980076685210593 0
3357 -0.1596547592943434 -0.009820317323622173 0
3358 -0.1702019457567311 0.02180037135374557 0
3359 -0.1923126724427837 -0.003144104594655996 0
3360 0.2572543727224584 -0.4461818635831118 0
3361 0.2481928664281579 -0.415878043904289 0
3362 0.2169080576366764 -0.4104190512239197 0
3363 0.1946847551394953 -0.4352638782223732 0
3364 0.2259695639309769 -0.4407228709027425 0
3365 0.001602157346683349 -0.2195731386139488 0
3366 -0.008945057039148701 -0.1879524251474567 0
3367 -0.03105577922739663 -0.2128969051388331 0
3368 0.05637076864414908 -0.2013048502566213 0
3369 0.03426007018833224 -0.2262493511685311 0
3370 0.06691797798204642 -0.2329255572826797 0
3371 -0.08379174306494941 -0.05479343342876321 0
3372 -0.1164496579484526 -0.04811721971487656 0
3373 -0.1059024700332131 -0.0797379094652232 0
3374 -0.06066465318202784 0.05833689046592991 0
3375 -0.03855391805230907 0.08328136162071338 0
3376 -0.04910090147388682 0.1149021179622654 0
3377 -0.08175862002518333 0.121578403149034 0
3378 -0.07121163660360558 0.08995764680748193 0
3379 0.3022077056872777 -0.3969410868271508 0
3380 0.2706695329105676 -0.3912576555263085 0
3381 0.2887925454991686 -0.4518652948839542 0
3382 0.3112692119815782 -0.4272449065059736 0
3383 0.279731039204868 -0.4215614752051313 0
3384 -0.1269968446585527 -0.01649653089694447 0
3385 -0.1048861164851496 0.008447944207100981 0
3386 -0.1375440311209404 0.01512415778042328 0
3387 0.04582355425831704 -0.1696841367901292 0
3388 0.01316564141666815 -0.1630079242355468 0
3389 0.0237128558025002 -0.194628637702039 0
3390 -0.05011746816621425 0.02671620260994566 0
3391 -0.01745954802068191 0.02003998590874489 0
3392 -0.02800673303649549 0.05166067376472915 0
3393 0.3246282388854878 -0.3722706129976659 0
3394 0.3155105993069878 -0.3419167078673386 0
3395 0.2930900661087776 -0.3665871816968235 0
3396 0.02472918331470757 -0.1064427605603827 0
3397 0.002618455944863415 -0.1313872361206736 0
3398 0.0352763687865123 -0.1380634486752559 0
3399 -0.06168101489154636 -0.02984895832471776 0
3400 -0.07222820160164647 0.00177173049321433 0
3401 -0.09433892977504953 -0.02317274461083111 0
3402 0.3817392837783909 -0.3560768669862826 0
3403 0.3577425811211893 -0.3793506925571379 0
3404 0.3681204319648435 -0.4145492145002598 0
3405 0.4024949854656991 -0.4264739108725265 0
3406 0.3921171346220449 -0.3912753889294046 0
3407 -0.05964890447965609 0.1465362929917463 0
3408 0.3284766878531129 -0.2865918424584324 0
3409 0.350560415977738 -0.2616208821798534 0
3410 0.3178533683331805 -0.2549038299128294 0
3411 -0.02902309474601402 -0.03652517502591853 0
3412 -0.006912361310581795 -0.01158070290918721 0
3413 -0.03957028145611413 -0.004904486207986439 0
3414 0.01418199772921908 -0.07482207238094445 0
3415 -0.01847591522611358 -0.06814585976179716 0
3416 -0.007928729640625083 -0.09976654794123536 0
3417 0.3726216441998909 -0.3257229618559554 0
3418 0.3395073019641893 -0.3186428822964834 0
3419 0.3486249415426893 -0.3489967874268106 0
3420 0.0362927311646513 -0.04987760026421313 0
3421 0.02574555164475087 -0.01825691552833451 0
3422 0.003634818209318639 -0.04320138764506583 0
3423 0.394705372324516 -0.3007520015773764 0
3424 0.3836747582134396 -0.2687009617393253 0
3425 0.3615910300888144 -0.2936719220179044 0
3426 0.09106136068333877 -0.03160933118854651 0
3427 0.06895063568394524 -0.05655380809431913 0
3428 0.1016105038073334 -0.06323168450402716 0
3429 0.08051418116343834 1.135354733211233e-05 0
3430 0.04785627664414439 0.006687561377438114 0
3431 0.05840345616404482 -0.02493312335844051 0
3432 0.4387317972226923 -0.2506824476513819 0
3433 0.4056879706625277 -0.2436661847763281 0
3434 0.4167185847736041 -0.2757172246143791 0
3435 0.1026249509921599 0.02495580500351121 0
3436 0.09207781630158757 0.0565764642897963 0
3437 0.06996704647286597 0.03163201283361721 0
3438 0.4607780471147663 -0.2256694288413478 0
3439 0.4497804704466759 -0.19364014715626 0
3440 0.4277342205546018 -0.218653165966294 0
3441 0.5149561473089483 -0.2068634863440456 0
3442 0.4933658855459026 -0.2322810984352406 0
3443 0.5611733744786181 -0.2441814262711832 0
3444 0.5488598917753061 -0.2128136502620169 0
3445 0.5272696300122603 -0.2382312623532119 0
3446 0.1352831239483628 0.01827944437125056 0
3447 0.1573941622139934 0.04322374302527501 0
3448 0.1247359892577905 0.04990010365753567 0
3449 0.5039585706408579 -0.1748342046589578 0
3450 0.4713707322097216 -0.168222535065065 0
3451 0.482368308877812 -0.2002518167501528 0
3452 0.5157482032543974 -0.1183255450020131 0
3453 0.5261473061631957 -0.1498857096274318 0
3454 0.5588776766457078 -0.155946174449633 0
3455 0.5812089442194213 -0.1304464746464154 0
3456 0.5484785737369093 -0.1243860098242143 0
3457 0.2005996082247631 0.004926652461050188 0
3458 0.1900524043521936 0.03654734707017483 0
3459 0.167941366086563 0.01160304841615037 0
3460 0.4831603648232611 -0.1117138754081203 0
3461 0.4609716293009232 -0.1366623704396462 0
3462 0.4935594677320595 -0.143274040033539 0
3463 0.2448235704916119 0.05481413907844644 0
3464 0.2121643854856179 0.06149109037887296 0
3465 0.2332587932307571 -0.00175029883937633 0
3466 0.2553707743641814 0.0231934444693218 0
3467 0.2227115893581875 0.02987039576974831 0
3468 0.201615901863204 0.09311254643934461 0
3469 0.223726603246784 0.1180570511993897 0
3470 0.2131792132857291 0.1496778580790512 0
3471 0.1805211219410941 0.1563541601986676 0
3472 0.191068511902149 0.1247333533190061 0
3473 0.4725987875585544 -0.08009473035058287 0
3474 0.4398484747715098 -0.07342408032457136 0
3475 0.4504100520362164 -0.1050432253821088 0
3476 0.2026344712494917 0.1813027911194683 0
3477 0.2669342718751919 0.07975864383849157 0
3478 0.256385788252778 0.1113800998989632 0
3479 0.2342750868691979 0.08643559513891808 0
3480 0.4513163852257946 -0.01686258966030962 0
3481 0.4292072736051299 -0.04180800997943473 0
3482 0.4619575863921744 -0.04847866000544624 0
3483 0.2985878946679822 -0.01511219825451775 0
3484 0.288035325082794 0.01651249476175108 0
3485 0.2659233439493697 -0.00843124854694704 0
3486 0.4407770717017057 0.0147534793282507 0
3487 0.408128646556952 0.02142412799768591 0
3488 0.4186679600810409 -0.01019194099087441 0
3489 0.299591897137165 0.07308257619124543 0
3490 0.3217010387767242 0.09802796460447094 0
3491 0.289043413514751 0.1047040322517171 0
3492 0.09729036576357009 -0.4157491446773366 0
3493 0.1193733594534838 -0.390780002048066 0
3494 0.08680360665218403 -0.3841821133918031 0
3495 0.3649235410802267 0.05972096878397957 0
3496 0.3543668607482551 0.09134716090083801 0
3497 0.3101485774691367 0.04145638407438699 0
3498 0.3428143994406675 0.03477558037075406 0
3499 0.3322577191086958 0.0664017724876125 0
3500 0.4197964902400313 0.07792846975388995 0
3501 0.3976383558261148 0.05301162321050554 0
3502 0.4302867809708684 0.04634097454107033 0
3503 0.151791386309703 -0.3972434746861391 0
3504 0.1621264194760087 -0.4286760899534829 0
3505 0.1843497219731897 -0.4038312629550294 0
3506 0.3207011470543248 0.009831691058118154 0
3507 0.1297083926197893 -0.4222126173154098 0
3508 0.3659350893170264 0.1479373508677797 0
3509 0.3880599982177694 0.1729013487178629 0
3510 0.3553888235972555 0.1795760335377249 0
3511 0.4092398099080596 0.1095546618707484 0
3512 0.3765249951621715 0.1162640074442224 0
3513 0.3870816754941431 0.08463781532736397 0
3514 0.4313647188088026 0.1345186597208316 0
3515 0.4207748129636575 0.1661920031443888 0
3516 0.3986499040629145 0.1412280052943056 0
3517 0.4756013359272805 0.18449251863862 0
3518 0.4428931215228965 0.191178932603283 0
3519 0.4534830273680415 0.1595055891797258 0
3520 0.465708420832726 0.3047152909113569 0
3521 0.4549102382363783 0.3365668221854313 0
3522 0.4222180898046873 0.3432432070430375 0
3523 0.4003241239693441 0.3180680606265692 0
3524 0.433016272401035 0.311391675768963 0
3525 0.4977085680308009 0.2094919896617321 0
3526 0.4871075857299373 0.2411778746495072 0
3527 0.4650003536264169 0.2161784036263951 0
3528 0.5526282694879842 0.2280750579076607 0
3529 0.5304689099098243 0.2029405812908088 0
3530 0.5634022586136143 0.1963916318960887 0
3531 -0.7010330975719619 -0.1345197572243395 0
3532 -0.7241689024385374 -0.1580258936761668 0
3533 -0.7143667171142718 -0.1887509566076898 0
3534 -0.6814287269234308 -0.1959698830873855 0
3535 -0.6582929220568553 -0.1724637466355582 0
3536 -0.6680951073811208 -0.1417386837040352 0
3537 -0.6912309122476963 -0.1652448201558624 0
3538 -0.6737976255205801 -0.0229997409256867 0
3539 -0.6413776849453964 -0.03028893448864811 0
3540 -0.6513756205028113 0.001837939969772928 0
3541 0.4985093736877438 0.2979420135325889 0
3542 0.5205121439464139 0.3230202674278955 0
3543 0.487711191091396 0.3297935448066634 0
3544 0.5420272871871205 0.2597609428954358 0
3545 0.5092669453080971 0.2663123512663591 0
3546 0.5198679276089606 0.2346264662785839 0
3547 0.4115100418093454 0.3748289499486548 0
3548 0.3789080279786602 0.3812395464378039 0
3549 0.3896160759740021 0.3496538035321865 0
3550 0.5539215772612323 -0.5012993821480434 0
3551 0.00667526681930429 -0.6915929132453825 0
3552 0.03951936295059855 -0.6984515989249533 0
3553 0.02891911855642172 -0.6668331324912646 0
3554 -0.7100648738262032 -0.10336186497337 0
3555 -0.7422324549470199 -0.09571010917422783 0
3556 -0.7332006786927787 -0.1268680014251973 0
3557 -0.696777474965638 -0.04747823849932094 0
3558 -0.6873373838355122 -0.07924592963591659 0
3559 -0.6549174432603284 -0.08653512319887799 0
3560 -0.6319375938152705 -0.06205662562524375 0
3561 -0.6643575343904543 -0.05476743206228234 0
3562 0.3648568628320349 0.8591889573026404 0
3563 0.3471387811950449 0.849798792212875 0
3564 0.3463934181778434 0.8269202248388908 0
3565 0.3633661367976319 0.8134318225546721 0
3566 0.3641114998148334 0.8363103899286564 0
3567 0.5640300574457906 0.2848391967907424 0
3568 0.5532724858254373 0.3164688590569722 0
3569 0.5312697155667672 0.2913906051616656 0
3570 -0.6967160613860611 0.5291238423502534 0
3571 -0.7005691061096353 0.5505853350828966 0
3572 -0.733648290515347 0.5030021682744845 0
3573 -0.7132556535889171 0.5053322589460474 0
3574 -0.7171086983124911 0.5267937516786906 0
3575 0.2727207650060377 0.6088538887690857 0
3576 0.2626043666754911 0.6404761401910329 0
3577 0.2406435426868754 0.6156697535229775 0
3578 0.2510537152608077 -0.712309252073725 0
3579 0.2423831320196529 -0.6801703507916067 0
3580 0.2120880022563165 -0.6737183473644347 0
3581 0.1904634557341348 -0.6994052452193812 0
3582 0.2207585854974713 -0.705857248646553 0
3583 -0.6120226143602349 -0.1244374106993597 0
3584 -0.6449599535328107 -0.117725515735936 0
3585 -0.635157768208545 -0.1484505786674589 0
3586 -0.6392725041999701 0.6170212488812863 0
3587 -0.633922784259189 0.5952901863017708 0
3588 -0.6126592455330151 0.6169140203802231 0
3589 -0.4604499770601895 -0.7119551579730113 0
3590 -0.4453750293501034 -0.7355336555105801 0
3591 -0.4289615716756766 -0.7147718688767193 0
3592 -0.3869248756494346 0.125192822143974 0
3593 -0.3972369437138869 0.1568982264664172 0
3594 -0.4195176442611105 0.1320496148526762 0
3595 -0.4878952317899571 -0.0318830990833294 0
3596 -0.4654663023970098 -0.006660924158835617 0
3597 -0.4980149335991027 6.258772826831308e-05 0
3598 -0.3426716079775946 0.1751049679173025 0
3599 -0.3751103098779669 0.1818542993530814 0
3600 -0.3647982418135146 0.1501488950306382 0
3601 -0.3856489717573834 0.2134778317053911 0
3602 -0.3637489317364276 0.2383520326219218 0
3603 -0.3964592120855683 0.2450107781435542 0
3604 -0.5281204405226603 0.1837286682646229 0
3605 -0.5501546416656993 0.1588093248347255 0
3606 -0.5175553985361232 0.1521985963489953 0
3607 -0.5274007482270968 0.2717651797576403 0
3608 -0.516743493803359 0.2402065957260803 0
3609 -0.4947079915977833 0.2650580818623567 0
3610 -0.5388410705387182 0.2153688171740953 0
3611 -0.5715959016978152 0.2220896226536704 0
3612 -0.5608752716817572 0.190449473744198 0
3613 -0.4103417546537733 0.01188203777841861 0
3614 -0.3776461363034842 0.005202824791179051 0
3615 -0.3882002328474132 0.03685742679704282 0
3616 -0.4218540385166479 -0.04469813867698424 0
3617 -0.4324457057603551 -0.01306844395566303 0
3618 -0.4548746351533025 -0.03829061888015682 0
3619 -0.7289450560864549 -0.03982648270017874 0
3620 -0.7516725460771458 -0.06394241803763219 0
3621 -0.719504964956329 -0.07159417383677438 0
3622 0.5942685977962988 0.01369758427983777 0
3623 0.6164636931195782 0.03867077483402802 0
3624 0.5837187649729292 0.04516041976251464 0
3625 0.01751464477079953 -0.7226601393385068 0
3626 0.8826987602797123 0.3535243744689545 0
3627 0.8791208401252878 0.3706991232711218 0
3628 0.858946048505739 0.3731746560844277 0
3629 0.8423491770406146 0.3584754400955665 0
3630 0.8625239686601635 0.3559999072822605 0
3631 0.6076540047407561 0.3349918641857557 0
3632 0.5750844594729201 0.3415451927544789 0
3633 0.5858420310932735 0.309915530488249 0
3634 0.9122545170340121 0.09347439651640052 0
3635 0.2252142173621294 -0.8234558522568579 0
3636 0.257366345266657 -0.8280104481245445 0
3637 0.2795870816147772 -0.8031927471134352 0
3638 0.2696556900583698 -0.7738204502346393 0
3639 0.2474349537102496 -0.7986381512457486 0
3640 -0.6538560931566751 0.5730550250866834 0
3641 -0.6791391219949423 0.5725509264511115 0
3642 -0.6752860772713681 0.5510894337184684 0
3643 -0.2663317995217798 0.5715066987604781 0
3644 -0.2537120024579214 0.5395235501430814 0
3645 -0.2332256358963892 0.5656562455239127 0
3646 0.7142344010633755 0.02013483068828822 0
3647 0.6919177417402042 -0.004492195146404601 0
3648 0.7024684598971341 -0.03464215932383036 0
3649 0.7353358373772354 -0.04016509766656329 0
3650 0.7247851192203054 -0.01001513348913754 0
3651 -0.8135874987544655 -0.2937080041290675 0
3652 -0.6219801040877526 -0.09324701816230173 0
3653 -0.1645447374937833 0.7420858252247818 0
3654 -0.1508045097926071 0.7127891955047515 0
3655 -0.1205100046376446 0.7118683038436467 0
3656 -0.1039557271838581 0.7402440419025722 0
3657 -0.1342502323388207 0.741164933563677 0
3658 0.7687934596595395 0.3641039006150037 0
3659 0.7584174396002945 0.3383684659748988 0
3660 0.8102246969565884 0.3591305944895064 0
3661 0.7946970883376864 0.3744849648723075 0
3662 0.7843210682784414 0.3487495302322026 0
3663 0.389891915530208 0.4374826878471766 0
3664 0.3680989648390915 0.4125664153870647 0
3665 0.4007009786697767 0.4061558188979156 0
3666 -0.353210269857011 0.2067285002696121 0
3667 -0.5494983249624561 0.2469274012056553 0
3668 -0.399750087410066 -0.01974765694290259 0
3669 -0.475992437104324 0.5506661529750716 0
3670 -0.5081884720696639 0.5558999328895394 0
3671 -0.5288597408781422 0.5309945476493771 0
3672 -0.5173349747212805 0.500855382494747 0
3673 -0.4851389397559406 0.4956216025802793 0
3674 -0.4644676709474623 0.5205269878204415 0
3675 -0.4966637059128022 0.5257607677349092 0
3676 -0.09166710701875987 0.8622561530081274 0
3677 0.603921057403368 -0.1923909747948847 0
3678 0.5702337332376811 -0.1869184245238676 0
3679 0.582547215940993 -0.218286200533034 0
3680 -0.6592058130974561 0.5947860876661988 0
3681 -0.7372182476684545 -0.01009860477094689 0
3682 -0.768218929241145 -0.004486662179168495 0
3683 -0.7599457376591453 -0.03421454010840035 0
3684 -0.8557159600874056 -0.1465538160421911 0
3685 -0.8780586670036779 -0.1358244878609937 0
3686 -0.8715436145923536 -0.1659901600129859 0
3687 0.3048720859755658 0.6024694499095604 0
3688 0.3269070086145472 0.6277072624719823 0
3689 0.2947556876450191 0.6340917013315076 0
3690 0.6817552086339264 -0.3758330830502788 0
3691 0.6513143994501439 -0.3705541793144768 0
3692 0.6326419519217774 -0.3956712931591314 0
3693 0.6444103135771935 -0.426067310739588 0
3694 0.6630827611055599 -0.4009501968949334 0
3695 0.6370918891023617 -0.02317134941218244 0
3696 0.6045826957876906 -0.01722347784326746 0
3697 0.6150715988943957 -0.04844720069954925 0
3698 -0.311843042925231 0.7276360156647993 0
3699 -0.2960884515076596 0.7555166113001984 0
3700 -0.3269829797842731 0.7534808634464302 0
3701 0.6130193070031251 -0.4223660577795143 0
3702 0.8280081689878865 0.2266481465457099 0
3703 0.6070682646836935 -0.6837128634419501 0
3704 0.6146943577542548 -0.7021212547960508 0
3705 0.6340742538390309 -0.7081763946933787 0
3706 0.6458280568532455 -0.6958231432366059 0
3707 0.6264481607684694 -0.689768003339278 0
3708 0.7121021296968971 0.3179015327622067 0
3709 0.6761628398527447 0.3231700341896196 0
3710 0.6878561010224882 0.2918670251389379 0
3711 0.7437571723351948 -0.2964822209881131 0
3712 0.7115172312844708 -0.2919719090555055 0
3713 0.6902501994284008 -0.3186783936772921 0
3714 0.7012231086230548 -0.3498951902316865 0
3715 0.7224901404791249 -0.3231887056098998 0
3716 -0.7954685022261493 -0.4839350795404184 0
3717 -0.8020778568467459 -0.4980153051509664 0
3718 -0.7758888016398213 -0.4978866845071782 0
3719 -0.2878989132955464 0.5463443379685979 0
3720 -0.5608730906210281 0.5375170088171567 0
3721 -0.5813616742070523 0.513900304830306 0
3722 -0.5698369080501907 0.483761139675676 0
3723 -0.5378235583073048 0.4772386785078965 0
3724 -0.5493483244641665 0.5073778436625266 0
3725 0.3150361574755299 0.5707928703334549 0
3726 0.3472351516144755 0.5643541033197712 0
3727 0.3370710801145114 0.5960306828958767 0
3728 0.5925650008113946 -0.1614187247206501 0
3729 -0.4686802312485645 0.6050432331413274 0
3730 -0.4562383166937743 0.5752378031009656 0
3731 -0.4359876694473344 0.600685490975906 0
3732 0.7255798741574286 -0.09504102210201702 0
3733 0.7468915445073826 -0.07036452905565663 0
3734 0.7140241670272813 -0.0648415907129237 0
3735 0.6483933110032245 -0.5644421697852855 0
3736 0.8982244145288149 -0.3275605317605556 0
3737 0.9060075754593951 -0.3151550905286476 0
3738 0.8732766856044426 -0.3023309133710226 0
3739 0.8818589696013386 -0.3211484431817431 0
3740 0.8896421305319188 -0.3087430019498351 0
3741 0.6489728864342493 0.03272290326511303 0
3742 0.659286984425641 0.001801841142007807 0
3743 0.6816036437488123 0.02642886697670063 0
3744 0.4441310328854942 0.544922814867969 0
3745 0.4117825893194577 0.5514190755870282 0
3746 0.3901843859093889 0.5260765443064878 0
3747 0.4009346260653567 0.4942377523068882 0
3748 0.4225328294754255 0.5195802835874284 0
3749 0.2017759075710532 -0.6419946203108934 0
3750 0.1698392663636082 -0.6359577911122983 0
3751 0.1801513610488715 -0.6676815181658396 0
3752 0.2136045602646464 -0.5856644653827047 0
3753 0.2236585545215723 -0.6168479574460966 0
3754 0.247823851290737 -0.5900504552542578 0
3755 0.3792230531968047 0.4690045064892718 0
3756 0.3467612401722848 0.4756100526712553 0
3757 0.3574301025056881 0.44408823402916 0
3758 0.4177752340285987 -0.5601991256116411 0
3759 0.4341688139858093 -0.5822209060306757 0
3760 0.4666716046175786 -0.5784510672216535 0
3761 0.4827808152921376 -0.5526594479935968 0
3762 0.4502780246603681 -0.5564292868026189 0
3763 0.680660986713726 0.3785941471451844 0
3764 0.6604422683611592 0.3535163413811084 0
3765 0.7323208480494641 0.3429793385262827 0
3766 0.7166002765578785 0.3733256457177714 0
3767 0.6963815582053116 0.3482478399536955 0
3768 -0.5484388567229704 0.4218522245724231 0
3769 -0.5271245326436947 0.4462842209562701 0
3770 -0.5591378823865806 0.4528066821240495 0
3771 0.7748990988783117 -0.1278110988317939 0
3772 0.7395836513428931 -0.1237643069900856 0
3773 0.7510555871758163 -0.1544253399533078 0
3774 0.7530728881679539 0.3944502078064925 0
3775 0.7269762966171234 0.3990610803578764 0
3776 0.7426968681087089 0.3687147731663876 0
3777 0.3327403165496209 -0.705401216845662 0
3778 0.3420964159414233 -0.7369463069128462 0
3779 0.3720109204475599 -0.7425078950428881 0
3780 0.3925693255618942 -0.7165243931057456 0
3781 0.3832132261700917 -0.6849793030385614 0
3782 0.3532987216639551 -0.6794177149085197 0
3783 0.3626548210557574 -0.7109628049757039 0
3784 -0.4627866909126709 -0.5439613685161677 0
3785 -0.4798781850980192 -0.5688670453819892 0
3786 -0.4687453936349221 -0.5997005924967221 0
3787 -0.4405211079864769 -0.6056284627456336 0
3788 -0.4516538994495739 -0.5747949156309005 0
3789 0.4651069876709518 0.570375766814455 0
3790 0.4537344988903727 0.6023249794800002 0
3791 0.4327585441049153 0.5768720275335142 0
3792 -0.4962779379201004 -0.5192511625547037 0
3793 -0.4709865673237115 -0.519153427102525 0
3794 -0.4888508703147396 -0.4891413714860159 0
3795 -0.006365175359509345 -0.8713808029141228 0
3796 0.6302711504474394 0.3590283546942526 0
3797 0.6203187508862867 0.3896181737714726 0
3798 0.5977016051796034 0.3655816832629757 0
3799 0.2059242063608103 0.7883215990603264 0
3800 0.1947393795847245 0.8133794361673121 0
3801 0.1597441843886643 0.8200414704604509 0
3802 0.1359338159686899 0.8016456676466042 0
3803 0.17092901116475 0.7949836333534652 0
3804 0.4727541503626552 0.6285008800847424 0
3805 0.5031462906155167 0.6227275680239391 0
3806 0.4944282764426924 0.651078601363336 0
3807 0.3379328440811243 -0.5578184103535171 0
3808 0.3696572490762563 -0.5479978777730619 0
3809 0.3830134561569307 -0.5192717207549706 0
3810 0.364645258242473 -0.5003660963173349 0
3811 0.3329208532473411 -0.5101866288977901 0
3812 0.3195646461666667 -0.5389127859158813 0
3813 0.3512890511617986 -0.5290922533354259 0
3814 -0.1265889430489802 -0.7522542555867954 0
3815 -0.1588893120950867 -0.7461774439540134 0
3816 -0.1483722664629966 -0.7738417960023416 0
3817 -0.6303254732265341 -0.408927670256726 0
3818 -0.6527537986601301 -0.4303719332014746 0
3819 -0.6233542106009464 -0.4406865251069012 0
3820 -0.6877792326266073 0.3978310443682676 0
3821 -0.7114115872325681 0.3751597636359217 0
3822 -0.6782589355692064 0.3660261516047814 0
3823 -0.1367490116172265 -0.7214064704016496 0
3824 0.6707822994392724 -0.3446162864958845 0
3825 -0.7282036502153962 -0.2419909436293897 0
3826 -0.7377541787602545 -0.211761486878692 0
3827 -0.7578088240642232 -0.2334669637718998 0
3828 -0.1967107614592354 0.7445656921320886 0
3829 -0.2151365577235114 0.7177489293193648 0
3830 -0.1829705337580592 0.7152690624120581 0
3831 -0.2647433580559879 0.7525755267926121 0
3832 -0.2491528560218876 0.7217538466496266 0
3833 -0.2307270597576116 0.7485706094623502 0
3834 -0.4730253425774479 0.4644650957328575 0
3835 -0.4402404765904768 0.4582139741255981 0
3836 -0.4523540737689696 0.4893704809730198 0
3837 -0.4944139033808451 0.4398323237686517 0
3838 -0.4830175981972711 0.4089484301971863 0
3839 -0.461629037393874 0.4335812021613922 0
3840 0.4819032078391619 -0.6083305036270065 0
3841 0.5132440217353041 -0.6124183208043028 0
3842 0.4980124185137209 -0.5825388843989497 0
3843 -0.7473421609988884 0.02153876870660714 0
3844 0.4017936888939896 0.7547493510582677 0
3845 0.391066272155705 0.7773463856643605 0
3846 0.3587112120404321 0.7847483853290865 0
3847 0.3370835686634439 0.7695533503877197 0
3848 0.3694386287787167 0.7621513507229936 0
3849 -0.7048161885694134 -0.2189804133583876 0
3850 -0.588117778861266 -0.3039827645942405 0
3851 -0.5562940618881203 -0.3131658515497951 0
3852 -0.5648837484187843 -0.2812128942647421 0
3853 0.3577225728848691 0.5326820904884713 0
3854 0.336011000016317 0.5074488446708549 0
3855 0.3684728130408368 0.5008432984888715 0
3856 0.6902352720227125 0.6159824800649114 0
3857 0.6917394515755909 0.6380026439112165 0
3858 0.6772849206128694 0.6549333026015959 0
3859 0.6613262100972694 0.6498437974456701 0
3860 0.6598220305443909 0.6278236335993651 0
3861 0.6742765615071125 0.6108929749089858 0
3862 0.675780741059991 0.6329131387552908 0
3863 0.2809442713872478 -0.7209174778300549 0
3864 0.3021642442725331 -0.6973868023042663 0
3865 0.272273688146093 -0.6887785765479364 0
3866 0.3101631538918649 -0.811207161654831 0
3867 0.3308078346125453 -0.7898492793174307 0
3868 0.3208764430561379 -0.7604769824386347 0
3869 0.2903003707790502 -0.7524625678972391 0
3870 0.3002317623354575 -0.7818348647760349 0
3871 -0.730337409311788 -0.3219333410718266 0
3872 0.6267777911109699 0.007749712710922792 0
3873 0.08710731934323193 -0.8451102999678258 0
3874 -0.3490877934177618 -0.7048799436300045 0
3875 -0.3171158782187867 -0.712933094113442 0
3876 -0.3281938197956987 -0.6813986968308928 0
3877 0.1917219133141273 -0.6108111282475015 0
3878 -0.5902692763821628 0.5416588124565725 0
3879 -0.3389208195913049 -0.7317095371355389 0
3880 -0.05662854442936573 0.7639717929273371 0
3881 -0.02585563912865974 0.7593238058931765 0
3882 -0.01118967585185827 0.7825715974665463 0
3883 -0.0272966178757628 0.8104673760740766 0
3884 -0.04196258115256427 0.7872195845007068 0
3885 -0.5206303866244542 0.5857053629299013 0
3886 -0.5008762662139045 0.6102770130557952 0
3887 -0.5287630336594147 0.6114710006477695 0
3888 -0.5157282274601209 0.4154003273848047 0
3889 -0.3256655207920761 0.8819808183330616 0
3890 -0.3068423318585003 0.8709082410257951 0
3891 -0.3154820958637216 0.9050683285399768 0
3892 -0.3299854027946867 0.8990608620901525 0
3893 -0.3111622138611109 0.8879882847828859 0
3894 0.1687210852234668 -0.9206056114355992 0
3895 0.1763417290963564 -0.903756330071416 0
3896 0.1550584735507978 -0.9018641312703212 0
3897 0.9447772888195228 -0.144502421829888 0
3898 0.9507045604868717 -0.1311514188553271 0
3899 0.9381496877961839 -0.1140838789583567 0
3900 0.9196675434381472 -0.1103673420359473 0
3901 0.9137402717707983 -0.1237183450105083 0
3902 0.9262951444614862 -0.1407858849074786 0
3903 0.9322224161288348 -0.1274348819329176 0
3904 0.3255235787459235 0.539120857502155 0
3905 0.8489442456290303 0.1423266388654026 0
3906 -0.5121368096807832 0.7309741712246832 0
3907 -0.4991164544542652 0.7487909827590652 0
3908 -0.5052711809993519 0.7708903228248983 0
3909 -0.5244462627709566 0.7751728513563495 0
3910 -0.5182915362258699 0.7530735112905165 0
3911 0.4066720460870417 -0.4527525621230952 0
3912 0.3764745532075285 -0.467106517001397 0
3913 0.3948427511219861 -0.4860121414390329 0
3914 -0.6815438267421978 -0.4214411707534554 0
3915 -0.6879055293906696 -0.3910661453606876 0
3916 -0.7102619495305129 -0.4111450731693923 0
3917 0.881289619588736 -0.1897093690866712 0
3918 0.8828388753905752 -0.2084148106288115 0
3919 0.8996752889090013 -0.220368494070584 0
3920 0.9149624466255883 -0.2136167359702162 0
3921 0.8981260331071621 -0.2016630525284437 0
3922 0.7313194716419701 -0.2667182480272208 0
3923 -0.487523208613616 0.8213056159131137 0
3924 -0.5018315410420919 0.8178246480485818 0
3925 -0.5061252820562944 0.7984317182205157 0
3926 -0.4961106906420208 0.7825197562569813 0
3927 -0.4818023582135448 0.7860007241215132 0
3928 -0.4775086171993425 0.8053936539495793 0
3929 -0.4918169496278184 0.8019126860850476 0
3930 0.6094516421060397 0.6607113159948289 0
3931 0.6274095708438546 0.6527328041422866 0
3932 0.6498818713823241 0.6610387747108913 0
3933 0.654396243182979 0.6773232571320383 0
3934 0.6319239426445094 0.6690172865634335 0
3935 -0.791081595653513 -0.3751284233336151 0
3936 -0.8623215043128221 -0.1172532774974455 0
3937 0.8055628761264614 -0.2951661498005813 0
3938 0.8351286388670039 -0.2893397666804418 0
3939 0.850632798422378 -0.261777954704179 0
3940 0.8365711952372095 -0.2400425258480557 0
3941 0.8210670356818354 -0.2676043378243185 0
3942 0.7608953216928472 -0.09908781394372525 0
3943 -0.8285635538382771 0.4559617219377633 0
3944 -0.8409763703249618 0.4432770527067909 0
3945 -0.8234308212443655 0.4353659089304495 0
3946 0.6315286874380229 0.4397109857774169 0
3947 0.6526910235509119 0.4592139787061412 0
3948 0.6444880216630271 0.4906215126766131 0
3949 0.6151226836622532 0.5025260537183608 0
3950 0.6233256855501379 0.4711185197478888 0
3951 0.419836580466836 -0.7936206992348462 0
3952 0.4069821136554984 -0.8063177317328412 0
3953 0.4062065787946391 -0.831005609865492 0
3954 0.4182855107451174 -0.8429964555001479 0
3955 0.4190610456059767 -0.8183085773674971 0
3956 -0.5841029961807747 -0.3348773411520043 0
3957 -0.432990142741131 0.7636175781240756 0
3958 -0.4306583592529192 0.74002011533931 0
3959 -0.4122219823046596 0.7603092189458929 0
3960 0.1597142892040841 0.8488086812726136 0
3961 0.1358740255995295 0.8591800892709291 0
3962 0.1359039207841097 0.8304128784587668 0
3963 -0.7377817957546423 0.3827244426497088 0
3964 -0.7405196496707555 0.412960402395842 0
3965 -0.7788496736594149 0.3887354623990548 0
3966 -0.7569468077489719 0.3706119726513152 0
3967 -0.7596846616650852 0.4008479323974483 0
3968 0.08687646485023374 0.6454994456203224 0
3969 0.08095150462303771 0.6725593797783543 0
3970 0.05864841677348434 0.6564419343595362 0
3971 0.1024087970418395 0.696567674906903 0
3972 0.1297910496878374 0.6935160358774197 0
3973 0.1147744314261308 0.7244445252056932 0
3974 0.4841266391432343 0.596551667419197 0
3975 0.6707085871525733 0.4091839662224044 0
3976 0.6405374692388536 0.4146959795355485 0
3977 0.6504898688000065 0.3841061604583285 0
3978 0.3785320259815417 -0.7726354868989708 0
3979 0.4056115366298576 -0.776779576817911 0
3980 0.4261699417441919 -0.7507960748807686 0
3981 0.4196488362102101 -0.7206684830246859 0
3982 0.3990904310958758 -0.7466519849618283 0
3983 -0.2804979494735593 0.7246949311572131 0
3984 -0.5133694321054486 -0.5441568394205253 0
3985 -0.505169555694408 -0.568964780834168 0
3986 -0.4880780615090597 -0.5440591039683464 0
3987 0.602561220455891 0.7249873445476767 0
3988 0.5863356952434132 0.7250327736114293 0
3989 0.5934635430225097 0.7062366486688256 0
3990 -0.4884343516591141 0.5804715830154333 0
3991 0.22616463246448 -0.9286914896293332 0
3992 0.2409447468960835 -0.9285844767476988 0
3993 0.2276931727939727 -0.89341235372287 0
3994 0.2195388454134246 -0.9111054281169189 0
3995 0.234318959845028 -0.9109984152352844 0
3996 0.370156834798565 0.8774560936035002 0
3997 0.3577387251281051 0.8863330648145944 0
3998 0.3524387531615749 0.8680659285137347 0
3999 0.3304499217196247 -0.583389694790873 0
4000 0.354691404353257 -0.5991404466477734 0
4001 0.386415809348389 -0.5893199140673182 0
4002 0.3938987317098886 -0.5637486296299623 0
4003 0.3621743267147567 -0.5735691622104175 0
4004 0.9567225133640133 -0.102062100658861 0
4005 0.9568131945738059 -0.08632378543695583 0
4006 0.9383310502157692 -0.08260724851454644 0
4007 0.9197582246479399 -0.09462902681404217 0
4008 0.9382403690059765 -0.09834556373645154 0
4009 -0.7141494411486814 0.4053957233820548 0
4010 0.2347050613607779 0.8317676927846691 0
4011 0.2091298070847083 0.8351024830294835 0
4012 0.2203146338607941 0.8100446459224977 0
4013 0.873079920191034 -0.04929031414514307 0
4014 0.8928772380791197 -0.04816419253132361 0
4015 0.9090050191300436 -0.03154201304991831 0
4016 0.9053354822928819 -0.01604595518233248 0
4017 0.8892077012419578 -0.03266813466373778 0
4018 0.7426066676531931 0.4424264273836108 0
4019 0.721743186359743 0.4230491901464355 0
4020 0.773936369461404 0.4138274450436678 0
4021 0.7687032592040235 0.4378155548322269 0
4022 0.7478397779105734 0.4184383175950516 0
4023 0.4256059517651588 -0.6617748229289722 0
4024 0.4380841728540893 -0.6330087546893413 0
4025 0.4266858916243096 -0.6077921904680315 0
4026 0.4028093893055995 -0.6113416944863528 0
4027 0.390331168216669 -0.6401077627259837 0
4028 0.4017294494464487 -0.6653243269472935 0
4029 0.4142076705353792 -0.6365582587076624 0
4030 -0.6591155013086016 -0.3999969078087068 0
4031 0.3115203436643355 -0.7289318923714504 0
4032 0.3379229390853304 -0.4289031693785617 0
4033 0.3420999997066729 -0.4551818206291304 0
4034 0.3722974925861859 -0.4408278657508283 0
4035 0.3196233332242632 -0.4798022090071109 0
4036 0.2929696061205111 -0.4781439461345228 0
4037 0.3062671261435889 -0.508528366025202 0
4038 -0.6448903355754948 -0.5660080418339021 0
4039 -0.6401981684315043 -0.5956669780438414 0
4040 -0.6137884786541397 -0.6086694036383423 0
4041 -0.5920709560207652 -0.5920128930229042 0
4042 -0.6184806457981299 -0.579010467428403 0
4043 0.9065919266730603 -0.1451693858208393 0
4044 -0.3455984728159856 0.8752985524327925 0
4045 -0.3467082359063192 0.8575437092252569 0
4046 -0.3267752838824097 0.864225975125526 0
4047 -0.3132490608562065 -0.8561157476883045 0
4048 -0.2946400355412976 -0.861779337400295 0
4049 -0.2704354975100535 -0.8486604197097308 0
4050 -0.2648399847937182 -0.8298779123071763 0
4051 -0.2890445228249623 -0.8429968299977404 0
4052 0.7025230830703759 0.6058970258204207 0
4053 0.7163150736709178 0.617831735422235 0
4054 0.7178192532237964 0.63985189926854 0
4055 0.7055314421761328 0.6499373535130308 0
4056 0.7040272626232544 0.6279171896667257 0
4057 0.6074807888760297 0.6193335537304223 0
4058 0.5994872511221273 0.6440116907888966 0
4059 0.5801688236221783 0.6267665001608184 0
4060 0.3507662213705408 -0.8118197640061557 0
4061 0.3511093683518833 -0.7901555804930931 0
4062 0.3304646876312029 -0.8115134628304934 0
4063 0.8564044115488084 -0.3416371256587937 0
4064 0.8734228325735215 -0.3408015493256286 0
4065 0.8562582645797294 -0.3031664897041877 0
4066 0.8478221275519123 -0.3228195958480733 0
4067 0.8648405485766254 -0.3219840195149081 0
4068 -0.7300538158970442 0.483843596454169 0
4069 0.4624969928796593 -0.7142524425814544 0
4070 0.4378123617779439 -0.7023966668750288 0
4071 0.4443334673119256 -0.7325242587311116 0
4072 -0.6088030372837813 -0.6333211466518461 0
4073 -0.5821000732800485 -0.6413163790499118 0
4074 -0.5603825506466742 -0.6246598684344735 0
4075 -0.5653679920170325 -0.6000081254209697 0
4076 -0.5870855146504068 -0.616664636036408 0
4077 -0.6000147407208754 -0.6504452464383434 0
4078 -0.4355578321774544 0.8378075641213243 0
4079 -0.4543863541812972 0.8312970739494849 0
4080 -0.460583892866541 0.8122627361547107 0
4081 -0.447952909547942 0.799738888531776 0
4082 -0.4417553708626981 0.81877322632655 0
4083 -0.525300363827899 0.8027142467519669 0
4084 -0.5344608541852301 0.7910848133198839 0
4085 -0.5152857724136254 0.7868022847884325 0
4086 0.3417384934206437 0.7982367876133052 0
4087 0.9558319816847277 0.04055700507828265 0
4088 0.9583496941749079 0.05499296069594867 0
4089 0.9262395916132009 0.04754731848942846 0
4090 0.9397769304038742 0.03683418397502256 0
4091 0.9422946428940544 0.05127013959268856 0
4092 0.9421607691781342 -0.06273633711586853 0
4093 0.9274176625726698 -0.05488720401668633 0
4094 0.9088448370048404 -0.06690898231618206 0
4095 0.9050151180424755 -0.08677989371485997 0
4096 0.9235879436103047 -0.07475811541536423 0
4097 0.1787352308045586 0.8596386250903345 0
4098 0.1739159088004785 0.8808399769063711 0
4099 0.154894967200004 0.8700100330886502 0
4100 -0.502148986272289 -0.6753549774396209 0
4101 -0.5287730477743023 -0.6623332944437991 0
4102 -0.5301956580970258 -0.7089563738673262 0
4103 -0.5028602914336507 -0.6986665171513845 0
4104 -0.5294843529356641 -0.6856448341555627 0
4105 0.01065469427845786 0.8444689863913292 0
4106 -0.01637443281060474 0.8414160705364682 0
4107 -0.0002674907867002063 0.8135202919289377 0
4108 -0.07765449764539284 0.7419758895421774 0
4109 -0.06790754556071395 0.7153319991228571 0
4110 -0.04688159234468684 0.7373279025080168 0
4111 -0.9226386898079043 0.08839728811107274 0
4112 -0.9346950429939055 0.1014180824064004 0
4113 -0.9511870030529055 0.1006761601180304 0
4114 -0.9556226099259042 0.08691344353433286 0
4115 -0.9391306498669042 0.08765536582270281 0
4116 0.7024857300744931 0.6914121244695672 0
4117 0.6978646806014813 0.6757174661135443 0
4118 0.7091461287144273 0.6638681906608098 0
4119 0.7250486263003852 0.6677135735640981 0
4120 0.7138964394973284 0.6796859160200064 0
4121 -0.6914121244695672 0.7024857300744931 0
4122 -0.6757174661135443 0.6978646806014813 0
4123 -0.6638681906608098 0.7091461287144273 0
4124 -0.6677135735640981 0.7250486263003852 0
4125 -0.6796859160200064 0.7138964394973284 0
4126 -0.7024857300744931 -0.6914121244695672 0
4127 -0.6978646806014813 -0.6757174661135443 0
4128 -0.7091461287144273 -0.6638681906608098 0
4129 -0.7250486263003852 -0.6677135735640981 0
4130 -0.7138964394973284 -0.6796859160200064 0
4131 0.6905984751728801 -0.699227816958281 0
4132 0.67409016752017 -0.691348854369057 0
4133 0.6622408920674355 -0.702630302482003 0
4134 0.666899924267411 -0.7217907131841731 0
4135 0.6788722667233192 -0.7106385263811161 0
4136 0.7668733086484227 0.6192271434707983 0
4137 0.7607361652242297 0.604061001205934 0
4138 0.7708018579918315 0.5911630079549314 0
4139 0.7870046941836265 0.593431156968793 0
4140 0.7770797029727081 0.6064389547989771 0
4141 -0.6174497987567664 0.7657940491606197 0
4142 -0.6005063117778702 0.7585776462486237 0
4143 -0.5876083185268676 0.7686433390162255 0
4144 -0.5916538122547611 0.7859254346958234 0
4145 -0.6046616100849452 0.776000443484905 0
4146 -0.7668733086484227 -0.6192271434707983 0
4147 -0.7607361652242297 -0.604061001205934 0
4148 -0.7708018579918315 -0.5911630079549314 0
4149 -0.7870046941836265 -0.593431156968793 0
4150 -0.7770797029727081 -0.6064389547989771 0
4151 0.6192271434707983 -0.7668733086484227 0
4152 0.604061001205934 -0.7607361652242297 0
4153 0.5911630079549314 -0.7708018579918315 0
4154 0.593431156968793 -0.7870046941836265 0
4155 0.6064389547989771 -0.7770797029727081 0
4156 0.8238754780619645 0.5410786665413749 0
4157 0.8162813447646536 0.5265870986514447 0
4158 0.8250343440497062 0.5127646023424479 0
4159 0.8413814766320696 0.5134336739233814 0
4160 0.8327792641224205 0.5273516549012487 0
4161 -0.5424267807777261 0.8257609676342003 0
4162 -0.5292833271241469 0.8200523239091252 0
4163 -0.5154608308151502 0.8288053231941778 0
4164 -0.5147817881597325 0.8432669662043054 0
4165 -0.5286997691375999 0.8346647536946563 0
4166 -0.8238754780619645 -0.5410786665413749 0
4167 -0.8162813447646536 -0.5265870986514447 0
4168 -0.8250343440497062 -0.5127646023424479 0
4169 -0.8413814766320696 -0.5134336739233814 0
4170 -0.8327792641224205 -0.5273516549012487 0
4171 0.5398088098821567 -0.8186534692029469 0
4172 0.5240473853330084 -0.8058373270466184 0
4173 0.5102248890240116 -0.8145903263316709 0
4174 0.5121638172641632 -0.8361594677730521 0
4175 0.5260817982420306 -0.8275572552634031 0
4176 0.911345248196577 0.3672388308300132 0
4177 0.898810964315357 0.3517942282484003 0
4178 0.9046991419091421 0.3365297018769818 0
4179 0.9231216033841474 0.3367097780871763 0
4180 0.9173999433750966 0.3520385373754301 0
4181 -0.3699518588496348 0.9136041532653075 0
4182 -0.3572202842876434 0.9033287744528179 0
4183 -0.3419557579162248 0.909216952046603 0
4184 -0.3394228061067978 0.9253805084528779 0
4185 -0.3547515653950516 0.9196588484438271 0
4186 -0.9136041532653075 -0.3699518588496348 0
4187 -0.9033287744528179 -0.3572202842876434 0
4188 -0.909216952046603 -0.3419557579162248 0
4189 -0.9253805084528779 -0.3394228061067978 0
4190 -0.9196588484438271 -0.3547515653950516 0
4191 0.3686607155374676 -0.9112232169390816 0
4192 0.3546379976633091 -0.898566901800366 0
4193 0.3393734712918905 -0.9044550793941512 0
4194 0.3381316627946306 -0.922999572126652 0
4195 0.3534604220828845 -0.917277912117601 0
4196 0.9648577377199108 0.184035018154908 0
4197 0.9489301951370134 0.1729797137888317 0
4198 0.9517272716734858 0.1568597645517239 0
4199 0.9704518907928557 0.1517951196806925 0
4200 0.9678306634719455 0.1679455816524243 0
4201 -0.1846080085665185 0.968223533029772 0
4202 -0.1741256946120528 0.9556617857567358 0
4203 -0.1580057453749451 0.9584588622932082 0
4204 -0.152368110092303 0.9738176861027169 0
4205 -0.1685185720640349 0.9711964587818067 0
4206 -0.968223533029772 -0.1846080085665185 0
4207 -0.9556617857567358 -0.1741256946120528 0
4208 -0.9584588622932082 -0.1580057453749451 0
4209 -0.9738176861027169 -0.152368110092303 0
4210 -0.9711964587818067 -0.1685185720640349 0
4211 0.1837603621308486 -0.9663418178017997 0
4212 0.1724304017407129 -0.951898355300791 0
4213 0.1563104525036051 -0.9546954318372635 0
4214 0.151520463656633 -0.9719359708747446 0
4215 0.1676709256283649 -0.9693147435538341 0
4216 0.9419608561574311 0.2770611758662339 0
4217 0.9269813768147002 0.2638376737130491 0
4218 0.9313450159930698 0.2480695078862822 0
4219 0.9506881345141704 0.2455248442126999 0
4220 0.946496507019258 0.2613406120804611 0
4221 -0.2753912899787296 0.9413159541328203 0
4222 -0.2604979019380407 0.9256915727654788 0
4223 -0.2447297361112738 0.9300552119438484 0
4224 -0.2438549583251957 0.9500432324895597 0
4225 -0.2596707261929569 0.9458516049946473 0
4226 -0.9454665229127158 -0.2786215727247382 0
4227 -0.9339927103252698 -0.2669584674300579 0
4228 -0.9383563495036394 -0.2511903016032909 0
4229 -0.9541938012694552 -0.2470852410712043 0
4230 -0.950002173774543 -0.2629010089389655 0
4231 0.2787647391221747 -0.9474527116221294 0
4232 0.2672448002249308 -0.9379650877440968 0
4233 0.2514766343981639 -0.9423287269224665 0
4234 0.2472284074686407 -0.9561799899788688 0
4235 0.263044175336402 -0.9519883624839562 0
4236 0.8732157205438583 0.4577711171038329 0
4237 0.86451017740346 0.4441454961392272 0
4238 0.8718661870346038 0.4295316149778095 0
4239 0.8879277398061457 0.4285433547809975 0
4240 0.8807311500026132 0.4432374811421966 0
4241 -0.4531742621034963 0.8693868605538922 0
4242 -0.4349517861385539 0.856852457423528 0
4243 -0.4203379049771362 0.8642084670546717 0
4244 -0.4239464997806609 0.8840988798161797 0
4245 -0.4386406261418599 0.8769022900126471 0
4246 -0.8675805839675247 -0.4590964834383232 0
4247 -0.8532399042507928 -0.4467962288082076 0
4248 -0.8605959138819366 -0.4321823476467899 0
4249 -0.8822926032298121 -0.4298687211154877 0
4250 -0.8750960134262796 -0.4445628474766868 0
4251 0.457719306277491 -0.8729432761677722 0
4252 0.4440418744865433 -0.8639652886512881 0
4253 0.4294279933251257 -0.8713212982824318 0
4254 0.4284915439546556 -0.8876552954300597 0
4255 0.4431856703158547 -0.8804587056265272 0
4256 0.9837456199883646 0.08848773247447203 0
4257 0.9723065133267264 0.07895832439404336 0
4258 0.973510089843186 0.06264183569084093 0
4259 0.9861527730212838 0.05585475506806719 0
4260 0.9851271897291098 0.07218437333990194 0
4261 -0.0888165683646471 0.9816560211906975 0
4262 -0.07961599617439349 0.9681273157313921 0
4263 -0.06329950747119106 0.9693308922478517 0
4264 -0.05618359095824225 0.9840631742236167 0
4265 -0.07251320923007701 0.9830375909314427 0
4266 -0.9816560211906975 -0.0888165683646471 0
4267 -0.9681273157313921 -0.07961599617439349 0
4268 -0.9693308922478517 -0.06329950747119106 0
4269 -0.9840631742236167 -0.05618359095824225 0
4270 -0.9830375909314427 -0.07251320923007701 0
4271 0.08666816785548287 -0.9757934310187362 0
4272 0.07531919515606503 -0.9564021353874695 0
4273 0.0590027064528626 -0.9576057119039292 0
4274 0.05403519044907802 -0.9782005840516553 0
4275 0.07036480872091277 -0.9771750007594815 0
4276 0.5508970710053096 0.8116550122520216 0
4277 0.5462239103822359 0.7918404112719152 0
4278 0.5596002675263879 0.7824197177086684 0
4279 0.5776497852936133 0.7928136251255281 0
4280 0.5643761965666727 0.8023802386166038 0
4281 -0.8151750013641031 0.5540998502608331 0
4282 -0.7988803894960781 0.5526294688932831 0
4283 -0.7894596959328314 0.566005826037435 0
4284 -0.7963336142376095 0.5808525645491369 0
4285 -0.8059002277286853 0.5675789758221961 0
4286 -0.5533244531775418 -0.8146269771082582 0
4287 -0.5510786747267004 -0.7977843409843882 0
4288 -0.5644550318708522 -0.7883636474211414 0
4289 -0.5800771674658456 -0.7957855899817646 0
4290 -0.566803578738905 -0.8053522034728403 0
4291 0.8121417890957169 -0.5518094951132609 0
4292 0.7928139649593057 -0.5480487585981386 0
4293 0.7833932713960589 -0.5614251157422906 0
4294 0.7933004019692234 -0.5785622094015647 0
4295 0.802867015460299 -0.565288620674624 0
4296 0.1999583610955014 0.9651099547525686 0
4297 0.2048264007750077 0.9494346289825326 0
4298 0.2207896866993774 0.9458499532661417 0
4299 0.2318849329442408 0.9579406033197867 0
4300 0.2159607515128326 0.9616994192426003 0
4301 -0.9600310356200125 0.1991928823773167 0
4302 -0.9392767907174205 0.2032954433386383 0
4303 -0.9356921150010297 0.219258729263008 0
4304 -0.9528616841872306 0.2311194542260561 0
4305 -0.9566205001100443 0.2151952727946478 0
4306 -0.1999675441459659 -0.9651683315372062 0
4307 -0.2048447668759367 -0.949551382551808 0
4308 -0.2208080528003064 -0.9459667068354171 0
4309 -0.2318941159947053 -0.9579989801044244 0
4310 -0.2159699345632971 -0.9617577960272381 0
4311 0.9639400551291281 -0.1990152069006128 0
4312 0.9470948297356516 -0.2029400923852306 0
4313 0.9435101540192607 -0.2189033783096003 0
4314 0.9567707036963462 -0.2309417787493522 0
4315 0.9605295196191599 -0.215017597317944 0
4316 0.9851884277917535 -0.00780823723321627 0
4317 0.9703768555835072 -0.01561647446643254 0
4318 0.9699753409872605 -0.03197236586760051 0
4319 0.9843853985992601 -0.04052002003555222 0
4320 0.9849653362548539 -0.02416850867470792 0
4321 0.007808237233216253 0.9851884277917535 0
4322 0.01561647446643251 0.9703768555835071 0
4323 0.03197236586760048 0.9699753409872603 0
4324 0.0405200200355522 0.9843853985992601 0
4325 0.0241685086747079 0.9849653362548542 0
4326 -0.9829923894266309 0.009617816666896669 0
4327 -0.9659847788532617 0.01923563333379334 0
4328 -0.965583264257015 0.03559152473496131 0
4329 -0.9821893602341375 0.04232959946923262 0
4330 -0.9827692978897313 0.02597808810838832 0
4331 -0.007830223860425988 -0.9856346252543353 0
4332 -0.01566044772085198 -0.9712692505086706 0
4333 -0.03201633912201995 -0.9708677359124239 0
4334 -0.04054200666276193 -0.9848315960618419 0
4335 -0.02419049530191764 -0.9854115337174358 0
4336 0.3826472689817612 0.9054460627828613 0
4337 0.3826111067253931 0.8870125925876337 0
4338 0.3975683270479981 0.880382512829108 0
4339 0.4125617096269714 0.8921859032658098 0
4340 0.3976768154717333 0.898979148272932 0
4341 -0.9039637214490936 0.3812905362692603 0
4342 -0.8840479099200983 0.3798976413003912 0
4343 -0.8774178301615726 0.3948548616229962 0
4344 -0.8907035619320421 0.4112049769144704 0
4345 -0.8974968069391643 0.3963200827592323 0
4346 -0.3844202238994317 -0.9076111603294493 0
4347 -0.3861570165607339 -0.8913427876808095 0
4348 -0.401114236883339 -0.8847127079222838 0
4349 -0.4143346645446418 -0.8943510008123978 0
4350 -0.3994497703894038 -0.9011442458195199 0
4351 0.9076111603294493 -0.3844202238994317 0
4352 0.8913427876808095 -0.3861570165607339 0
4353 0.8847127079222838 -0.401114236883339 0
4354 0.8943510008123978 -0.4143346645446418 0
4355 0.9011442458195199 -0.3994497703894038 0
4356 0.471320052914542 0.8651669738968036 0
4357 0.4712433703029892 0.8484126827504396 0
4358 0.485478706065121 0.8403484646786673 0
4359 0.4997907244388056 0.8490385377532591 0
4360 0.4856433595700531 0.8572580461813191 0
4361 -0.8599977558126425 0.4704799540736418 0
4362 -0.8380742465821174 0.4695631726211888 0
4363 -0.8300100285103451 0.4837985083833206 0
4364 -0.843869319669098 0.4989506255979054 0
4365 -0.852088828097158 0.4848032607291529 0
4366 -0.4703445159791441 -0.8611792565491856 0
4367 -0.4692922964321934 -0.8404372480552035 0
4368 -0.4835276321943252 -0.8323730299834312 0
4369 -0.4988151875034076 -0.8450508204056411 0
4370 -0.4846678226346552 -0.853270328833701 0
4371 0.8625847366046541 -0.470257663418818 0
4372 0.8432482081661407 -0.4691185913115413 0
4373 0.8351839900943684 -0.483353927073673 0
4374 0.8464563004611095 -0.4987283349430816 0
4375 0.8546758088891697 -0.4845809700743292 0
4376 0.2910409646041393 0.9366028793558336 0
4377 0.2917972528425379 0.9162654227098677 0
4378 0.3073323115075338 0.9111333325599659 0
4379 0.3221110819341311 0.9263386990560302 0
4380 0.3066320081819628 0.9316402579708414 0
4381 -0.9402275795942886 0.293362246121098 0
4382 -0.9235148231867776 0.2964398158764553 0
4383 -0.9183827330368758 0.3119748745414512 0
4384 -0.9299633992944851 0.3244323634510898 0
4385 -0.9352649582092964 0.3089532896989216 0
4386 -0.2943010228323044 -0.9405366519092698 0
4387 -0.298317369298868 -0.9241329678167401 0
4388 -0.3138524279638639 -0.9190008776668384 0
4389 -0.3253711401622962 -0.9302724716094664 0
4390 -0.309892066410128 -0.9355740305242777 0
4391 0.9425571361311915 -0.2944396673427404 0
4392 0.9281739362605834 -0.2985946583197401 0
4393 0.9230418461106816 -0.314129716984736 0
4394 0.932292955831388 -0.3255097846727322 0
4395 0.9375945147461993 -0.3100307109205639 0
4396 0.1038323684587312 0.9760728602010654 0
4397 0.109647596885953 0.9569609937005785 0
4398 0.1258853748701786 0.9549582548116189 0
4399 0.1363079244271824 0.9720673824231461 0
4400 0.1200919939010885 0.9742472558973971 0
4401 -0.9790402831943371 0.1034910522549156 0
4402 -0.962895839687122 0.1089649644783218 0
4403 -0.9608931007981623 0.1252027424625474 0
4404 -0.9750348054164178 0.1359666082233668 0
4405 -0.9772146788906689 0.1197506776972729 0
4406 -0.1043578841552554 -0.9796764348687703 0
4407 -0.1106986282790015 -0.9641681430359884 0
4408 -0.1269364062632271 -0.9621654041470287 0
4409 -0.1368334401237066 -0.9756709570908511 0
4410 -0.1206175095976127 -0.9778508305651021 0
4411 0.9823337618524417 -0.1046115653145949 0
4412 0.9694827970033312 -0.1112059905976805 0
4413 0.9674800581143714 -0.1274437685819061 0
4414 0.9783282840745224 -0.1370871212830461 0
4415 0.9805081575487735 -0.1208711907569523 0
4416 0.6291911036444725 0.7569876082408384 0
4417 0.6239889246564206 0.7409647618623814 0
4418 0.6363774815249711 0.7302783192603258 0
4419 0.6539682173815734 0.7356147230367275 0
4420 0.6416962367204035 0.7464363098601305 0
4421 -0.7569384283547252 0.6313328302980686 0
4422 -0.740866402090155 0.6282723779636129 0
4423 -0.7301799594880994 0.6406609348321634 0
4424 -0.7355655431506143 0.6561099440351695 0
4425 -0.7463871299740173 0.6438379633739997 0
4426 -0.6313328302980686 -0.7569384283547252 0
4427 -0.6282723779636129 -0.740866402090155 0
4428 -0.6406609348321634 -0.7301799594880994 0
4429 -0.6561099440351695 -0.7355655431506143 0
4430 -0.6438379633739997 -0.7463871299740173 0
4431 0.754432616390604 -0.6286848368030312 0
4432 0.7358547781619124 -0.6229763909735383 0
4433 0.7251683355598568 -0.6353649478420887 0
4434 0.733059731186493 -0.6534619505401321 0
4435 0.7438813180098961 -0.6411899698789623 0
4436 -0.4898214277790034 -0.6253073683103547 0
4437 -0.4826731762746395 -0.6568420143728987 0
4438 -0.4615971421305582 -0.6312352385592661 0
4439 0.4364631907609912 -0.6818744866765416 0
4440 0.459798650845754 -0.67320808218448 0
4441 0.4722768719346844 -0.644442013944849 0
4442 0.4614196329388521 -0.6243423501972797 0
4443 0.4489414118499216 -0.6531084184369106 0
4444 0.3604166637105324 -0.634546174595942 0
4445 0.3419004404341754 -0.6542011506872099 0
4446 0.3718149449403121 -0.6597627388172516 0
4447 0.6918709232654623 0.4286869591511286 0
4448 0.6828621414646315 0.453701965392997 0
4449 0.6616998053517426 0.4341989724642728 0
4450 0.7900186565137677 0.4032437885085723 0
4451 0.8008678333087511 0.4166482417620359 0
4452 0.7847855462563873 0.4272318982971314 0
4453 -0.1751465565608537 0.8594634491314701 0
4454 0.8600683161957847 0.3908981402082952 0
4455 0.8445937124207061 0.3939224083433016 0
4456 0.8279968409555819 0.3792231923544403 0
4457 0.8268745732655362 0.3614997082305728 0
4458 0.8434714447306604 0.376198924219434 0
4459 -0.782283333183126 0.3677843850056344 0
4460 0.1931030879904562 -0.900870866641811 0
4461 0.2022438030116663 -0.9148346845763894 0
4462 0.2185524577727625 -0.8794485357882916 0
4463 0.2012574153710042 -0.8831777922477622 0
4464 0.2103981303922144 -0.8971416101823404 0
4465 -0.4691713748949458 0.7734768764985784 0
4466 -0.4522466505621444 0.7803459587037098 0
4467 -0.4648776338807434 0.7928698063266447 0
4468 -0.9060180768942252 0.09593742770146682 0
4469 -0.9014538171665474 0.1164983615871886 0
4470 -0.9135101703525487 0.1295191558825162 0
4471 -0.9301307832662277 0.1219790162921221 0
4472 -0.9180744300802264 0.1089582219967944 0
4473 -0.4475830835857206 0.7331510331341786 0
4474 -0.4668395914067339 0.7498794137138128 0
4475 -0.4798599466332518 0.7320626021794309 0
4476 0.5924088622512143 -0.6807273142105087 0
4477 0.5853755528892964 -0.696150156333168 0
4478 0.5930016459598579 -0.7145585476872688 0
4479 0.6076610483923371 -0.7175440969187101 0
4480 0.6000349553217756 -0.6991357055646094 0
4481 0.1083337572690356 0.6695077407488711 0
4482 0.2073238930299081 -0.8378405973690545 0
4483 0.2215856966022144 -0.8567799383489378 0
4484 0.2394760209344357 -0.8423951932367413 0
4485 0.4629859792495091 0.7852608948193286 0
4486 0.4473812861725688 0.7940968542991286 0
4487 0.4253580972745105 0.7793393146700106 0
4488 0.4189396014533924 0.7557458155610927 0
4489 0.4409627903514507 0.7705033551902107 0
4490 0.4082121847151077 0.7783428501671856 0
4491 0.3361751810769 -0.6187954227390414 0
4492 0.7119922029393979 0.5158060601253581 0
4493 0.6929227813015993 0.4972615158801117 0
4494 0.7037256227580816 0.4730792026301722 0
4495 0.7335978858523624 0.4674414336254791 0
4496 0.7227950443958802 0.4916237468754187 0
4497 0.9836350605311035 0.04141879945040117 0
4498 0.9684746648628255 0.03376992445550891 0
4499 0.9688761794630316 0.01741403297374443 0
4500 0.9844380897315158 0.008707016486872214 0
4501 0.9842149981923989 0.02506728800973236 0
4502 -0.03928871179188635 0.9868478010809362 0
4503 -0.02950974913847926 0.9749001459624906 0
4504 -0.01315385765671478 0.9753016605626968 0
4505 -0.006576928828357392 0.9876508302813484 0
4506 -0.02293720035121755 0.9874277387422317 0
4507 -0.9856018734382556 -0.04056091611105892 0
4508 -0.9724082906771294 -0.0320541577768244 0
4509 -0.9728098052773356 -0.01569826629505992 0
4510 -0.9864049026386678 -0.007849133147529962 0
4511 -0.9861818110995509 -0.02420940467039012 0
4512 0.03933665420060941 -0.9858297873054603 0
4513 0.02960563395592538 -0.972864118411539 0
4514 0.0132497424741609 -0.9732656330117452 0
4515 0.00662487123708045 -0.9866328165058725 0
4516 0.02298514275994061 -0.9864097249667558 0
4517 0.7972755145209062 0.5831169672355908 0
4518 0.7913434986663911 0.5705346284885269 0
4519 0.8007641923276757 0.5571582713047437 0
4520 0.8161169018434756 0.5563642528680244 0
4521 0.8068421281104154 0.5698433784717856 0
4522 -0.5783399855026236 0.7952901468795478 0
4523 -0.5609806650225925 0.7873727633836743 0
4524 -0.5476043078388092 0.796793457044959 0
4525 -0.5515872711350572 0.8141315342021173 0
4526 -0.5650663967388184 0.8048567604690571 0
4527 -0.7973439149735239 -0.5813975105848828 0
4528 -0.7914802995716265 -0.5670957151871108 0
4529 -0.8009009932329111 -0.5537193580033276 0
4530 -0.8161853022960933 -0.5546447962173163 0
4531 -0.8069105285630331 -0.5681239218210776 0
4532 0.5832081496832592 -0.7966516838447176 0
4533 0.5707169933838635 -0.790095837314014 0
4534 0.5573406362000803 -0.7995165309752986 0
4535 0.5564554353156927 -0.8154930711672871 0
4536 0.5699345609194539 -0.8062182974342269 0
4537 0.930523628215326 0.3240247509862403 0
4538 0.9195031915714992 0.31115964767511 0
4539 0.924635281785169 0.2956245889157926 0
4540 0.9407878086426654 0.2929546334676055 0
4541 0.9358251871951808 0.3085456771435495 0
4542 -0.3249194991758326 0.9313879749027021 0
4543 -0.3129491440542945 0.9212318849462515 0
4544 -0.2974140852949771 0.9263639751599213 0
4545 -0.2938493816571978 0.9416521553300415 0
4546 -0.3094404253331418 0.9366895338825572 0
4547 -0.9322150194651 -0.3265712801479835 0
4548 -0.9228859740710473 -0.3162527059985964 0
4549 -0.9280180642847171 -0.300717647239279 0
4550 -0.9424791998924394 -0.2955011626293488 0
4551 -0.937516578444955 -0.3110922063052927 0
4552 0.3216590893247702 -0.9284509118178547 0
4553 0.3064283243521697 -0.9153577587765568 0
4554 0.2908932655928523 -0.9204898489902265 0
4555 0.2905889718061354 -0.9387150922451942 0
4556 0.3061800154820793 -0.9337524707977096 0
4557 0.7373364373480487 0.6576281193196074 0
4558 0.7337217508097542 0.6436972821718283 0
4559 0.7444081935385117 0.6313087252612538 0
4560 0.7587093228055638 0.6328510054984582 0
4561 0.748158024300428 0.6453561386175867 0
4562 -0.6563563232322852 0.7380965014455773 0
4563 -0.6411536899971839 0.7352418790048113 0
4564 -0.6287651330866094 0.7459283217335689 0
4565 -0.631579209411136 0.7594693869030923 0
4566 -0.6440843425302646 0.7489180883979566 0
4567 -0.7382543567033298 -0.6566687789353594 0
4568 -0.7355575895203167 -0.6417786014033324 0
4569 -0.7462440322490742 -0.6293900444927578 0
4570 -0.759627242160845 -0.6318916651142102 0
4571 -0.7490759436557093 -0.6443967982333388 0
4572 0.6551461212531964 -0.7341439646409459 0
4573 0.6387332860390064 -0.7273368053955488 0
4574 0.6263447291284318 -0.7380232481243063 0
4575 0.6303690074320473 -0.755516850098461 0
4576 0.6428741405511758 -0.7449655515933253 0
4577 0.8945071683754129 0.4143280204138867 0
4578 0.885025044173138 0.4011009462435878 0
4579 0.8916551240065078 0.3861437258527347 0
4580 0.9077673280421525 0.3844135796321804 0
4581 0.9013004134547103 0.3994431262014144 0
4582 -0.4131432384380279 0.8962724990999307 0
4583 -0.3987313822918703 0.8885557056221736 0
4584 -0.3837741619010171 0.8951857854555434 0
4585 -0.3832287976563217 0.9095326587666703 0
4586 -0.3982583442255556 0.903065744179228 0
4587 -0.8947647137110107 -0.4167117442423465 0
4588 -0.8855401348443339 -0.4058683939005074 0
4589 -0.8921702146777037 -0.3909111735096543 0
4590 -0.9080248733777504 -0.3867973034606402 0
4591 -0.9015579587903083 -0.4018268500298742 0
4592 0.4142092044254577 -0.8925705450325147 0
4593 0.4008633142667298 -0.8811517974873415 0
4594 0.3859060938758767 -0.8877818773207113 0
4595 0.3842947636437514 -0.9058307046992543 0
4596 0.3993243102129854 -0.8993637901118121 0
4597 0.957575846856367 0.231452089607014 0
4598 0.9451204406774631 0.2199239986749104 0
4599 0.9487051164333089 0.203960712668866 0
4600 0.9647451983680586 0.1995255175949251 0
4601 0.9613346628199484 0.2155279080968559 0
4602 -0.2304806012287832 0.959852120984361 0
4603 -0.2179810219184488 0.949672988933451 0
4604 -0.2020177359124044 0.9532576646892968 0
4605 -0.1985540292166943 0.9670214724960525 0
4606 -0.2145564197186251 0.9636109369479422 0
4607 -0.959735732412703 -0.2336256995012772 0
4608 -0.9494402117901353 -0.2242712184634367 0
4609 -0.953024887545981 -0.2083079324573923 0
4610 -0.9669050839243947 -0.2016991274891883 0
4611 -0.9634945483762843 -0.217701517991119 0
4612 0.2324482930370373 -0.9562870028605032 0
4613 0.2219164055349569 -0.9425427526857355 0
4614 0.2059531195289125 -0.9461274284415813 0
4615 0.2005217210249484 -0.9634563543721948 0
4616 0.2165241115268791 -0.9600458188240844 0
4617 0.9737913379707693 0.1338832950947818 0
4618 0.9584061660293132 0.1210361153799026 0
4619 0.9604089049419056 0.1047983372949825 0
4620 0.9777968157959541 0.1014077389249416 0
4621 0.9759712114698953 0.1176673644760587 0
4622 -0.1358318963844624 0.9783341327387141 0
4623 -0.1249333179592639 0.9674917555652025 0
4624 -0.1086955398743438 0.9694944944777949 0
4625 -0.1033563402146223 0.9823396105638988 0
4626 -0.1196159657657394 0.9805140062378399 0
4627 -0.9780136655553793 -0.1384301756503954 0
4628 -0.9668508211985331 -0.1301298764911298 0
4629 -0.9688535601111254 -0.1138920984062097 0
4630 -0.9820191433805641 -0.1059546194805552 0
4631 -0.9801935390545051 -0.1222142450316723 0
4632 0.1369714815785822 -0.9768802659434822 0
4633 0.1272124883475035 -0.9645840219747388 0
4634 0.1109747102625834 -0.9665867608873312 0
4635 0.1044959254087421 -0.980885743768667 0
4636 0.1207555509598592 -0.9790601394426082 0
4637 0.8488262991244736 0.4997864715191009 0
4638 0.8399239890345142 0.485470197533887 0
4639 0.8479882071911219 0.4712348617219283 0
4640 0.8649547354376892 0.4713157998951835 0
4641 0.8570458076357161 0.4856391066072021 0
4642 -0.5004734557312566 0.8467479340688373 0
4643 -0.4868441659581983 0.8357672589232413 0
4644 -0.4726088301462396 0.8438314770798492 0
4645 -0.4720027841073391 0.8628763703820528 0
4646 -0.4863260908193577 0.8549674425800797 0
4647 -0.8500867806097023 -0.5028170243113383 0
4648 -0.8424449520049715 -0.4915313031183619 0
4649 -0.8505091701615792 -0.4772959673064032 0
4650 -0.8662152169229179 -0.4743463526874209 0
4651 -0.8583062891209449 -0.4886696593994395 0
4652 0.5003810425441771 -0.8501029661233143 0
4653 0.4866593395840395 -0.8424773230321952 0
4654 0.4724240037720807 -0.8505415411888031 0
4655 0.4719103709202597 -0.8662314024365297 0
4656 0.4862336776322783 -0.8583224746345567 0
4657 0.5127546649514839 0.8430511596984468 0
4658 0.5114065870904777 0.8283737085690429 0
4659 0.525229083362442 0.8196207093704686 0
4660 0.5403996574954126 0.8255451613012984 0
4661 0.5266726458941717 0.8344489472720988 0
4662 -0.8414979262277875 0.5149644433817342 0
4663 -0.8252672416277241 0.5158261439509781 0
4664 -0.8165142424291499 0.5296486402229426 0
4665 -0.823991927830639 0.5426094359256628 0
4666 -0.8328957138014393 0.5288824243244221 0
4667 -0.5149454004509832 -0.8416687481747548 0
4668 -0.5157880580894765 -0.8256088855216587 0
4669 -0.5296105543614408 -0.8168558863230845 0
4670 -0.542590392994912 -0.8241627497776063 0
4671 -0.5288633813936712 -0.8330665357484067 0
4672 0.842032446003938 -0.5138458920255421 0
4673 0.8263362811800252 -0.5135890412385941 0
4674 0.817583281981451 -0.5274115375105584 0
4675 0.8245264476067895 -0.5414908845694708 0
4676 0.8334302335775901 -0.5277638729682299 0
4677 0.4284543426195105 0.8876318644950586 0
4678 0.4293535930330764 0.8712744352876053 0
4679 0.4439674741397931 0.8639184257344906 0
4680 0.457682104832944 0.8729198453888291 0
4681 0.443148468917085 0.8804352747720241 0
4682 -0.8871225914055567 0.4285675226292359 0
4683 -0.8702558891086016 0.4295799530525271 0
4684 -0.8628998795554869 0.4441938341592438 0
4685 -0.8724105722993273 0.4577952848426693 0
4686 -0.8799260016825221 0.4432616489268104 0
4687 -0.4288379714059822 -0.8883435344306221 0
4688 -0.4301208506060199 -0.8726977751587323 0
4689 -0.4447347317127366 -0.8653417656056176 0
4690 -0.4580657336194157 -0.8736315153243925 0
4691 -0.4435320977035568 -0.8811469447075877 0
4692 0.8883435344306221 -0.4288379714059822 0
4693 0.8726977751587323 -0.4301208506060199 0
4694 0.8653417656056176 -0.4447347317127366 0
4695 0.8736315153243925 -0.4580657336194157 0
4696 0.8811469447075877 -0.4435320977035568 0
4697 0.3397001067263674 0.9260993890432925 0
4698 0.3425103610920063 0.9106547125344905 0
4699 0.3577748873844733 0.9047665350098221 0
4700 0.3702291593113013 0.9143230339939555 0
4701 0.3550288659302618 0.9203777291031672 0
4702 -0.9273778696035105 0.3384122562915491 0
4703 -0.9132116736549267 0.3399346602223698 0
4704 -0.9073234961302583 0.3551991865148368 0
4705 -0.9156015145541736 0.3689413088764831 0
4706 -0.9216562096633852 0.3537410154954436 0
4707 0.9245097949008078 -0.3379152259046401 0
4708 0.9074755242495213 -0.3389405994485518 0
4709 0.9015873467248527 -0.3542051257410188 0
4710 0.9127334398514709 -0.3684442784895741 0
4711 0.9187881349606827 -0.3532439851085346 0
4712 0.1540415103349352 0.9753941054274352 0
4713 0.1613525466856842 0.961611700820197 0
4714 0.1774724958296205 0.958814624316174 0
4715 0.1862814086228078 0.9697999524193892 0
4716 0.1701919722159405 0.9727728781363221 0
4717 -0.9748412760587177 0.1510959191976118 0
4718 -0.960506042082762 0.1554613644110374 0
4719 -0.9577089655787391 0.1715813135549737 0
4720 -0.9692471230506717 0.1833358174854844 0
4721 -0.9722200487676046 0.167246381078617 0
4722 -0.1514242179314096 -0.975995965577043 0
4723 -0.156117961878633 -0.9628154211194128 0
4724 -0.1722379110225693 -0.9600183446153898 0
4725 -0.1836641162192822 -0.970401812568997 0
4726 -0.1675746798124149 -0.9733747382859298 0
4727 0.9724010124071736 -0.1504381242576071 0
4728 0.9556255147796737 -0.1541457745310281 0
4729 0.9528284382756508 -0.1702657236749644 0
4730 0.9668068593991276 -0.1826780225454797 0
4731 0.9697797851160604 -0.1665885861386124 0
4732 0.6673428404866616 0.7251699977264812 0
4733 0.6631267277351477 0.7093888686398332 0
4734 0.6749760031715908 0.6981074206439868 0
4735 0.6910413913595479 0.7026071017347885 0
4736 0.6793151829248563 0.7140178110391637 0
4737 -0.7256480805608481 0.6700916673265167 0
4738 -0.710345034308567 0.6686243814148578 0
4739 -0.6990635863127206 0.6804736568513009 0
4740 -0.7030851845691554 0.693790218199403 0
4741 -0.7144958938735306 0.6820640097647114 0
4742 -0.6668619848064656 -0.7234118160541931 0
4743 -0.6621650163747556 -0.705872505295257 0
4744 -0.6740142918111988 -0.6945910572994107 0
4745 -0.6905605356793518 -0.7008489200625003 0
4746 -0.6788343272446602 -0.7122596293668757 0
4747 0.7251568850079693 -0.6674223465441526 0
4748 0.7093626432028093 -0.6632857398501294 0
4749 0.698081195206963 -0.6751350152865726 0
4750 0.7025939890162765 -0.6911208974170387 0
4751 0.7140046983206518 -0.6793946889823471 0
4752 0.2459413652772776 0.9560673458211831 0
4753 0.248902551365451 0.9421034382689346 0
4754 0.2646707170909965 0.9377397991450572 0
4755 0.2774776967283686 0.9473400675734285 0
4756 0.2617571330322145 0.9518757183815076 0
4757 -0.9545585134112208 0.2482254234964392 0
4758 -0.93908577344901 0.2534706678037741 0
4759 -0.9347221343251326 0.2692388335293197 0
4760 -0.9458312351634661 0.2797617549475303 0
4761 -0.9503668859715454 0.2640411912513761 0
4762 -0.2478726774848685 -0.9527292151536265 0
4763 -0.2527651757806327 -0.9354271769338215 0
4764 -0.2685333415061783 -0.9310635378099441 0
4765 -0.2794090089359595 -0.9440019369058719 0
4766 -0.2636884452398054 -0.948537587713951 0
4767 0.9549364003067582 -0.247290744422118 0
4768 0.9398415472400848 -0.2516013096551319 0
4769 0.9354779081162075 -0.2673694753806775 0
4770 0.9462091220590035 -0.2788270758732091 0
4771 0.9507447728670829 -0.2631065121770549 0
4772 0.05491247761335868 0.9858682474378646 0
4773 0.06075728102321345 0.9729410386644692 0
4774 0.0770737696325486 0.9717374621612335 0
4775 0.08754545483202898 0.9834610944313928 0
4776 0.07124209578698608 0.9848426641571906 0
4777 -0.9858830430738076 0.05709535845254771 0
4778 -0.9729706299363552 0.0651230427015915 0
4779 -0.9717670534331194 0.08143953131092664 0
4780 -0.9834758900673358 0.089728335671218 0
4781 -0.9848574597931337 0.07342497662617511 0
4782 -0.05771198771184366 -0.9864797748353475 0
4783 -0.06635630122018341 -0.9741640934594352 0
4784 -0.08267278982951856 -0.9729605169561993 0
4785 -0.09034496493051396 -0.9840726218288759 0
4786 -0.07404160588547105 -0.9854541915546737 0
4787 0.9848315960687061 -0.05624027287401952 0
4788 0.9708677359261524 -0.06341287154453512 0
4789 0.9696641594229165 -0.07972936015387026 0
4790 0.9824244430622344 -0.08887325009268982 0
4791 0.9838060127880321 -0.07256989104764691 0
4792 -0.7878343554933296 0.5957390433558059 0
4793 -0.7724611784442715 0.595778783650773 0
4794 -0.7623954858032408 0.6086767768413347 0
4795 -0.7677029702112682 0.6215350297369295 0
4796 -0.7779093644045951 0.6087468411267118 0
4797 -0.5935200985425176 -0.7893354069982378 0
4798 -0.5913408940241964 -0.7754632814540879 0
4799 -0.6042388872147583 -0.7653975888130572 0
4800 -0.6193160849236412 -0.7692040217161764 0
4801 -0.6065278963134235 -0.7794104159095034 0
4802 0.7865627985663938 -0.5929303499049954 0
4803 0.7699180645903998 -0.590161396749152 0
4804 0.7598523719493691 -0.6030593899397138 0
4805 0.7664314132843324 -0.6187263362861191 0
4806 0.7766378074776593 -0.6059381476759014 0
4807 0.7389074236514764 0.5525320225607596 0
4808 0.7467532227257566 0.5707134407509146 0
4809 0.7326430453566358 0.5905840113669152 0
4810 0.7106870689132349 0.5922731637927608 0
4811 0.7028412698389548 0.5740917456026058 0
4812 0.7169514472080756 0.5542211749866052 0
4813 0.7247972462823558 0.57240259317676 0
4814 -0.8255076026204876 0.2645128870375532 0
4815 -0.8507820743718267 0.2605708174196712 0
4816 -0.8415295173167017 0.2403600091219611 0
4817 0.8266925018391869 -0.3089928728243272 0
4818 -0.6669455975556507 -0.5517945333632631 0
4819 -0.6843086923918165 -0.5672399611025635 0
4820 -0.6622534304116603 -0.5814534695732023 0
4821 0.2112984223833163 0.8693600745350035 0
4822 0.1974264875959774 0.8538986739046507 0
4823 0.223001741872047 0.850563883659836 0
4824 0.9188820533686626 0.008340418277041111 0
4825 0.9360981612816049 0.01723073386882887 0
4826 0.9090234837002585 0.0386570028976407 0
4827 0.9053447145779893 0.01905355279144703 0
4828 0.9225608224909316 0.02794386838323479 0
4829 0.7127344045589123 0.4480641963883039 0
4830 -0.6937914452646786 -0.5435813877653255 0
4831 -0.3407038278909817 -0.927608007385588 0
4832 -0.3445178034212349 -0.9136719492190818 0
4833 -0.3597823297137019 -0.9077837716944133 0
4834 -0.3712328804759157 -0.9158316523362512 0
4835 -0.3560325870948762 -0.9218863474454628 0
4836 0.6758965363138334 0.5759554586587533 0
4837 0.6630619801578328 0.5579486010989001 0
4838 0.6771721575269536 0.5380780304828995 0
4839 0.704116891052075 0.5362143174267521 0
4840 0.6900067136829542 0.5560848880427527 0
4841 0.4102923116670991 -0.5857704100489969 0
4842 -0.2874417018690867 -0.9111945687208124 0
4843 -0.2725496879727419 -0.9146598537174143 0
4844 -0.2637821194597276 -0.901231068180106 0
4845 -0.2699065648430582 -0.8843369976461958 0
4846 -0.2847985787394031 -0.8808717126495937 0
4847 -0.2935661472524173 -0.894300498186902 0
4848 -0.2786741333560724 -0.897765783183504 0
4849 0.5944286190486477 0.7885057894642373 0
4850 0.5931579350364568 0.7738040463860868 0
4851 0.6060559282270185 0.7637383537450562 0
4852 0.6202246054297714 0.7683744041821758 0
4853 0.6074364168195536 0.7785807983755028 0
4854 -0.5164454892810169 -0.612285685314533 0
4855 -0.5359212992786664 -0.6307986483812551 0
4856 -0.5092972377766528 -0.6438203313770767 0
4857 -0.8395568416410487 0.2976699330866155 0
4858 -0.8198949862550986 0.2830624448710253 0
4859 -0.8235017820123796 0.3082460326413914 0
4860 0.6072473717749304 0.5229343110197547 0
4861 0.6287373978883812 0.5314380272794008 0
4862 0.6386430582111988 0.5581796345833473 0
4863 0.6270586924205654 0.5764175256276476 0
4864 0.6171530320977479 0.5496759183237011 0
4865 -0.244950264212702 -0.9039207988957936 0
4866 -0.2322428543490069 -0.8897164590775707 0
4867 -0.2383672997323375 -0.8728223885436605 0
4868 -0.2571991549793631 -0.8701326578279729 0
4869 -0.2510747095960325 -0.8870267283618831 0
4870 -0.9124057223484441 0.2859168944582448 0
4871 -0.9180093779176216 0.2723164032846769 0
4872 -0.8863050530085327 0.270924960411797 0
4873 -0.8965535598938996 0.2852211730218048 0
4874 -0.9021572154630771 0.271620681848237 0
4875 -0.48301343269373 -0.7123894941314818 0
4876 -0.4905019406171844 -0.736402327827521 0
4877 -0.4679384849836439 -0.7359679916690505 0
4878 0.3562493278954343 -0.8805180744218232 0
4879 0.3718833760017181 -0.8751255621819958 0
4880 0.3751526408684008 -0.8576500158011852 0
4881 0.3627878576287996 -0.8455669816602017 0
4882 0.359518592762117 -0.8630425280410126 0
4883 0.665978047776478 0.4991252289362593 0
4884 0.6581027358891551 0.5195334862376532 0
4885 0.6366127097757042 0.5110297699780069 0
4886 0.7464350359571778 0.6025187209687295 0
4887 0.7382710501143187 0.6161425829963895 0
4888 0.7244790595137768 0.6042078733945752 0
4889 0.8431357717654988 -0.2212448153849389 0
4890 0.8637619514789565 -0.2241825337779454 0
4891 0.8622126956771172 -0.205477092235805 0
4892 0.5036176858308267 -0.6485298311221454 0
4893 0.5241012607311365 -0.6325179845518721 0
4894 0.4927604468349942 -0.6284301673745758 0
4895 0.04838802640849929 0.8913429812946361 0
4896 0.04303592388800987 0.8694324417704132 0
4897 0.06781923743049471 0.8767756401114314 0
4898 0.8835575985395165 0.03003682290241403 0
4899 -0.09420877509917927 0.7136001514832518 0
4900 -0.5214309306513752 -0.5876339423010292 0
4901 -0.5458921820193831 -0.5814951623542475 0
4902 -0.5409067406490247 -0.6061469053677513 0
4903 -0.4559612945255143 -0.8321474983364285 0
4904 -0.4436825121657859 -0.8445997571116355 0
4905 -0.42336616687364 -0.8436632417066811 0
4906 -0.4153286039412224 -0.8302744675265195 0
4907 -0.4356449492333683 -0.8312109829314739 0
4908 -0.4169004229447171 -0.8630594822686183 0
4909 -0.4023971160833766 -0.8690669486503941 0
4910 -0.4088628600122995 -0.8496707080884568 0
4911 -0.5376841660204803 -0.7329692075633655 0
4912 -0.5178373072805595 -0.7466921845434628 0
4913 -0.510348799357105 -0.7226793508474236 0
4914 0.3154462726029207 -0.4535235577565422 0
4915 -0.8815915853326719 -0.03501664020201473 0
4916 0.6850474694142765 0.5176697731815056 0
4917 0.639893248576566 0.5944243831875007 0
4918 0.6643121705232 0.5941933497030536 0
4919 0.6354031085977569 0.6280546670838123 0
4920 0.6254387176138445 0.61135504187788 0
4921 0.6498576395604784 0.6111240083934328 0
4922 -0.8800525239174255 0.1029144238618594 0
4923 -0.3121751725673261 -0.8886369084749116 0
4924 -0.3220166293692208 -0.8695445332256128 0
4925 -0.3373493170979063 -0.8668800690017345 0
4926 -0.3428405480246973 -0.8833079800271549 0
4927 -0.3329990912228026 -0.9024003552764538 0
4928 -0.3176664034941171 -0.905064819500332 0
4929 -0.3275078602960118 -0.8859724442510333 0
4930 -0.3747064657985202 -0.8832949070389717 0
4931 -0.3615191223750042 -0.8915153990457736 0
4932 -0.3560278914482132 -0.875087488020353 0
4933 0.3656775591702041 -0.7853325193969657 0
4934 0.3799026030071825 -0.8021736418139008 0
4935 0.39275706981852 -0.7894766093159058 0
4936 -0.5378306834734564 -0.5380180594737437 0
4937 -0.5540920584304236 -0.5566872209406047 0
4938 -0.5296308070624157 -0.5628260008873863 0
4939 -0.5380988360932292 -0.7904774775298664 0
4940 -0.5273647759105994 -0.8000132501992145 0
4941 -0.5149379311190455 -0.7672573426358795 0
4942 -0.5318854136974522 -0.7740995237481989 0
4943 -0.5211513535148223 -0.7836352964175468 0
4944 -0.791402704094589 0.5396686731905628 0
4945 -0.800219630561125 0.5281782588553925 0
4946 -0.7818877540324969 0.5228396698829588 0
4947 0.5773691970287121 0.7364195695527667 0
4948 0.5846282240264888 0.7477609364303515 0
4949 0.5751084172692312 0.7634101389692272 0
4950 0.5583295835141968 0.7677179746305179 0
4951 0.5678493902714545 0.7520687720916421 0
4952 0.6098202474536678 0.7363287114252616 0
4953 0.6008537492389667 0.747715507366599 0
4954 0.5935947222411899 0.7363741404890141 0
4955 0.7648698421373165 0.5785806692078674 0
4956 0.7751406624745961 0.5682664794746651 0
4957 0.7810726783291112 0.5808488182217291 0
4958 -0.57429449177473 0.7780080511999499 0
4959 -0.781141078781729 -0.5791293615710209 0
4960 0.5786718516555357 -0.7642460114611279 0
4961 0.5684488443700019 -0.773893001122219 0
4962 0.5809400006693974 -0.7804488476529228 0
4963 0.7525721793813707 0.6176848632335938 0
4964 -0.6118216461077132 0.7387119188215728 0
4965 -0.5976922354533435 0.7450365810791002 0
4966 -0.6146357224322397 0.7522529839910962 0
4967 -0.7401068888248812 -0.6142239022278935 0
4968 -0.7473529553124589 -0.6015593805844816 0
4969 -0.7534900987366517 -0.6167255228493458 0
4970 0.6111785868635674 -0.7318861047001133 0
4971 0.6000367229023186 -0.743242563250075 0
4972 0.6152028651671829 -0.7493797066742679 0
4973 0.9121011667403207 0.3238446747760459 0
4974 -0.3274524509852597 0.9152244184964273 0
4975 -0.8998879066525504 -0.3316371837668377 0
4976 -0.9067224176647726 -0.3187856578080234 0
4977 -0.9160514630588252 -0.3291042319574107 0
4978 0.3229008978220301 -0.9099064190853539 0
4979 0.8952330441609324 0.3689689770505674 0
4980 -0.3710425873390257 0.8849104066430538 0
4981 -0.3577656485323388 0.8889819011416911 0
4982 -0.3704972230943303 0.8992572799541806 0
4983 -0.8977494945652609 -0.3740657288986488 0
4984 0.3702720457695928 -0.8931743895605386 0
4985 0.8085227685461647 0.5418726849780942 0
4986 -0.5384438174814781 0.8084228904770421 0
4987 -0.8085911689987823 -0.5401532283273861 0
4988 0.5406940107665443 -0.8026769290109586 0
4989 0.9258083292999346 0.2797311313144208 0
4990 -0.2789559936165089 0.9260277739627001 0
4991 -0.9310053873049935 -0.2838380573346684 0
4992 0.2790690329088916 -0.9292274683671616 0
4993 0.8324791665421102 0.4991173999381675 0
4994 -0.5011524983866742 0.8322862910587095 0
4995 -0.8173925154449754 -0.5014788811494715 0
4996 -0.826097819422608 -0.4908622315374285 0
4997 -0.833739648027339 -0.5021479527304048 0
4998 0.4984421143040254 -0.828533824681933 0
4999 0.9488176557851612 0.1884702132288488 0
5000 -0.1915354219579386 0.9406959174162606 0
5001 -0.1775894013077629 0.94189797794998 0
5002 -0.1880717152622286 0.9544597252230163 0
5003 -0.9543433366513584 -0.1912168135347225 0
5004 0.1946231591387767 -0.9316839659405727 0
5005 0.177861800244677 -0.9345694293701775 0
5006 0.1891917606348127 -0.9490128918711862 0
5007 0.9382327283352664 0.2339967532805963 0
5008 -0.2313553790148613 0.9398641004386497 0
5009 -0.9280608288810716 -0.2418358205654504 0
5010 -0.9336027600243195 -0.2283762789955233 0
5011 -0.9438982806468874 -0.2377307600333638 0
5012 0.2366965199665603 -0.9424357398041008 0
5013 0.9550667188513993 0.1389479399658132 0
5014 -0.1414695316671045 0.9629753089292054 0
5015 -0.9472960179363619 -0.1497054462156794 0
5016 -0.9514919973890243 -0.1357675117737718 0
5017 -0.9626548417458703 -0.1440678109330374 0
5018 0.1417614704255543 -0.9596397269060011 0
5019 0.8623840628323289 0.4163045408075106 0
5020 0.8689634914015961 0.4020892064403997 0
5021 0.8784456156038709 0.4153162806106986 0
5022 -0.4095346436345032 0.8763820863384225 0
5023 -0.8513713350152596 -0.4213389973049508 0
5024 -0.8638434454964583 -0.4081820204318096 0
5025 -0.8730680243631352 -0.4190253707736486 0
5026 0.4160821031663978 -0.8599025507372587 0
5027 0.4017997636371998 -0.8648178003397136 0
5028 0.4151456537959278 -0.8762365478848866 0
5029 0.8392826640507237 0.4576092407573226 0
5030 0.8475436491568927 0.4440645579659719 0
5031 0.8562491922972908 0.4576901789305777 0
5032 -0.4537803081423968 0.8503419672516885 0
5033 -0.8518745372061859 -0.4620460980573053 0
5034 0.4582329391293121 -0.8572534149200455 0
5035 0.9663577091343158 0.09187833084451291 0
5036 -0.09949496768409022 0.9559657890184896 0
5037 -0.08495519583411505 0.9552821996452882 0
5038 -0.09415576802436866 0.9688109051045936 0
5039 -0.9684904379212588 -0.09675404729030157 0
5040 0.09314695270932422 -0.9614944481374003 0
5041 0.7214339397620907 0.653782736416319 0
5042 -0.6525109403289969 0.7221940038596193 0
5043 -0.722351859117372 -0.6528233960320711 0
5044 0.6504870890532209 -0.7149835539387759 0
5045 0.9709923773530056 0.0482058800731749 0
5046 -0.04640462830483516 0.9721155191051711 0
5047 -0.9561373094867257 -0.05479274913695655 0
5048 -0.9576760087013645 -0.03917007428977322 0
5049 -0.9708695914624905 -0.04767683262400773 0
5050 0.04430417020439398 -0.965234915157734 0
5051 0.6703549536985789 0.682412762287964 0
5052 0.6817992924135242 0.6712177850227428 0
5053 0.686420341886536 0.6869124433787657 0
5054 -0.6833689279566978 0.6758526073782891 0
5055 -0.6716958678571097 0.6845481192533792 0
5056 -0.6873905262131326 0.689169168726391 0
5057 -0.6859394862063399 -0.6851542617064776 0
5058 0.6860856813635665 -0.6832419348278147 0
5059 0.9540646072547851 0.00960579574052816 0
5060 0.954814945315023 -0.006909457979560323 0
5061 0.9696265175232692 0.0008987792536559449 0
5062 -0.005345620423498534 0.9604900883544504 0
5063 0.00903954563807511 0.9580276858648554 0
5064 0.001231308404858859 0.9728392580731019 0
5065 -0.9693972920652987 0.00176868351936671 0
5066 0.005419518613734912 -0.9589002582660805 0
5067 -0.009035576483771526 -0.9579020670145432 0
5068 -0.001205352623345539 -0.972267441760208 0
5069 0.4841306282041148 0.8256710135492634 0
5070 0.4970945687167931 0.8196836354944511 0
5071 0.4984426465777992 0.8343610866238549 0
5072 -0.8276386350690346 0.4998123261671493 0
5073 -0.4996578451419007 -0.8289909577525449 0
5074 0.8307601356371968 -0.4984714841561335 0
5075 0.535726496872339 0.8057305603211917 0
5076 -0.807697315962614 0.5411390545581127 0
5077 -0.5403446145440705 -0.8073201136537362 0
5078 0.8051986234703783 -0.5377301480543485 0
5079 0.4134609600405372 0.8758284740583566 0
5080 -0.8738368596350869 0.4122174073377616 0
5081 -0.4156175437446794 -0.8787052415405079 0
5082 0.8787052415405079 -0.4156175437446794 0
5083 0.4438907915282403 0.8471641345881266 0
5084 0.4575287396098384 0.8394112630961011 0
5085 0.4576054222213911 0.8561655542424651 0
5086 -0.8504870630688021 0.4568785033902163 0
5087 -0.4570135140724649 -0.8528895068304105 0
5088 0.854294986885879 -0.4569266615121389 0
5089 0.3701929970549331 0.8958895637987278 0
5090 -0.8956857030251784 0.3675484139076139 0
5091 0.8853189740762131 -0.355941918402321 0
5092 0.8801966945541915 -0.3719178638121786 0
5093 0.8964650672028311 -0.3701810711508763 0
5094 -0.7809604371885512 0.5808923048441039 0
5095 -0.562275827352531 -0.7744915218769916 0
5096 -0.5757187584292032 -0.7680413388934647 0
5097 -0.5778979629475244 -0.7819134644376146 0
5098 0.7766556679932293 -0.5757932562457211 0
5099 0.03781716927745524 0.9570481322138651 0
5100 0.05220962685526173 0.9585309810524695 0
5101 0.04636482344540696 0.9714581898258647 0
5102 -0.9692769470966851 0.0503572837182764 0
5103 -0.04918632017110167 -0.9725159146859295 0
5104 0.9560114808447067 -0.03914496453811611 0
5105 0.9564576783141526 -0.05486521737658341 0
5106 0.9704215384567063 -0.04769261870606782 0
5107 0.2237508727875508 0.9318860457138932 0
5108 0.2378073051205876 0.9300127882152897 0
5109 0.2348461190324142 0.9439766957675381 0
5110 -0.9373889442250198 0.2363646985333911 0
5111 -0.2257005510960707 -0.928664668615612 0
5112 -0.2416791125862339 -0.9233949036648141 0
5113 -0.2367866142904695 -0.9406969418846192 0
5114 0.9284153009525873 -0.2232139435426142 0
5115 0.9265809975629994 -0.23956290921538 0
5116 0.9416758506296727 -0.2352523439823661 0
5117 0.1823405355091268 0.9431392985461382 0
5118 0.1960174879818204 0.9384493008793174 0
5119 0.1911494483023141 0.9541246266493533 0
5120 -0.9484928781480799 0.187438378446806 0
5121 -0.188541338949253 -0.9547848635835988 0
5122 0.9499616340056511 -0.1866029080300975 0
5123 0.3249213362997699 0.9108940225472282 0
5124 -0.904216537088292 0.3134972784722718 0
5125 -0.9016310073973175 0.3274771713127311 0
5126 -0.9157972033459012 0.3259547673819104 0
5127 0.9152586851801015 -0.3265351582166438 0
5128 0.1436189607779314 0.9582849778159079 0
5129 -0.9465578668222067 0.129568187675973 0
5130 -0.9463643374645065 0.144697498650218 0
5131 -0.9606995714404623 0.1403320534367924 0
5132 -0.1316301502104505 -0.9489848596893984 0
5133 -0.1462209280181535 -0.9493098681755905 0
5134 -0.1415271840709301 -0.9624904126332204 0
5135 0.9615527864470226 -0.1407947715564671 0
5136 0.6497521046300594 0.7198335939500794 0
5137 -0.7202624968983331 0.6546426581235105 0
5138 -0.6359639664004534 -0.7126406487291634 0
5139 -0.6467160071717495 -0.7004869216327422 0
5140 -0.6514129756034595 -0.7180262323916782 0
5141 0.7172654893813331 -0.6493253438461091 0
5142 0.2782339849667671 0.9270026109274624 0
5143 -0.9291184787559552 0.2828393247028875 0
5144 -0.2834253554025231 -0.927598252813342 0
5145 0.9318259221883954 -0.2829820668502087 0
5146 0.09336068325925082 0.9643492279309059 0
5147 -0.9673314465601206 0.0952022478946242 0
5148 -0.08901353395326463 -0.9574522251234174 0
5149 -0.1030264531780061 -0.9530560381633119 0
5150 -0.09668570905426002 -0.968564329996094 0
5151 0.9695734782131238 -0.0954676753757754 0
5152 -0.7463234595386704 0.6056163245068791 0
5153 -0.7355589176821276 0.6154141250680182 0
5154 -0.7516309439466979 0.6184745774024738 0
5155 -0.6162556325891856 -0.7531319954516059 0
5156 0.7478535750556408 -0.6130178904566259 0
5157 -0.4499148670739324 0.7567484959189441 0
5158 -0.8872707677126715 -0.3173366300956577 0
5159 0.7570240430630362 0.5603992510177124 0
5160 0.1854824441175665 -0.9177201480059942 0
5161 -0.9330631297484454 -0.1368560392230826 0
5162 -0.9141732685304564 -0.2286014252322488 0
5163 -0.09564443670042239 0.9389581215520888 0
5164 -0.6665623399848527 0.6663843460308233 0
5165 0.9196323914289003 -0.008174835443047373 0
5166 0.9375988374020805 -0.01579977357134809 0
5167 0.9368484993418428 0.0007154801487403942 0
5168 -0.003312757438045107 0.9254610948419281 0
5169 0.01005597713080182 0.9405131891085944 0
5170 -0.004329188930771821 0.9429755915981892 0
5171 0.4736413492364407 0.8132472395158933 0
5172 0.476116010781445 0.7948360874277111 0
5173 0.486605289749119 0.8072598614610811 0
5174 0.8683005530514999 -0.3567774947354861 0
5175 -0.551732272437373 -0.7603765467681015 0
5176 -0.554631648598887 -0.7398113886756849 0
5177 -0.5651752035140452 -0.7539263637845749 0
5178 -0.9299372539085276 0.1371083272663671 0
5179 -0.1265447897986983 -0.9320066655145872 0
5180 -0.136050207194649 -0.9153534798259682 0
5181 -0.1411355676064012 -0.9323316740007792 0
5182 -0.2289717027225388 -0.9091905638465914 0
5183 -0.7287681760180023 0.5976924257968121 0
5184 -0.3729696731372178 -0.8995632796876114 0
5185 -0.3291851156925494 -0.91633641344296 0
5186 0.5763791012814222 0.7781118820473776 0
5187 0.6150224264417197 0.7523515578037185 0
5188 -0.5596353672733517 -0.5258217507589504 0
5189 0.01956205024271629 0.8684842683558808 0
5190 0.001440279117912127 0.8894466344655714 0
5191 -0.007467076846346303 0.8654313525010198 0
5192 0.3897208316867216 -0.8528269547050576 0
5193 0.3919242392654412 -0.8359208594679469 0
5194 0.37955945602584 -0.8238378253269635 0
5195 0.3649912652075192 -0.828660886423091 0
5196 0.3773560484471203 -0.8407439205640743 0
5197 -0.5347847898589662 -0.753534365655782 0
5198 0.4040031712159194 -0.8479117051026027 0
5199 0.540444885860099 -0.6601882104935805 0
5200 0.5425148607457726 -0.6383471742375898 0
5201 0.5015477109451529 -0.670370867378136 0
5202 0.5199613109597891 -0.6762000570638537 0
5203 0.5220312858454628 -0.6543590208078629 0
5204 -0.3034076040543119 -0.8752081229376032 0
5205 0.03026625528369513 0.9123053474043267 0
5206 0.006792381638401547 0.9113571739897942 0
5207 0.02491415276320571 0.8903948078801036 0
5208 -0.8496770669293 -0.4003632938253663 0
5209 -0.000378595365729862 -0.9416506281177834 0
5210 -0.8648313133923877 0.2937278634687335 0
5211 -0.8704439297577767 0.2751783056352614 0
5212 -0.8451694580064377 0.2791203752531434 0
5213 -0.630607028390333 -0.6966085946583926 0
5214 0.8571973749506674 -0.2429802442410622 0
5215 -0.3588754116226724 0.8712270579341553 0
5216 0.2042906542004562 -0.8605091948084083 0
5217 0.6174451798599422 0.6360331789363545 0
5218 0.4858324529644221 -0.7055860380893928 0
5219 0.4844832819474694 -0.6850638578909056 0
5220 0.4611478218627066 -0.6937302623829671 0
5221 -0.2516036422630278 -0.8513501504254183 0
5222 -0.9409468648414087 -0.04540950913441852 0
5223 -0.8750798202777547 0.3080240760787413 0
5224 -0.8909409435285106 0.3037707308552769 0
5225 -0.8806924366431437 0.2894745182452691 0
5226 -0.7297105437884407 -0.5994895572180795 0
5227 0.5587306645206608 -0.6764543218623306 0
5228 0.5790864180668964 -0.67087939697509 0
5229 0.5608006394063344 -0.6546132856063399 0
5230 0.3653344121888616 -0.8069967029100283 0
5231 0.8124692323366799 0.3945775627372414 0
5232 0.7958193560277321 0.3922084489961751 0
5233 0.8113469646466342 0.3768540786133739 0
5234 -0.1830712128970775 0.9253598055196763 0
5235 0.6658405818979241 0.666128279866817 0
5236 -0.6033989897707143 0.7261013015301052 0
5237 0.2148530793598944 0.91744669386345 0
5238 0.2200117182652747 0.9011340845144031 0
5239 0.2289095116929311 0.9155734363648462 0
5240 0.6514776143671993 0.5761864921432004 0
5241 -0.888355413837536 0.3177506236957362 0
5242 0.04363498985254206 0.9273574416709929 0
5243 0.03352985077609541 0.9414613625231267 0
5244 0.02016111620724848 0.9264092682564604 0
5245 0.9269714651032238 -0.03916695117821904 0
5246 0.9412683742392423 -0.03129583143893393 0
5247 0.9233019282660619 -0.0236708933106332 0
5248 0.4580366561595005 0.8220831989956933 0
5249 0.4449066246275646 0.8125080063873108 0
5250 0.4605113177045047 0.8036720469075109 0
5251 -0.1013754479937711 -0.9392241450373521 0
5252 -0.08571152358479459 -0.9297884388714976 0
5253 -0.1108808653897218 -0.922570959348733 0
5254 0.5042460529790582 -0.7114152277751103 0
5255 0.5213104819767418 -0.6967222372623408 0
5256 0.5028968819621056 -0.6908930475766232 0
5257 0.4443987080779024 0.8298360704877189 0
5258 0.04792230835390189 0.9429442113617312 0
5259 0.941714571708688 -0.04701608427740123 0
5260 -0.08736252876902961 -0.9436203319974577 0
5261 0.9131281432360003 -0.229965701642982 0
5262 0.5734895143885298 -0.748200216363867 0
5263 0.5580841698359901 -0.7418014109276972 0
5264 0.5632665071029959 -0.7578472060249581 0
5265 0.8890475191167547 -0.06803510393000152 0
5266 0.182629204682437 0.9126139868857708 0
5267 0.1961618225684755 0.9231866450491337 0
5268 0.1824848700957819 0.9278766427159545 0
5269 0.581859781998609 -0.7259150062372305 0
5270 0.5853773204698394 -0.7402570140186335 0
5271 0.5965191844310882 -0.7289005554686718 0
5272 -0.8107831608243786 -0.4873986555389234 0
5273 0.5516973551587431 -0.6918771639849899 0
5274 0.5650197993430609 -0.7017250812204087 0
5275 0.5720531087049786 -0.6863022390977492 0
5276 0.5412441871804419 -0.7176114859108754 0
5277 0.5398095490774336 -0.6998203663302234 0
5278 0.52274512007975 -0.7145133568429929 0
5279 0.8469094590572505 0.4193288089425168 0
5280 0.8380142838514391 0.4081377427104124 0
5281 0.8534888876265173 0.405113474575406 0
5282 0.1877878435878173 0.8963013775367239 0
5283 0.2064791003792362 0.8905614263510402 0
5284 0.2013204614738558 0.906874035700087 0
5285 0.8264128848235103 0.4302084217352068 0
5286 0.841108759543286 0.4303641484549141 0
5287 0.8328477744371169 0.4439088312462647 0
5288 0.5664544374460693 -0.7195162008010607 0
5289 0.5545666313647597 -0.7274594031462942 0
5290 0.5699719759172994 -0.7338582085824639 0
5291 0.8175177096176989 0.4190173555031023 0
5292 0.8233184091316632 0.407982015990705 0
5293 0.8322135843374745 0.4191730822228096 0
5294 0.5531319932617513 -0.7096682835656419 0
5295 0.1926071655918974 0.8751000257206872 0
5296 0.8066685328227154 0.4056129022496386 0
$EndNodes
$Elements
1262
1 26 2 1 1 1 5 36 37
2 26 2 1 1 5 6 38 39
3 26 2 1 1 6 7 40 41
4 26 2 1 1 7 8 42 43
5 26 2 1 1 8 9 44 45
6 26 2 1 1 9 10 46 47
7 26 2 1 1 10 11 48 49
8 26 2 1 1 11 12 50 51
9 26 2 1 1 12 13 52 53
10 26 2 1 1 13 14 54 55
11 26 2 1 1 14 15 56 57
12 26 2 1 1 15 16 58 59
13 26 2 1 1 16 17 60 61
14 26 2 1 1 17 18 62 63
15 26 2 1 1 18 19 64 65
16 26 2 1 1 19 20 66 67
17 26 2 1 1 20 21 68 69
18 26 2 1 1 21 22 70 71
19 26 2 1 1 22 23 72 73
20 26 2 1 1 23 24 74 75
21 26 2 1 1 24 25 76 77
22 26 2 1 1 25 26 78 79
23 26 2 1 1 26 27 80 81
24 26 2 1 1 27 28 82 83
25 26 2 1 1 28 29 84 85
26 26 2 1 1 29 30 86 87
27 26 2 1 1 30 31 88 89
28 26 2 1 1 31 32 90 91
29 26 2 1 1 32 33 92 93
30 26 2 1 1 33 34 94 95
31 26 2 1 1 34 35 96 97
32 26 2 1 1 35 2 98 99
33 26 2 1 2 2 100 131 132
34 26 2 1 2 100 101 133 134
35 26 2 1 2 101 102 135 136
36 26 2 1 2 102 103 137 138
37 26 2 1 2 103 104 139 140
38 26 2 1 2 104 105 141 142
39 26 2 1 2 105 106 143 144
40 26 2 1 2 106 107 145 146
41 26 2 1 2 107 108 147 148
42 26 2 1 2 108 109 149 150
43 26 2 1 2 109 110 151 152
44 26 2 1 2 110 111 153 154
45 26 2 1 2 111 112 155 156
46 26 2 1 2 112 113 157 158
47 26 2 1 2 113 114 159 160
48 26 2 1 2 114 115 161 162
49 26 2 1 2 115 116 163 164
50 26 2 1 2 116 117 165 166
51 26 2 1 2 117 118 167 168
52 26 2 1 2 118 119 169 170
53 26 2 1 2 119 120 171 172
54 26 2 1 2 120 121 173 174
55 26 2 1 2 121 122 175 176
56 26 2 1 2 122 123 177 178
57 26 2 1 2 123 124 179 180
58 26 2 1 2 124 125 181 182
59 26 2 1 2 125 126 183 184
60 26 2 1 2 126 127 185 186
61 26 2 1 2 127 128 187 188
62 26 2 1 2 128 129 189 190
63 26 2 1 2 129 130 191 192
64 26 2 1 2 130 3 193 194
65 26 2 1 3 3 195 226 227
66 26 2 1 3 195 196 228 229
67 26 2 1 3 196 197 230 231
68 26 2 1 3 197 198 232 233
69 26 2 1 3 198 199 234 235
70 26 2 1 3 199 200 236 237
71 26 2 1 3 200 201 238 239
72 26 2 1 3 201 202 240 241
73 26 2 1 3 202 203 242 243
74 26 2 1 3 203 204 244 245
75 26 2 1 3 204 205 246 247
76 26 2 1 3 205 206 248 249
77 26 2 1 3 206 207 250 251
78 26 2 1 3 207 208 252 253
79 26 2 1 3 208 209 254 255
80 26 2 1 3 209 210 256 257
81 26 2 1 3 210 211 258 259
82 26 2 1 3 211 212 260 261
83 26 2 1 3 212 213 262 263
84 26 2 1 3 213 214 264 265
85 26 2 1 3 214 215 266 267
86 26 2 1 3 215 216 268 269
87 26 2 1 3 216 217 270 271
88 26 2 1 3 217 218 272 273
89 26 2 1 3 218 219 274 275
90 26 2 1 3 219 220 276 277
91 26 2 1 3 220 221 278 279
92 26 2 1 3 221 222 280 281
93 26 2 1 3 222 223 282 283
94 26 2 1 3 223 224 284 285
95 26 2 1 3 224 225 286 287
96 26 2 1 3 225 4 288 289
97 26 2 1 4 4 290 321 322
98 26 2 1 4 290 291 323 324
99 26 2 1 4 291 292 325 326
100 26 2 1 4 292 293 327 328
101 26 2 1 4 293 294 329 330
102 26 2 1 4 294 295 331 332
103 26 2 1 4 295 296 333 334
104 26 2 1 4 296 297 335 336
105 26 2 1 4 297 298 337 338
106 26 2 1 4 298 299 339 340
107 26 2 1 4 299 300 341 342
108 26 2 1 4 300 301 343 344
109 26 2 1 4 301 302 345 346
110 26 2 1 4 302 303 347 348
111 26 2 1 4 303 304 349 350
112 26 2 1 4 304 305 351 352
113 26 2 1 4 305 306 353 354
114 26 2 1 4 306 307 355 356
115 26 2 1 4 307 308 357 358
116 26 2 1 4 308 309 359 360
117 26 2 1 4 309 310 361 362
118 26 2 1 4 310 311 363 364
119 26 2 1 4 311 312 365 366
120 26 2 1 4 312 313 367 368
121 26 2 1 4 313 314 369 370
122 26 2 1 4 314 315 371 372
123 26 2 1 4 315 316 373 374
124 26 2 1 4 316 317 375 376
125 26 2 1 4 317 318 377 378
126 26 2 1 4 318 319 379 380
127 26 2 1 4 319 320 381 382
128 26 2 1 4 320 1 383 384
129 21 2 1 1 637 521 875 889 890 891 892 893 894 895
130 21 2 1 1 681 448 682 896 897 898 899 900 901 902
131 21 2 1 1 405 663 775 903 904 905 906 907 908 909
132 21 2 1 1 530 617 618 910 911 912 913 914 915 916
133 21 2 1 1 623 599 820 917 918 919 920 921 922 923
134 21 2 1 1 663 405 664 904 903 924 925 926 927 928
135 21 2 1 1 622 392 739 929 930 931 932 933 934 935
136 21 2 1 1 520 521 637 936 937 890 889 938 939 940
137 21 2 1 1 428 751 789 941 942 943 944 945 946 947
138 21 2 1 1 681 386 839 948 949 950 951 952 953 954
139 21 2 1 1 612 445 801 955 956 957 958 959 960 961
140 21 2 1 1 417 664 769 962 963 964 965 966 967 968
141 21 2 1 1 823 438 824 969 970 971 972 973 974 975
142 21 2 1 1 676 527 678 976 977 978 979 980 981 982
143 21 2 1 1 739 392 793 932 931 983 984 985 986 987
144 21 2 1 1 448 681 839 897 896 953 952 988 989 990
145 21 2 1 1 671 736 815 991 992 993 994 995 996 997
146 21 2 1 1 386 681 683 949 948 998 999 1000 1001 1002
147 21 2 1 1 803 402 843 1003 1004 1005 1006 1007 1008 1009
148 21 2 1 1 751 428 752 942 941 1010 1011 1012 1013 1014
149 21 2 1 1 425 449 450 1015 1016 1017 1018 1019 1020 1021
150 21 2 1 1 407 772 773 1022 1023 1024 1025 1026 1027 1028
151 21 2 1 1 423 777 778 1029 1030 1031 1032 1033 1034 1035
152 21 2 1 1 791 422 844 1036 1037 1038 1039 1040 1041 1042
153 21 2 1 1 391 792 842 1043 1044 1045 1046 1047 1048 1049
154 21 2 1 1 796 390 797 1050 1051 1052 1053 1054 1055 1056
155 21 2 1 1 445 800 801 1057 1058 1059 1060 958 957 1061
156 21 2 1 1 438 817 818 1062 1063 1064 1065 1066 1067 1068
157 21 2 1 1 439 819 820 1069 1070 1071 1072 1073 1074 1075
158 21 2 1 1 836 446 840 1076 1077 1078 1079 1080 1081 1082
159 21 2 1 1 388 837 838 1083 1084 1085 1086 1087 1088 1089
160 21 2 1 1 829 385 848 1090 1091 1092 1093 1094 1095 1096
161 21 2 1 1 663 421 775 1097 1098 1099 1100 906 905 1101
162 21 2 1 1 419 783 853 1102 1103 1104 1105 1106 1107 1108
163 21 2 1 1 799 392 852 1109 1110 1111 1112 1113 1114 1115
164 21 2 1 1 683 432 831 1116 1117 1118 1119 1120 1121 1122
165 21 2 1 1 444 852 868 1123 1124 1125 1126 1127 1128 1129
166 21 2 1 1 430 848 870 1130 1131 1132 1133 1134 1135 1136
167 21 2 1 1 782 398 856 1137 1138 1139 1140 1141 1142 1143
168 21 2 1 1 840 446 843 1079 1078 1144 1145 1146 1147 1148
169 21 2 1 1 423 778 842 1034 1033 1149 1150 1151 1152 1153
170 21 2 1 1 407 773 778 1027 1026 1154 1155 1156 1157 1158
171 21 2 1 1 797 390 844 1053 1052 1159 1160 1161 1162 1163
172 21 2 1 1 439 820 826 1074 1073 1164 1165 1166 1167 1168
173 21 2 1 1 385 840 848 1169 1170 1171 1172 1093 1092 1173
174 21 2 1 1 773 419 853 1174 1175 1107 1106 1176 1177 1178
175 21 2 1 1 648 438 818 1179 1180 1067 1066 1181 1182 1183
176 21 2 1 1 388 838 857 1088 1087 1184 1185 1186 1187 1188
177 21 2 1 1 767 431 869 1189 1190 1191 1192 1193 1194 1195
178 21 2 1 1 391 842 859 1048 1047 1196 1197 1198 1199 1200
179 21 2 1 1 844 422 863 1039 1038 1201 1202 1203 1204 1205
180 21 2 1 1 617 530 665 911 910 1206 1207 1208 1209 1210
181 21 2 1 1 521 533 875 1211 1212 1213 1214 892 891 1215
182 21 2 1 1 776 406 863 1216 1217 1218 1219 1220 1221 1222
183 21 2 1 1 682 448 807 899 898 1223 1224 1225 1226 1227
184 21 2 1 1 766 430 870 1228 1229 1135 1134 1230 1231 1232
185 21 2 1 1 393 822 872 1233 1234 1235 1236 1237 1238 1239
186 21 2 1 1 805 435 806 1240 1241 1242 1243 1244 1245 1246
187 21 2 1 1 434 813 862 1247 1248 1249 1250 1251 1252 1253
188 21 2 1 1 436 736 811 1254 1255 1256 1257 1258 1259 1260
189 21 2 1 1 413 832 866 1261 1262 1263 1264 1265 1266 1267
190 21 2 1 1 834 444 868 1268 1269 1128 1127 1270 1271 1272
191 21 2 1 1 428 764 877 1273 1274 1275 1276 1277 1278 1279
192 21 2 1 1 816 413 873 1280 1281 1282 1283 1284 1285 1286
193 21 2 1 1 399 788 884 1287 1288 1289 1290 1291 1292 1293
194 21 2 1 1 421 663 729 1098 1097 1294 1295 1296 1297 1298
195 21 2 1 1 539 613 614 1299 1300 1301 1302 1303 1304 1305
196 21 2 1 1 420 643 774 1306 1307 1308 1309 1310 1311 1312
197 21 2 1 1 599 623 624 918 917 1313 1314 1315 1316 1317
198 21 2 1 1 635 520 637 1318 1319 939 938 1320 1321 1322
199 21 2 1 1 404 682 807 1323 1324 1226 1225 1325 1326 1327
200 21 2 1 1 527 676 684 977 976 1328 1329 1330 1331 1332
201 21 2 1 1 597 553 626 1333 1334 1335 1336 1337 1338 1339
202 21 2 1 1 562 664 770 1340 1341 1342 1343 1344 1345 1346
203 21 2 1 1 605 744 805 1347 1348 1349 1350 1351 1352 1353
204 21 2 1 1 392 622 852 930 929 1354 1355 1112 1111 1356
205 21 2 1 1 413 651 873 1357 1358 1359 1360 1283 1282 1361
206 21 2 1 1 682 404 736 1324 1323 1362 1363 1364 1365 1366
207 21 2 1 1 410 652 762 1367 1368 1369 1370 1371 1372 1373
208 21 2 1 1 745 589 759 1374 1375 1376 1377 1378 1379 1380
209 21 2 1 1 641 533 847 1381 1382 1383 1384 1385 1386 1387
210 21 2 1 1 533 641 875 1382 1381 1388 1389 1214 1213 1390
211 21 2 1 1 678 527 680 979 978 1391 1392 1393 1394 1395
212 21 2 1 1 595 739 780 1396 1397 1398 1399 1400 1401 1402
213 21 2 1 1 632 630 735 1403 1404 1405 1406 1407 1408 1409
214 21 2 1 1 445 612 802 956 955 1410 1411 1412 1413 1414
215 21 2 1 1 613 539 621 1300 1299 1415 1416 1417 1418 1419
216 21 2 1 1 520 635 735 1319 1318 1420 1421 1422 1423 1424
217 21 2 1 1 398 633 856 1425 1426 1427 1428 1140 1139 1429
218 21 2 1 1 431 755 869 1430 1431 1432 1433 1192 1191 1434
219 21 2 1 1 623 820 868 922 921 1435 1436 1437 1438 1439
220 21 2 1 1 651 413 866 1358 1357 1266 1265 1440 1441 1442
221 21 2 1 1 745 443 798 1443 1444 1445 1446 1447 1448 1449
222 21 2 1 1 664 405 769 925 924 1450 1451 965 964 1452
223 21 2 1 1 633 398 761 1426 1425 1453 1454 1455 1456 1457
224 21 2 1 1 498 491 665 1458 1459 1460 1461 1462 1463 1464
225 21 2 1 1 729 658 855 1465 1466 1467 1468 1469 1470 1471
226 21 2 1 1 664 417 770 963 962 1472 1473 1343 1342 1474
227 21 2 1 1 530 618 879 915 914 1475 1476 1477 1478 1479
228 21 2 1 1 438 648 824 1180 1179 1480 1481 972 971 1482
229 21 2 1 1 615 399 884 1483 1484 1292 1291 1485 1486 1487
230 21 2 1 1 425 451 786 1488 1489 1490 1491 1492 1493 1494
231 21 2 1 1 671 673 736 1495 1496 1497 1498 992 991 1499
232 21 2 1 1 402 625 843 1500 1501 1502 1503 1006 1005 1504
233 21 2 1 1 755 431 830 1431 1430 1505 1506 1507 1508 1509
234 21 2 1 1 736 436 815 1255 1254 1510 1511 994 993 1512
235 21 2 1 1 612 757 802 1513 1514 1515 1516 1411 1410 1517
236 21 2 1 1 539 614 649 1304 1303 1518 1519 1520 1521 1522
237 21 2 1 1 630 528 735 1523 1524 1525 1526 1406 1405 1527
238 21 2 1 1 645 406 753 1528 1529 1530 1531 1532 1533 1534
239 21 2 1 1 399 615 853 1484 1483 1535 1536 1537 1538 1539
240 21 2 1 1 589 648 818 1540 1541 1182 1181 1542 1543 1544
241 21 2 1 1 432 683 760 1117 1116 1545 1546 1547 1548 1549
242 21 2 1 1 562 662 664 1550 1551 1552 1553 1341 1340 1554
243 21 2 1 1 597 626 749 1338 1337 1555 1556 1557 1558 1559
244 21 2 1 1 386 683 831 1001 1000 1121 1120 1560 1561 1562
245 21 2 1 1 666 393 872 1563 1564 1238 1237 1565 1566 1567
246 21 2 1 1 433 750 808 1568 1569 1570 1571 1572 1573 1574
247 21 2 1 1 740 615 884 1575 1576 1486 1485 1577 1578 1579
248 21 2 1 1 425 450 451 1020 1019 1580 1581 1489 1488 1582
249 21 2 1 1 627 552 628 1583 1584 1585 1586 1587 1588 1589
250 21 2 1 1 595 576 739 1590 1591 1592 1593 1397 1396 1594
251 21 2 1 1 804 403 864 1595 1596 1597 1598 1599 1600 1601
252 21 2 1 1 510 512 684 1602 1603 1604 1605 1606 1607 1608
253 21 2 1 1 641 575 845 1609 1610 1611 1612 1613 1614 1615
254 21 2 1 1 774 643 861 1309 1308 1616 1617 1618 1619 1620
255 21 2 1 1 657 658 729 1621 1622 1466 1465 1623 1624 1625
256 21 2 1 1 411 740 763 1626 1627 1628 1629 1630 1631 1632
257 21 2 1 1 389 790 855 1633 1634 1635 1636 1637 1638 1639
258 21 2 1 1 589 563 648 1640 1641 1642 1643 1541 1540 1644
259 21 2 1 1 408 774 861 1645 1646 1619 1618 1647 1648 1649
260 21 2 1 1 629 528 630 1650 1651 1524 1523 1652 1653 1654
261 21 2 1 1 396 827 849 1655 1656 1657 1658 1659 1660 1661
262 21 2 1 1 594 600 601 1662 1663 1664 1665 1666 1667 1668
263 21 2 1 1 635 632 735 1669 1670 1408 1407 1421 1420 1671
264 21 2 1 1 406 645 863 1529 1528 1672 1673 1219 1218 1674
265 21 2 1 1 598 560 605 1675 1676 1677 1678 1679 1680 1681
266 21 2 1 1 530 498 665 1682 1683 1463 1462 1207 1206 1684
267 21 2 1 1 491 505 665 1685 1686 1687 1688 1461 1460 1689
268 21 2 1 1 561 598 599 1690 1691 1692 1693 1694 1695 1696
269 21 2 1 1 424 739 793 1697 1698 986 985 1699 1700 1701
270 21 2 1 1 590 589 745 1702 1703 1375 1374 1704 1705 1706
271 21 2 1 1 812 393 846 1707 1708 1709 1710 1711 1712 1713
272 21 2 1 1 654 657 662 1714 1715 1716 1717 1718 1719 1720
273 21 2 1 1 683 679 760 1721 1722 1723 1724 1546 1545 1725
274 21 2 1 1 602 604 754 1726 1727 1728 1729 1730 1731 1732
275 21 2 1 1 553 545 626 1733 1734 1735 1736 1336 1335 1737
276 21 2 1 1 661 669 670 1738 1739 1740 1741 1742 1743 1744
277 21 2 1 1 677 679 683 1745 1746 1722 1721 1747 1748 1749
278 21 2 1 1 674 529 684 1750 1751 1752 1753 1754 1755 1756
279 21 2 1 1 672 529 674 1757 1758 1751 1750 1759 1760 1761
280 21 2 1 1 666 578 846 1762 1763 1764 1765 1766 1767 1768
281 21 2 1 1 605 627 744 1769 1770 1771 1772 1348 1347 1773
282 21 2 1 1 625 402 850 1501 1500 1774 1775 1776 1777 1778
283 21 2 1 1 749 434 862 1779 1780 1252 1251 1781 1782 1783
284 21 2 1 1 658 659 660 1784 1785 1786 1787 1788 1789 1790
285 21 2 1 1 600 592 611 1791 1792 1793 1794 1795 1796 1797
286 21 2 1 1 594 592 600 1798 1799 1792 1791 1663 1662 1800
287 21 2 1 1 606 566 607 1801 1802 1803 1804 1805 1806 1807
288 21 2 1 1 623 577 624 1808 1809 1810 1811 1314 1313 1812
289 21 2 1 1 393 666 846 1564 1563 1767 1766 1710 1709 1813
290 21 2 1 1 561 560 598 1814 1815 1676 1675 1691 1690 1816
291 21 2 1 1 652 410 870 1368 1367 1817 1818 1819 1820 1821
292 21 2 1 1 421 729 790 1297 1296 1822 1823 1824 1825 1826
293 21 2 1 1 661 742 882 1827 1828 1829 1830 1831 1832 1833
294 21 2 1 1 639 638 640 1834 1835 1836 1837 1838 1839 1840
295 21 2 1 1 852 623 868 1841 1842 1438 1437 1126 1125 1843
296 21 2 1 1 387 757 828 1844 1845 1846 1847 1848 1849 1850
297 21 2 1 1 529 672 737 1758 1757 1851 1852 1853 1854 1855
298 21 2 1 1 618 616 619 1856 1857 1858 1859 1860 1861 1862
299 21 2 1 1 624 577 692 1811 1810 1863 1864 1865 1866 1867
300 21 2 1 1 443 745 759 1444 1443 1379 1378 1868 1869 1870
301 21 2 1 1 669 668 737 1871 1872 1873 1874 1875 1876 1877
302 21 2 1 1 555 576 595 1878 1879 1591 1590 1880 1881 1882
303 21 2 1 1 745 798 859 1448 1447 1883 1884 1885 1886 1887
304 21 2 1 1 786 451 888 1491 1490 1888 1889 1890 1891 1892
305 21 2 1 1 751 400 789 1893 1894 1895 1896 944 943 1897
306 21 2 1 1 676 674 684 1898 1899 1755 1754 1329 1328 1900
307 21 2 1 1 512 527 684 1901 1902 1331 1330 1605 1604 1903
308 21 2 1 1 529 510 684 1904 1905 1607 1606 1753 1752 1906
309 21 2 1 1 736 404 811 1363 1362 1907 1908 1257 1256 1909
310 21 2 1 1 563 553 597 1910 1911 1334 1333 1912 1913 1914
311 21 2 1 1 607 608 609 1915 1916 1917 1918 1919 1920 1921
312 21 2 1 1 616 615 740 1922 1923 1576 1575 1924 1925 1926
313 21 2 1 1 662 657 663 1717 1716 1927 1928 1929 1930 1931
314 21 2 1 1 673 675 682 1932 1933 1934 1935 1936 1937 1938
315 21 2 1 1 742 440 821 1939 1940 1941 1942 1943 1944 1945
316 21 2 1 1 740 427 763 1946 1947 1948 1949 1629 1628 1950
317 21 2 1 1 636 638 639 1951 1952 1835 1834 1953 1954 1955
318 21 2 1 1 752 428 877 1011 1010 1278 1277 1956 1957 1958
319 21 2 1 1 658 660 795 1789 1788 1959 1960 1961 1962 1963
320 21 2 1 1 490 492 731 1964 1965 1966 1967 1968 1969 1970
321 21 2 1 1 673 682 736 1937 1936 1365 1364 1498 1497 1971
322 21 2 1 1 670 669 671 1741 1740 1972 1973 1974 1975 1976
323 21 2 1 1 564 563 589 1977 1978 1641 1640 1979 1980 1981
324 21 2 1 1 528 629 687 1651 1650 1982 1983 1984 1985 1986
325 21 2 1 1 456 454 649 1987 1988 1989 1990 1991 1992 1993
326 21 2 1 1 602 601 603 1994 1995 1996 1997 1998 1999 2000
327 21 2 1 1 643 420 785 1307 1306 2001 2002 2003 2004 2005
328 21 2 1 1 657 656 658 2006 2007 2008 2009 1622 1621 2010
329 21 2 1 1 547 552 627 2011 2012 1584 1583 2013 2014 2015
330 21 2 1 1 592 590 611 2016 2017 2018 2019 1794 1793 2020
331 21 2 1 1 574 578 666 2021 2022 1763 1762 2023 2024 2025
332 21 2 1 1 403 744 864 2026 2027 2028 2029 1598 1597 2030
333 21 2 1 1 634 645 753 2031 2032 1533 1532 2033 2034 2035
334 21 2 1 1 660 661 882 2036 2037 1832 1831 2038 2039 2040
335 21 2 1 1 612 613 757 2041 2042 2043 2044 1514 1513 2045
336 21 2 1 1 653 654 662 2046 2047 1719 1718 2048 2049 2050
337 21 2 1 1 668 524 737 2051 2052 2053 2054 1874 1873 2055
338 21 2 1 1 578 579 587 2056 2057 2058 2059 2060 2061 2062
339 21 2 1 1 565 566 606 2063 2064 1802 1801 2065 2066 2067
340 21 2 1 1 609 610 652 2068 2069 2070 2071 2072 2073 2074
341 21 2 1 1 848 609 870 2075 2076 2077 2078 1133 1132 2079
342 21 2 1 1 610 630 631 2080 2081 2082 2083 2084 2085 2086
343 21 2 1 1 605 805 806 1352 1351 1245 1244 2087 2088 2089
344 21 2 1 1 480 456 649 2090 2091 1992 1991 2092 2093 2094
345 21 2 1 1 622 577 623 2095 2096 1809 1808 2097 2098 2099
346 21 2 1 1 685 505 731 2100 2101 2102 2103 2104 2105 2106
347 21 2 1 1 755 830 857 1508 1507 2107 2108 2109 2110 2111
348 21 2 1 1 609 652 870 2073 2072 1820 1819 2078 2077 2112
349 21 2 1 1 634 636 645 2113 2114 2115 2116 2032 2031 2117
350 21 2 1 1 740 411 869 1627 1626 2118 2119 2120 2121 2122
351 21 2 1 1 631 632 633 2123 2124 2125 2126 2127 2128 2129
352 21 2 1 1 492 667 731 2130 2131 2132 2133 1967 1966 2134
353 21 2 1 1 634 753 856 2034 2033 2135 2136 2137 2138 2139
354 21 2 1 1 580 624 692 2140 2141 1866 1865 2142 2143 2144
355 21 2 1 1 604 603 615 2145 2146 2147 2148 2149 2150 2151
356 21 2 1 1 587 588 612 2152 2153 2154 2155 2156 2157 2158
357 21 2 1 1 640 797 844 2159 2160 1162 1161 2161 2162 2163
358 21 2 1 1 685 602 754 2164 2165 1731 1730 2166 2167 2168
359 21 2 1 1 457 504 653 2169 2170 2171 2172 2173 2174 2175
360 21 2 1 1 667 492 689 2131 2130 2176 2177 2178 2179 2180
361 21 2 1 1 675 681 682 2181 2182 901 900 1935 1934 2183
362 21 2 1 1 598 605 806 1680 1679 2088 2087 2184 2185 2186
363 21 2 1 1 565 606 625 2066 2065 2187 2188 2189 2190 2191
364 21 2 1 1 653 504 654 2172 2171 2192 2193 2047 2046 2194
365 21 2 1 1 633 634 856 2195 2196 2138 2137 1428 1427 2197
366 21 2 1 1 677 678 679 2198 2199 2200 2201 1746 1745 2202
367 21 2 1 1 820 599 826 920 919 2203 2204 1165 1164 2205
368 21 2 1 1 809 434 850 2206 2207 2208 2209 2210 2211 2212
369 21 2 1 1 576 577 622 2213 2214 2096 2095 2215 2216 2217
370 21 2 1 1 575 641 847 1610 1609 1386 1385 2218 2219 2220
371 21 2 1 1 686 667 689 2221 2222 2179 2178 2223 2224 2225
372 21 2 1 1 505 490 731 2226 2227 1969 1968 2103 2102 2228
373 21 2 1 1 493 495 687 2229 2230 2231 2232 2233 2234 2235
374 21 2 1 1 434 749 850 1780 1779 2236 2237 2209 2208 2238
375 21 2 1 1 808 750 865 1571 1570 2239 2240 2241 2242 2243
376 21 2 1 1 849 827 880 1658 1657 2244 2245 2246 2247 2248
377 21 2 1 1 753 406 771 1531 1530 2249 2250 2251 2252 2253
378 21 2 1 1 611 590 745 2019 2018 1705 1704 2254 2255 2256
379 21 2 1 1 661 670 742 1743 1742 2257 2258 1828 1827 2259
380 21 2 1 1 564 589 590 1980 1979 1703 1702 2260 2261 2262
381 21 2 1 1 636 639 645 1954 1953 2263 2264 2116 2115 2265
382 21 2 1 1 675 677 681 2266 2267 2268 2269 2182 2181 2270
383 21 2 1 1 618 619 620 1861 1860 2271 2272 2273 2274 2275
384 21 2 1 1 842 611 859 2276 2277 2278 2279 1197 1196 2280
385 21 2 1 1 604 617 754 2281 2282 2283 2284 1729 1728 2285
386 21 2 1 1 554 564 686 2286 2287 2288 2289 2290 2291 2292
387 21 2 1 1 654 656 657 2293 2294 2007 2006 1715 1714 2295
388 21 2 1 1 574 551 578 2296 2297 2298 2299 2022 2021 2300
389 21 2 1 1 454 539 649 2301 2302 1521 1520 1990 1989 2303
390 21 2 1 1 443 759 833 1869 1868 2304 2305 2306 2307 2308
391 21 2 1 1 489 507 730 2309 2310 2311 2312 2313 2314 2315
392 21 2 1 1 610 631 652 2085 2084 2316 2317 2071 2070 2318
393 21 2 1 1 619 616 740 1859 1858 1925 1924 2319 2320 2321
394 21 2 1 1 599 598 826 1693 1692 2322 2323 2204 2203 2324
395 21 2 1 1 563 597 648 1913 1912 2325 2326 1643 1642 2327
396 21 2 1 1 575 651 845 2328 2329 2330 2331 1612 1611 2332
397 21 2 1 1 714 690 734 2333 2334 2335 2336 2337 2338 2339
398 21 2 1 1 744 403 805 2027 2026 2340 2341 1350 1349 2342
399 21 2 1 1 525 493 687 2343 2344 2234 2233 2345 2346 2347
400 21 2 1 1 495 528 687 2348 2349 1985 1984 2232 2231 2350
401 21 2 1 1 631 630 632 2083 2082 1404 1403 2124 2123 2351
402 21 2 1 1 555 595 596 1881 1880 2352 2353 2354 2355 2356
403 21 2 1 1 455 457 653 2357 2358 2174 2173 2359 2360 2361
404 21 2 1 1 459 461 688 2362 2363 2364 2365 2366 2367 2368
405 21 2 1 1 555 549 576 2369 2370 2371 2372 1879 1878 2373
406 21 2 1 1 572 554 686 2374 2375 2291 2290 2376 2377 2378
407 21 2 1 1 639 844 863 2379 2380 1204 1203 2381 2382 2383
408 21 2 1 1 690 689 734 2384 2385 2386 2387 2336 2335 2388
409 21 2 1 1 732 494 733 2389 2390 2391 2392 2393 2394 2395
410 21 2 1 1 505 685 754 2101 2100 2167 2166 2396 2397 2398
411 21 2 1 1 646 536 746 2399 2400 2401 2402 2403 2404 2405
412 21 2 1 1 654 504 655 2193 2192 2406 2407 2408 2409 2410
413 21 2 1 1 649 614 738 1519 1518 2411 2412 2413 2414 2415
414 21 2 1 1 688 489 730 2416 2417 2314 2313 2418 2419 2420
415 21 2 1 1 838 756 857 2421 2422 2423 2424 1185 1184 2425
416 21 2 1 1 660 659 661 1787 1786 2426 2427 2037 2036 2428
417 21 2 1 1 675 676 677 2429 2430 2431 2432 2267 2266 2433
418 21 2 1 1 461 489 688 2434 2435 2417 2416 2365 2364 2436
419 21 2 1 1 504 459 688 2437 2438 2367 2366 2439 2440 2441
420 21 2 1 1 672 669 737 2442 2443 1876 1875 1852 1851 2444
421 21 2 1 1 524 668 741 2052 2051 2445 2446 2447 2448 2449
422 21 2 1 1 507 524 730 2450 2451 2452 2453 2312 2311 2454
423 21 2 1 1 578 551 579 2299 2298 2455 2456 2057 2056 2457
424 21 2 1 1 773 601 778 2458 2459 2460 2461 1155 1154 2462
425 21 2 1 1 588 579 748 2463 2464 2465 2466 2467 2468 2469
426 21 2 1 1 603 773 853 2470 2471 1177 1176 2472 2473 2474
427 21 2 1 1 587 612 801 2157 2156 960 959 2475 2476 2477
428 21 2 1 1 601 600 778 1665 1664 2478 2479 2461 2460 2480
429 21 2 1 1 480 649 738 2093 2092 2414 2413 2481 2482 2483
430 21 2 1 1 658 656 659 2009 2008 2484 2485 1785 1784 2486
431 21 2 1 1 556 568 697 2487 2488 2489 2490 2491 2492 2493
432 21 2 1 1 562 653 662 2494 2495 2049 2048 1551 1550 2496
433 21 2 1 1 576 549 577 2372 2371 2497 2498 2214 2213 2499
434 21 2 1 1 567 582 728 2500 2501 2502 2503 2504 2505 2506
435 21 2 1 1 564 591 686 2507 2508 2509 2510 2289 2288 2511
436 21 2 1 1 580 692 707 2143 2142 2512 2513 2514 2515 2516
437 21 2 1 1 654 655 656 2409 2408 2517 2518 2294 2293 2519
438 21 2 1 1 538 556 697 2520 2521 2492 2491 2522 2523 2524
439 21 2 1 1 587 579 588 2059 2058 2464 2463 2153 2152 2525
440 21 2 1 1 655 504 688 2407 2406 2440 2439 2526 2527 2528
441 21 2 1 1 460 691 696 2529 2530 2531 2532 2533 2534 2535
442 21 2 1 1 572 686 689 2377 2376 2224 2223 2536 2537 2538
443 21 2 1 1 692 540 707 2539 2540 2541 2542 2513 2512 2543
444 21 2 1 1 582 691 728 2544 2545 2546 2547 2503 2502 2548
445 21 2 1 1 568 567 728 2549 2550 2505 2504 2551 2552 2553
446 21 2 1 1 691 582 696 2545 2544 2554 2555 2532 2531 2556
447 21 2 1 1 460 458 691 2557 2558 2559 2560 2530 2529 2561
448 21 2 1 1 690 732 733 2562 2563 2394 2393 2564 2565 2566
449 21 2 1 1 572 689 690 2537 2536 2385 2384 2567 2568 2569
450 21 2 1 1 707 705 721 2570 2571 2572 2573 2574 2575 2576
451 21 2 1 1 540 519 706 2577 2578 2579 2580 2581 2582 2583
452 21 2 1 1 569 585 708 2584 2585 2586 2587 2588 2589 2590
453 21 2 1 1 519 542 706 2591 2592 2593 2594 2580 2579 2595
454 21 2 1 1 580 707 721 2515 2514 2575 2574 2596 2597 2598
455 21 2 1 1 706 705 707 2599 2600 2571 2570 2601 2602 2603
456 21 2 1 1 542 704 706 2604 2605 2606 2607 2594 2593 2608
457 21 2 1 1 515 513 694 2609 2610 2611 2612 2613 2614 2615
458 21 2 1 1 704 542 708 2605 2604 2616 2617 2618 2619 2620
459 21 2 1 1 465 696 725 2621 2622 2623 2624 2625 2626 2627
460 21 2 1 1 540 706 707 2582 2581 2602 2601 2542 2541 2628
461 21 2 1 1 513 570 694 2629 2630 2631 2632 2612 2611 2633
462 21 2 1 1 585 704 708 2634 2635 2619 2618 2587 2586 2636
463 21 2 1 1 581 569 708 2637 2638 2589 2588 2639 2640 2641
464 21 2 1 1 581 708 727 2640 2639 2642 2643 2644 2645 2646
465 21 2 1 1 693 570 695 2647 2648 2649 2650 2651 2652 2653
466 21 2 1 1 570 693 694 2648 2647 2654 2655 2632 2631 2656
467 21 2 1 1 694 581 727 2657 2658 2645 2644 2659 2660 2661
468 21 2 1 1 696 582 725 2555 2554 2662 2663 2624 2623 2664
469 21 2 1 1 695 467 701 2665 2666 2667 2668 2669 2670 2671
470 21 2 1 1 693 695 701 2652 2651 2670 2669 2672 2673 2674
471 21 2 1 1 465 462 696 2675 2676 2677 2678 2622 2621 2679
472 21 2 1 1 515 694 727 2614 2613 2660 2659 2680 2681 2682
473 21 2 1 1 698 506 726 2683 2684 2685 2686 2687 2688 2689
474 21 2 1 1 467 695 726 2666 2665 2690 2691 2692 2693 2694
475 21 2 1 1 695 570 698 2650 2649 2695 2696 2697 2698 2699
476 21 2 1 1 695 698 726 2698 2697 2688 2687 2691 2690 2700
477 21 2 1 1 506 463 726 2701 2702 2703 2704 2686 2685 2705
478 21 2 1 1 511 508 698 2706 2707 2708 2709 2710 2711 2712
479 21 2 1 1 570 511 698 2713 2714 2711 2710 2696 2695 2715
480 21 2 1 1 508 506 698 2716 2717 2684 2683 2709 2708 2718
481 21 2 1 1 571 583 725 2719 2720 2721 2722 2723 2724 2725
482 21 2 1 1 583 699 725 2726 2727 2728 2729 2722 2721 2730
483 21 2 1 1 469 699 712 2731 2732 2733 2734 2735 2736 2737
484 21 2 1 1 582 571 725 2738 2739 2724 2723 2663 2662 2740
485 21 2 1 1 699 583 712 2727 2726 2741 2742 2734 2733 2743
486 21 2 1 1 469 466 699 2744 2745 2746 2747 2732 2731 2748
487 21 2 1 1 467 468 701 2749 2750 2751 2752 2668 2667 2753
488 21 2 1 1 712 586 724 2754 2755 2756 2757 2758 2759 2760
489 21 2 1 1 583 586 712 2761 2762 2755 2754 2742 2741 2763
490 21 2 1 1 700 712 724 2764 2765 2759 2758 2766 2767 2768
491 21 2 1 1 700 469 712 2769 2770 2736 2735 2765 2764 2771
492 21 2 1 1 705 541 721 2772 2773 2774 2775 2573 2572 2776
493 21 2 1 1 703 541 705 2777 2778 2773 2772 2779 2780 2781
494 21 2 1 1 558 693 701 2782 2783 2673 2672 2784 2785 2786
495 21 2 1 1 541 703 719 2778 2777 2787 2788 2789 2790 2791
496 21 2 1 1 470 469 700 2792 2793 2770 2769 2794 2795 2796
497 21 2 1 1 703 702 719 2797 2798 2799 2800 2788 2787 2801
498 21 2 1 1 702 559 719 2802 2803 2804 2805 2800 2799 2806
499 21 2 1 1 710 711 718 2807 2808 2809 2810 2811 2812 2813
500 21 2 1 1 559 702 710 2803 2802 2814 2815 2816 2817 2818
501 21 2 1 1 471 558 701 2819 2820 2785 2784 2821 2822 2823
502 21 2 1 1 559 710 718 2817 2816 2812 2811 2824 2825 2826
503 21 2 1 1 710 709 711 2827 2828 2829 2830 2808 2807 2831
504 21 2 1 1 584 475 709 2832 2833 2834 2835 2836 2837 2838
505 21 2 1 1 584 709 710 2837 2836 2828 2827 2839 2840 2841
506 21 2 1 1 722 543 724 2842 2843 2844 2845 2846 2847 2848
507 21 2 1 1 475 472 709 2849 2850 2851 2852 2835 2834 2853
508 21 2 1 1 479 476 713 2854 2855 2856 2857 2858 2859 2860
509 21 2 1 1 543 713 724 2861 2862 2863 2864 2845 2844 2865
510 21 2 1 1 586 722 724 2866 2867 2847 2846 2757 2756 2868
511 21 2 1 1 702 584 710 2869 2870 2840 2839 2815 2814 2871
512 21 2 1 1 543 479 713 2872 2873 2859 2858 2862 2861 2874
513 21 2 1 1 476 473 713 2875 2876 2877 2878 2857 2856 2879
514 21 2 1 1 477 482 711 2880 2881 2882 2883 2884 2885 2886
515 21 2 1 1 711 482 718 2883 2882 2887 2888 2810 2809 2889
516 21 2 1 1 474 477 711 2890 2891 2885 2884 2892 2893 2894
517 21 2 1 1 722 717 723 2895 2896 2897 2898 2899 2900 2901
518 21 2 1 1 543 722 723 2843 2842 2900 2899 2902 2903 2904
519 21 2 1 1 501 496 717 2905 2906 2907 2908 2909 2910 2911
520 21 2 1 1 522 501 717 2912 2913 2910 2909 2914 2915 2916
521 21 2 1 1 715 522 717 2917 2918 2915 2914 2919 2920 2921
522 21 2 1 1 522 715 716 2918 2917 2922 2923 2924 2925 2926
523 21 2 1 1 573 557 716 2927 2928 2929 2930 2931 2932 2933
524 21 2 1 1 478 483 714 2934 2935 2936 2937 2938 2939 2940
525 21 2 1 1 541 532 721 2941 2942 2943 2944 2775 2774 2945
526 21 2 1 1 532 547 548 2946 2947 2948 2949 2950 2951 2952
527 21 2 1 1 482 486 718 2953 2954 2955 2956 2888 2887 2957
528 21 2 1 1 715 573 716 2958 2959 2932 2931 2923 2922 2960
529 21 2 1 1 532 548 721 2951 2950 2961 2962 2944 2943 2963
530 21 2 1 1 534 537 538 2964 2965 2966 2967 2968 2969 2970
531 21 2 1 1 715 717 722 2920 2919 2896 2895 2971 2972 2973
532 21 2 1 1 497 499 559 2974 2975 2976 2977 2978 2979 2980
533 21 2 1 1 557 537 716 2981 2982 2983 2984 2930 2929 2985
534 21 2 1 1 486 497 718 2986 2987 2988 2989 2956 2955 2990
535 21 2 1 1 494 493 525 2991 2992 2344 2343 2993 2994 2995
536 21 2 1 1 533 523 534 2996 2997 2998 2999 3000 3001 3002
537 21 2 1 1 556 537 557 3003 3004 2982 2981 3005 3006 3007
538 21 2 1 1 481 478 714 3008 3009 2939 2938 3010 3011 3012
539 21 2 1 1 486 490 491 3013 3014 3015 3016 3017 3018 3019
540 21 2 1 1 494 525 526 2994 2993 3020 3021 3022 3023 3024
541 21 2 1 1 495 500 528 3025 3026 3027 3028 2349 2348 3029
542 21 2 1 1 521 523 533 3030 3031 2997 2996 1212 1211 3032
543 21 2 1 1 546 545 553 3033 3034 1734 1733 3035 3036 3037
544 21 2 1 1 567 557 571 3038 3039 3040 3041 3042 3043 3044
545 21 2 1 1 486 491 497 3018 3017 3045 3046 2987 2986 3047
546 21 2 1 1 487 493 494 3048 3049 2992 2991 3050 3051 3052
547 21 2 1 1 497 559 718 2979 2978 2825 2824 2989 2988 3053
548 21 2 1 1 499 503 719 3054 3055 3056 3057 3058 3059 3060
549 21 2 1 1 523 522 716 3061 3062 2925 2924 3063 3064 3065
550 21 2 1 1 547 531 552 3066 3067 3068 3069 2012 2011 3070
551 21 2 1 1 548 580 721 3071 3072 2597 2596 2962 2961 3073
552 21 2 1 1 482 481 485 3074 3075 3076 3077 3078 3079 3080
553 21 2 1 1 483 484 487 3081 3082 3083 3084 3085 3086 3087
554 21 2 1 1 486 485 490 3088 3089 3090 3091 3014 3013 3092
555 21 2 1 1 559 499 719 2977 2976 3059 3058 2805 2804 3093
556 21 2 1 1 521 501 522 3094 3095 2913 2912 3096 3097 3098
557 21 2 1 1 503 532 541 3099 3100 2942 2941 3101 3102 3103
558 21 2 1 1 503 541 719 3102 3101 2790 2789 3057 3056 3104
559 21 2 1 1 535 549 555 3105 3106 2370 2369 3107 3108 3109
560 21 2 1 1 567 571 582 3043 3042 2739 2738 2501 2500 3110
561 21 2 1 1 535 519 540 3111 3112 2578 2577 3113 3114 3115
562 21 2 1 1 548 561 580 3116 3117 3118 3119 3072 3071 3120
563 21 2 1 1 571 557 573 3041 3040 2928 2927 3121 3122 3123
564 21 2 1 1 487 488 493 3124 3125 3126 3127 3049 3048 3128
565 21 2 1 1 495 488 496 3129 3130 3131 3132 3133 3134 3135
566 21 2 1 1 497 491 498 3046 3045 1459 1458 3136 3137 3138
567 21 2 1 1 717 496 723 2908 2907 3139 3140 2898 2897 3141
568 21 2 1 1 499 502 503 3142 3143 3144 3145 3055 3054 3146
569 21 2 1 1 503 502 531 3145 3144 3147 3148 3149 3150 3151
570 21 2 1 1 503 531 532 3150 3149 3152 3153 3100 3099 3154
571 21 2 1 1 519 517 542 3155 3156 3157 3158 2592 2591 3159
572 21 2 1 1 518 519 535 3160 3161 3112 3111 3162 3163 3164
573 21 2 1 1 521 522 523 3097 3096 3062 3061 3031 3030 3165
574 21 2 1 1 532 531 547 3153 3152 3067 3066 2947 2946 3166
575 21 2 1 1 538 537 556 2967 2966 3004 3003 2521 2520 3167
576 21 2 1 1 550 538 551 3168 3169 3170 3171 3172 3173 3174
577 21 2 1 1 545 544 565 3175 3176 3177 3178 3179 3180 3181
578 21 2 1 1 546 554 572 3182 3183 2375 2374 3184 3185 3186
579 21 2 1 1 548 547 560 2949 2948 3187 3188 3189 3190 3191
580 21 2 1 1 556 557 567 3006 3005 3039 3038 3192 3193 3194
581 21 2 1 1 556 567 568 3193 3192 2550 2549 2488 2487 3195
582 21 2 1 1 571 573 583 3122 3121 3196 3197 2720 2719 3198
583 21 2 1 1 585 584 702 3199 3200 2870 2869 3201 3202 3203
584 21 2 1 1 586 715 722 3204 3205 2972 2971 2867 2866 3206
585 21 2 1 1 478 476 479 3207 3208 2855 2854 3209 3210 3211
586 21 2 1 1 477 478 481 3212 3213 3009 3008 3214 3215 3216
587 21 2 1 1 484 479 543 3217 3218 2873 2872 3219 3220 3221
588 21 2 1 1 484 543 723 3220 3219 2903 2902 3222 3223 3224
589 21 2 1 1 490 485 492 3091 3090 3225 3226 1965 1964 3227
590 21 2 1 1 493 488 495 3127 3126 3130 3129 2230 2229 3228
591 21 2 1 1 495 496 500 3134 3133 3229 3230 3026 3025 3231
592 21 2 1 1 502 498 530 3232 3233 1683 1682 3234 3235 3236
593 21 2 1 1 502 530 720 3235 3234 3237 3238 3239 3240 3241
594 21 2 1 1 531 502 720 3148 3147 3240 3239 3242 3243 3244
595 21 2 1 1 534 523 537 2999 2998 3245 3246 2965 2964 3247
596 21 2 1 1 537 523 716 3246 3245 3064 3063 2984 2983 3248
597 21 2 1 1 526 545 546 3249 3250 3034 3033 3251 3252 3253
598 21 2 1 1 552 531 720 3069 3068 3243 3242 3254 3255 3256
599 21 2 1 1 535 540 549 3114 3113 3257 3258 3106 3105 3259
600 21 2 1 1 550 551 574 3173 3172 2297 2296 3260 3261 3262
601 21 2 1 1 550 574 575 3261 3260 3263 3264 3265 3266 3267
602 21 2 1 1 585 702 703 3202 3201 2798 2797 3268 3269 3270
603 21 2 1 1 704 703 705 3271 3272 2780 2779 3273 3274 3275
604 21 2 1 1 478 479 483 3210 3209 3276 3277 2935 2934 3278
605 21 2 1 1 491 490 505 3016 3015 2227 2226 1686 1685 3279
606 21 2 1 1 500 501 520 3280 3281 3282 3283 3284 3285 3286
607 21 2 1 1 520 501 521 3283 3282 3095 3094 937 936 3287
608 21 2 1 1 526 525 544 3021 3020 3288 3289 3290 3291 3292
609 21 2 1 1 583 573 586 3197 3196 3293 3294 2762 2761 3295
610 21 2 1 1 585 703 704 3269 3268 3272 3271 2635 2634 3296
611 21 2 1 1 477 481 482 3215 3214 3075 3074 2881 2880 3297
612 21 2 1 1 483 479 484 3277 3276 3218 3217 3082 3081 3298
613 21 2 1 1 482 485 486 3079 3078 3089 3088 2954 2953 3299
614 21 2 1 1 500 496 501 3230 3229 2906 2905 3281 3280 3300
615 21 2 1 1 499 498 502 3301 3302 3233 3232 3143 3142 3303
616 21 2 1 1 526 544 545 3291 3290 3176 3175 3250 3249 3304
617 21 2 1 1 534 538 550 2969 2968 3169 3168 3305 3306 3307
618 21 2 1 1 565 544 566 3178 3177 3308 3309 2064 2063 3310
619 21 2 1 1 554 553 563 3311 3312 1911 1910 3313 3314 3315
620 21 2 1 1 586 573 715 3294 3293 2959 2958 3205 3204 3316
621 21 2 1 1 693 581 694 3317 3318 2658 2657 2655 2654 3319
622 21 2 1 1 704 705 706 3274 3273 2600 2599 2607 2606 3320
623 21 2 1 1 546 553 554 3036 3035 3312 3311 3183 3182 3321
624 21 2 1 1 487 484 488 3084 3083 3322 3323 3125 3124 3324
625 21 2 1 1 488 484 723 3323 3322 3223 3222 3325 3326 3327
626 21 2 1 1 497 498 499 3137 3136 3302 3301 2975 2974 3328
627 21 2 1 1 518 517 519 3329 3330 3156 3155 3161 3160 3331
628 21 2 1 1 554 563 564 3314 3313 1978 1977 2287 2286 3332
629 21 2 1 1 516 518 536 3333 3334 3335 3336 3337 3338 3339
630 21 2 1 1 548 560 561 3190 3189 1815 1814 3117 3116 3340
631 21 2 1 1 496 488 723 3132 3131 3326 3325 3140 3139 3341
632 21 2 1 1 477 476 478 3342 3343 3208 3207 3213 3212 3344
633 21 2 1 1 558 581 693 3345 3346 3318 3317 2783 2782 3347
634 21 2 1 1 569 584 585 3348 3349 3200 3199 2585 2584 3350
635 21 2 1 1 516 517 518 3351 3352 3330 3329 3334 3333 3353
636 21 2 1 1 709 474 711 3354 3355 2893 2892 2830 2829 3356
637 21 2 1 1 474 476 477 3357 3358 3343 3342 2891 2890 3359
638 21 2 1 1 516 515 517 3360 3361 3362 3363 3352 3351 3364
639 21 2 1 1 569 475 584 3365 3366 2833 2832 3349 3348 3367
640 21 2 1 1 558 569 581 3368 3369 2638 2637 3346 3345 3370
641 21 2 1 1 472 474 709 3371 3372 3355 3354 2852 2851 3373
642 21 2 1 1 473 700 713 3374 3375 3376 3377 2878 2877 3378
643 21 2 1 1 514 515 516 3379 3380 3361 3360 3381 3382 3383
644 21 2 1 1 474 473 476 3384 3385 2876 2875 3358 3357 3386
645 21 2 1 1 558 475 569 3387 3388 3366 3365 3369 3368 3389
646 21 2 1 1 473 470 700 3390 3391 2795 2794 3375 3374 3392
647 21 2 1 1 514 513 515 3393 3394 2610 2609 3380 3379 3395
648 21 2 1 1 471 475 558 3396 3397 3388 3387 2820 2819 3398
649 21 2 1 1 472 473 474 3399 3400 3385 3384 3372 3371 3401
650 21 2 1 1 512 514 527 3402 3403 3404 3405 1902 1901 3406
651 21 2 1 1 713 700 724 3377 3376 2767 2766 2864 2863 3407
652 21 2 1 1 513 511 570 3408 3409 2714 2713 2630 2629 3410
653 21 2 1 1 472 470 473 3411 3412 3391 3390 3400 3399 3413
654 21 2 1 1 471 472 475 3414 3415 2850 2849 3397 3396 3416
655 21 2 1 1 512 513 514 3417 3418 3394 3393 3403 3402 3419
656 21 2 1 1 471 470 472 3420 3421 3412 3411 3415 3414 3422
657 21 2 1 1 512 511 513 3423 3424 3409 3408 3418 3417 3425
658 21 2 1 1 468 471 701 3426 3427 2822 2821 2752 2751 3428
659 21 2 1 1 468 470 471 3429 3430 3421 3420 3427 3426 3431
660 21 2 1 1 510 511 512 3432 3433 3424 3423 1603 1602 3434
661 21 2 1 1 468 469 470 3435 3436 2793 2792 3430 3429 3437
662 21 2 1 1 510 508 511 3438 3439 2707 2706 3433 3432 3440
663 21 2 1 1 509 510 529 3441 3442 1905 1904 3443 3444 3445
664 21 2 1 1 468 466 469 3446 3447 2745 2744 3436 3435 3448
665 21 2 1 1 509 508 510 3449 3450 3439 3438 3442 3441 3451
666 21 2 1 1 507 509 524 3452 3453 3454 3455 2451 2450 3456
667 21 2 1 1 467 466 468 3457 3458 3447 3446 2750 2749 3459
668 21 2 1 1 507 508 509 3460 3461 3450 3449 3453 3452 3462
669 21 2 1 1 464 466 467 3463 3464 3458 3457 3465 3466 3467
670 21 2 1 1 466 465 699 3468 3469 3470 3471 2747 2746 3472
671 21 2 1 1 507 506 508 3473 3474 2717 2716 3461 3460 3475
672 21 2 1 1 699 465 725 3471 3470 2626 2625 2729 2728 3476
673 21 2 1 1 464 465 466 3477 3478 3469 3468 3464 3463 3479
674 21 2 1 1 489 506 507 3480 3481 3474 3473 2310 2309 3482
675 21 2 1 1 464 467 726 3466 3465 2693 2692 3483 3484 3485
676 21 2 1 1 489 463 506 3486 3487 2702 2701 3481 3480 3488
677 21 2 1 1 464 462 465 3489 3490 2676 2675 3478 3477 3491
678 21 2 1 1 708 542 727 2617 2616 3492 3493 2643 2642 3494
679 21 2 1 1 463 462 464 3495 3496 3490 3489 3497 3498 3499
680 21 2 1 1 461 463 489 3500 3501 3487 3486 2435 2434 3502
681 21 2 1 1 517 515 727 3363 3362 2681 2680 3503 3504 3505
682 21 2 1 1 463 464 726 3498 3497 3484 3483 2704 2703 3506
683 21 2 1 1 542 517 727 3158 3157 3504 3503 3493 3492 3507
684 21 2 1 1 462 460 696 3508 3509 2534 2533 2678 2677 3510
685 21 2 1 1 461 462 463 3511 3512 3496 3495 3501 3500 3513
686 21 2 1 1 461 460 462 3514 3515 3509 3508 3512 3511 3516
687 21 2 1 1 459 460 461 3517 3518 3515 3514 2363 2362 3519
688 21 2 1 1 458 480 691 3520 3521 3522 3523 2560 2559 3524
689 21 2 1 1 459 458 460 3525 3526 2558 2557 3518 3517 3527
690 21 2 1 1 457 459 504 3528 3529 2438 2437 2170 2169 3530
691 21 2 1 1 593 594 685 3531 3532 3533 3534 3535 3536 3537
692 21 2 1 1 591 667 686 3538 3539 2222 2221 2510 2509 3540
693 21 2 1 1 458 456 480 3541 3542 2091 2090 3521 3520 3543
694 21 2 1 1 457 458 459 3544 3545 3526 3525 3529 3528 3546
695 21 2 1 1 691 480 728 3523 3522 3547 3548 2547 2546 3549
696 21 2 1 1 677 676 678 2432 2431 981 980 2199 2198 3550
697 21 2 1 1 549 540 692 3258 3257 2540 2539 3551 3552 3553
698 21 2 1 1 593 592 594 3554 3555 1799 1798 3532 3531 3556
699 21 2 1 1 591 593 667 3557 3558 3559 3560 3539 3538 3561
700 21 2 1 1 750 433 846 1569 1568 3562 3563 3564 3565 3566
701 21 2 1 1 457 456 458 3567 3568 3542 3541 3545 3544 3569
702 21 2 1 1 606 840 843 3570 3571 1147 1146 3572 3573 3574
703 21 2 1 1 551 538 697 3171 3170 2523 2522 3575 3576 3577
704 21 2 1 1 555 596 746 2355 2354 3578 3579 3580 3581 3582
705 21 2 1 1 593 685 731 3536 3535 2105 2104 3583 3584 3585
706 21 2 1 1 607 609 848 1920 1919 2076 2075 3586 3587 3588
707 21 2 1 1 627 628 744 1588 1587 3589 3590 1772 1771 3591
708 21 2 1 1 690 714 732 2334 2333 3592 3593 2563 2562 3594
709 21 2 1 1 689 492 734 2177 2176 3595 3596 2387 2386 3597
710 21 2 1 1 714 483 732 2937 2936 3598 3599 3593 3592 3600
711 21 2 1 1 487 494 732 3051 3050 2390 2389 3601 3602 3603
712 21 2 1 1 572 690 733 2568 2567 2565 2564 3604 3605 3606
713 21 2 1 1 494 526 733 3023 3022 3607 3608 2392 2391 3609
714 21 2 1 1 546 572 733 3185 3184 3605 3604 3610 3611 3612
715 21 2 1 1 481 714 734 3011 3010 2338 2337 3613 3614 3615
716 21 2 1 1 492 485 734 3226 3225 3616 3617 3596 3595 3618
717 21 2 1 1 591 592 593 3619 3620 3555 3554 3558 3557 3621
718 21 2 1 1 655 688 730 2527 2526 2419 2418 3622 3623 3624
719 21 2 1 1 577 549 692 2498 2497 3552 3551 1864 1863 3625
720 21 2 1 1 770 417 781 1473 1472 3626 3627 3628 3629 3630
721 21 2 1 1 455 456 457 3631 3632 3568 3567 2358 2357 3633
722 21 2 1 1 790 729 855 1823 1822 1470 1469 1636 1635 3634
723 21 2 1 1 596 595 643 2353 2352 3635 3636 3637 3638 3639
724 21 2 1 1 606 607 840 1806 1805 3640 3641 3571 3570 3642
725 21 2 1 1 500 520 735 3285 3284 1423 1422 3643 3644 3645
726 21 2 1 1 659 656 741 2485 2484 3646 3647 3648 3649 3650
727 21 2 1 1 603 601 773 1997 1996 2459 2458 2471 2470 3651
728 21 2 1 1 667 593 731 3560 3559 3584 3583 2133 2132 3652
729 21 2 1 1 636 637 638 3653 3654 3655 3656 1952 1951 3657
730 21 2 1 1 642 562 770 3658 3659 1345 1344 3660 3661 3662
731 21 2 1 1 728 480 738 3548 3547 2482 2481 3663 3664 3665
732 21 2 1 1 483 487 732 3086 3085 3602 3601 3599 3598 3666
733 21 2 1 1 526 546 733 3252 3251 3611 3610 3608 3607 3667
734 21 2 1 1 485 481 734 3077 3076 3614 3613 3617 3616 3668
735 21 2 1 1 629 608 747 3669 3670 3671 3672 3673 3674 3675
736 21 2 1 1 639 640 844 1839 1838 2162 2161 2380 2379 3676
737 21 2 1 1 509 529 737 3444 3443 1854 1853 3677 3678 3679
738 21 2 1 1 840 607 848 3641 3640 3587 3586 1172 1171 3680
739 21 2 1 1 591 590 592 3681 3682 2017 2016 3620 3619 3683
740 21 2 1 1 778 600 842 2479 2478 3684 3685 1150 1149 3686
741 21 2 1 1 579 551 697 2456 2455 3576 3575 3687 3688 3689
742 21 2 1 1 673 674 675 3690 3691 3692 3693 1933 1932 3694
743 21 2 1 1 730 524 741 2453 2452 2448 2447 3695 3696 3697
744 21 2 1 1 633 632 634 2126 2125 3698 3699 2196 2195 3700
745 21 2 1 1 675 674 676 3693 3692 1899 1898 2430 2429 3701
746 21 2 1 1 662 663 664 1930 1929 927 926 1553 1552 3702
747 21 2 1 1 432 760 768 1548 1547 3703 3704 3705 3706 3707
748 21 2 1 1 562 455 653 3708 3709 2360 2359 2495 2494 3710
749 21 2 1 1 671 672 673 3711 3712 3713 3714 1496 1495 3715
750 21 2 1 1 427 740 884 1947 1946 1578 1577 3716 3717 3718
751 21 2 1 1 528 500 735 3028 3027 3644 3643 1526 1525 3719
752 21 2 1 1 608 566 747 3720 3721 3722 3723 3672 3671 3724
753 21 2 1 1 579 697 748 3688 3687 3725 3726 2466 2465 3727
754 21 2 1 1 524 509 737 3455 3454 3678 3677 2054 2053 3728
755 21 2 1 1 610 629 630 3729 3730 1653 1652 2081 2080 3731
756 21 2 1 1 668 659 741 3732 3733 3649 3648 2446 2445 3734
757 21 2 1 1 681 677 683 2269 2268 1748 1747 999 998 3735
758 21 2 1 1 814 396 849 3736 3737 1660 1659 3738 3739 3740
759 21 2 1 1 656 655 741 2518 2517 3741 3742 3647 3646 3743
760 21 2 1 1 738 614 748 2412 2411 3744 3745 3746 3747 3748
761 21 2 1 1 535 555 746 3108 3107 3581 3580 3749 3750 3751
762 21 2 1 1 536 518 746 3336 3335 3752 3753 2402 2401 3754
763 21 2 1 1 568 728 738 2552 2551 3664 3663 3755 3756 3757
764 21 2 1 1 678 680 743 1394 1393 3758 3759 3760 3761 3762
765 21 2 1 1 453 455 562 3763 3764 3709 3708 3765 3766 3767
766 21 2 1 1 566 544 747 3309 3308 3768 3769 3723 3722 3770
767 21 2 1 1 661 668 669 3771 3772 1872 1871 1739 1738 3773
768 21 2 1 1 453 562 642 3766 3765 3659 3658 3774 3775 3776
769 21 2 1 1 646 644 647 3777 3778 3779 3780 3781 3782 3783
770 21 2 1 1 552 720 841 3255 3254 3784 3785 3786 3787 3788
771 21 2 1 1 614 588 748 3789 3790 2468 2467 3745 3744 3791
772 21 2 1 1 720 530 879 3238 3237 1478 1477 3792 3793 3794
773 21 2 1 1 622 623 852 2098 2097 1842 1841 1355 1354 3795
774 21 2 1 1 455 454 456 3796 3797 1988 1987 3632 3631 3798
775 21 2 1 1 575 574 650 3264 3263 3799 3800 3801 3802 3803
776 21 2 1 1 612 588 613 2155 2154 3804 3805 2042 2041 3806
777 21 2 1 1 536 680 883 3807 3808 3809 3810 3811 3812 3813
778 21 2 1 1 561 599 624 1695 1694 1316 1315 3814 3815 3816
779 21 2 1 1 617 616 618 3817 3818 1857 1856 913 912 3819
780 21 2 1 1 545 565 626 3180 3179 3820 3821 1736 1735 3822
781 21 2 1 1 580 561 624 3119 3118 3815 3814 2141 2140 3823
782 21 2 1 1 673 672 674 3714 3713 1760 1759 3691 3690 3824
783 21 2 1 1 594 601 602 1667 1666 1995 1994 3825 3826 3827
784 21 2 1 1 636 635 637 3828 3829 1321 1320 3654 3653 3830
785 21 2 1 1 634 635 636 3831 3832 3829 3828 2114 2113 3833
786 21 2 1 1 687 629 747 1983 1982 3674 3673 3834 3835 3836
787 21 2 1 1 525 687 747 2346 2345 3835 3834 3837 3838 3839
788 21 2 1 1 679 678 743 2201 2200 3761 3760 3840 3841 3842
789 21 2 1 1 564 590 591 2261 2260 3682 3681 2508 2507 3843
790 21 2 1 1 578 587 750 2061 2060 3844 3845 3846 3847 3848
791 21 2 1 1 594 602 685 3826 3825 2165 2164 3534 3533 3849
792 21 2 1 1 665 505 754 1688 1687 2397 2396 3850 3851 3852
793 21 2 1 1 568 738 748 3756 3755 3747 3746 3853 3854 3855
794 21 2 1 1 758 429 871 3856 3857 3858 3859 3860 3861 3862
795 21 2 1 1 596 646 746 3863 3864 2404 2403 3579 3578 3865
796 21 2 1 1 596 643 644 3638 3637 3866 3867 3868 3869 3870
797 21 2 1 1 602 603 604 1999 1998 2146 2145 1727 1726 3871
798 21 2 1 1 655 730 741 3623 3622 3696 3695 3742 3741 3872
799 21 2 1 1 576 622 739 2216 2215 934 933 1593 1592 3873
800 21 2 1 1 560 547 627 3188 3187 2014 2013 3874 3875 3876
801 21 2 1 1 518 535 746 3163 3162 3750 3749 3753 3752 3877
802 21 2 1 1 607 566 608 1804 1803 3721 3720 1916 1915 3878
803 21 2 1 1 605 560 627 1678 1677 3875 3874 1770 1769 3879
804 21 2 1 1 640 638 641 1837 1836 3880 3881 3882 3883 3884
805 21 2 1 1 609 608 610 1918 1917 3885 3886 2069 2068 3887
806 21 2 1 1 544 525 747 3289 3288 3838 3837 3769 3768 3888
807 21 2 1 1 418 753 771 3889 3890 2252 2251 3891 3892 3893
808 21 2 1 1 739 424 780 1698 1697 3894 3895 1399 1398 3896
809 21 2 1 1 821 416 882 3897 3898 3899 3900 3901 3902 3903
810 21 2 1 1 697 568 748 2490 2489 3854 3853 3726 3725 3904
811 21 2 1 1 663 657 729 1928 1927 1624 1623 1295 1294 3905
812 21 2 1 1 762 652 881 1370 1369 3906 3907 3908 3909 3910
813 21 2 1 1 680 527 883 1392 1391 3911 3912 3810 3809 3913
814 21 2 1 1 604 615 616 2150 2149 1923 1922 3914 3915 3916
815 21 2 1 1 440 742 880 1940 1939 3917 3918 3919 3920 3921
816 21 2 1 1 671 669 672 1973 1972 2443 2442 3712 3711 3922
817 21 2 1 1 787 426 881 3923 3924 3925 3926 3927 3928 3929
818 21 2 1 1 828 757 871 1847 1846 3930 3931 3932 3933 3934
819 21 2 1 1 615 603 853 2148 2147 2473 2472 1536 1535 3935
820 21 2 1 1 600 611 842 1796 1795 2277 2276 3685 3684 3936
821 21 2 1 1 670 671 849 1975 1974 3937 3938 3939 3940 3941
822 21 2 1 1 661 659 668 2427 2426 3733 3732 3772 3771 3942
823 21 2 1 1 402 809 850 3943 3944 2211 2210 1775 1774 3945
824 21 2 1 1 454 452 539 3946 3947 3948 3949 2302 2301 3950
825 21 2 1 1 400 751 885 1894 1893 3951 3952 3953 3954 3955
826 21 2 1 1 617 665 754 1209 1208 3851 3850 2284 2283 3956
827 21 2 1 1 631 633 761 2128 2127 1456 1455 3957 3958 3959
828 21 2 1 1 575 650 651 3802 3801 3960 3961 2329 2328 3962
829 21 2 1 1 626 625 850 3963 3964 1777 1776 3965 3966 3967
830 21 2 1 1 533 534 847 3001 3000 3968 3969 1384 1383 3970
831 21 2 1 1 550 575 847 3266 3265 2219 2218 3971 3972 3973
832 21 2 1 1 613 588 614 3805 3804 3790 3789 1302 1301 3974
833 21 2 1 1 453 454 455 3975 3976 3797 3796 3764 3763 3977
834 21 2 1 1 647 644 751 3780 3779 3978 3979 3980 3981 3982
835 21 2 1 1 634 632 635 3699 3698 1670 1669 3832 3831 3983
836 21 2 1 1 841 720 879 3785 3784 3793 3792 3984 3985 3986
837 21 2 1 1 757 387 802 1845 1844 3987 3988 1516 1515 3989
838 21 2 1 1 610 608 629 3886 3885 3670 3669 3730 3729 3990
839 21 2 1 1 779 408 861 3991 3992 1648 1647 3993 3994 3995
840 21 2 1 1 433 812 846 3996 3997 1712 1711 3563 3562 3998
841 21 2 1 1 680 536 858 3808 3807 3999 4000 4001 4002 4003
842 21 2 1 1 416 835 882 4004 4005 4006 4007 3900 3899 4008
843 21 2 1 1 565 625 626 2190 2189 3964 3963 3821 3820 4009
844 21 2 1 1 650 574 666 3800 3799 2024 2023 4010 4011 4012
845 21 2 1 1 795 660 867 1960 1959 4013 4014 4015 4016 4017
846 21 2 1 1 451 453 642 4018 4019 3775 3774 4020 4021 4022
847 21 2 1 1 647 743 858 4023 4024 4025 4026 4027 4028 4029
848 21 2 1 1 604 616 617 3915 3914 3818 3817 2282 2281 4030
849 21 2 1 1 596 644 646 3869 3868 3778 3777 3864 3863 4031
850 21 2 1 1 527 514 883 3405 3404 4032 4033 3912 3911 4034
851 21 2 1 1 516 536 883 3338 3337 3812 3811 4035 4036 4037
852 21 2 1 1 620 619 755 2272 2271 4038 4039 4040 4041 4042
853 21 2 1 1 742 821 882 1944 1943 3902 3901 1830 1829 4043
854 21 2 1 1 753 418 856 3890 3889 4044 4045 2136 2135 4046
855 21 2 1 1 598 806 886 2185 2184 4047 4048 4049 4050 4051
856 21 2 1 1 429 758 765 3857 3856 4052 4053 4054 4055 4056
857 21 2 1 1 613 621 757 1418 1417 4057 4058 2044 2043 4059
858 21 2 1 1 644 643 785 3867 3866 2004 2003 4060 4061 4062
859 21 2 1 1 815 814 849 4063 4064 3739 3738 4065 4066 4067
860 21 2 1 1 625 606 843 2188 2187 3573 3572 1503 1502 4068
861 21 2 1 1 647 751 752 3981 3980 1013 1012 4069 4070 4071
862 21 2 1 1 620 755 756 4041 4040 4072 4073 4074 4075 4076
863 21 2 1 1 756 755 857 4073 4072 2110 2109 2424 2423 4077
864 21 2 1 1 761 398 787 1454 1453 4078 4079 4080 4081 4082
865 21 2 1 1 426 762 881 4083 4084 3909 3908 3926 3925 4085
866 21 2 1 1 578 750 846 3847 3846 3565 3564 1765 1764 4086
867 21 2 1 1 794 389 855 4087 4088 1638 1637 4089 4090 4091
868 21 2 1 1 835 867 882 4092 4093 4094 4095 4007 4006 4096
869 21 2 1 1 651 650 873 3961 3960 4097 4098 1360 1359 4099
870 21 2 1 1 628 756 838 4100 4101 2422 2421 4102 4103 4104
871 21 2 1 1 640 641 845 3883 3882 1614 1613 4105 4106 4107
872 21 2 1 1 641 638 875 3881 3880 4108 4109 1389 1388 4110
873 21 2 1 1 759 414 833 4111 4112 4113 4114 2305 2304 4115
874 21 2 1 1 19 20 429 66 67 4116 4117 4118 4119 4120
875 21 2 1 1 114 115 430 161 162 4121 4122 4123 4124 4125
876 21 2 1 1 209 210 431 256 257 4126 4127 4128 4129 4130
877 21 2 1 1 304 305 432 351 352 4131 4132 4133 4134 4135
878 21 2 1 1 17 18 409 62 63 4136 4137 4138 4139 4140
879 21 2 1 1 112 113 410 157 158 4141 4142 4143 4144 4145
880 21 2 1 1 207 208 411 252 253 4146 4147 4148 4149 4150
881 21 2 1 1 302 303 412 347 348 4151 4152 4153 4154 4155
882 21 2 1 1 15 16 425 58 59 4156 4157 4158 4159 4160
883 21 2 1 1 110 111 426 153 154 4161 4162 4163 4164 4165
884 21 2 1 1 205 206 427 248 249 4166 4167 4168 4169 4170
885 21 2 1 1 300 301 428 343 344 4171 4172 4173 4174 4175
886 21 2 1 1 11 12 417 50 51 4176 4177 4178 4179 4180
887 21 2 1 1 106 107 418 145 146 4181 4182 4183 4184 4185
888 21 2 1 1 201 202 419 240 241 4186 4187 4188 4189 4190
889 21 2 1 1 296 297 420 335 336 4191 4192 4193 4194 4195
890 21 2 1 1 7 8 421 42 43 4196 4197 4198 4199 4200
891 21 2 1 1 102 103 422 137 138 4201 4202 4203 4204 4205
892 21 2 1 1 197 198 423 232 233 4206 4207 4208 4209 4210
893 21 2 1 1 292 293 424 327 328 4211 4212 4213 4214 4215
894 21 2 1 1 9 10 405 46 47 4216 4217 4218 4219 4220
895 21 2 1 1 104 105 406 141 142 4221 4222 4223 4224 4225
896 21 2 1 1 199 200 407 236 237 4226 4227 4228 4229 4230
897 21 2 1 1 294 295 408 331 332 4231 4232 4233 4234 4235
898 21 2 1 1 13 14 397 54 55 4236 4237 4238 4239 4240
899 21 2 1 1 108 109 398 149 150 4241 4242 4243 4244 4245
900 21 2 1 1 203 204 399 244 245 4246 4247 4248 4249 4250
901 21 2 1 1 298 299 400 339 340 4251 4252 4253 4254 4255
902 21 2 1 1 5 6 389 38 39 4256 4257 4258 4259 4260
903 21 2 1 1 100 101 390 133 134 4261 4262 4263 4264 4265
904 21 2 1 1 195 196 391 228 229 4266 4267 4268 4269 4270
905 21 2 1 1 290 291 392 323 324 4271 4272 4273 4274 4275
906 21 2 1 1 23 24 445 74 75 4276 4277 4278 4279 4280
907 21 2 1 1 118 119 446 169 170 4281 4282 4283 4284 4285
908 21 2 1 1 213 214 447 264 265 4286 4287 4288 4289 4290
909 21 2 1 1 308 309 448 359 360 4291 4292 4293 4294 4295
910 21 2 1 1 31 32 437 90 91 4296 4297 4298 4299 4300
911 21 2 1 1 126 127 438 185 186 4301 4302 4303 4304 4305
912 21 2 1 1 221 222 439 280 281 4306 4307 4308 4309 4310
913 21 2 1 1 316 317 440 375 376 4311 4312 4313 4314 4315
914 21 2 1 1 320 1 441 383 384 4316 4317 4318 4319 4320
915 21 2 1 1 35 2 442 98 99 4321 4322 4323 4324 4325
916 21 2 1 1 130 3 443 193 194 4326 4327 4328 4329 4330
917 21 2 1 1 225 4 444 288 289 4331 4332 4333 4334 4335
918 21 2 1 1 27 28 433 82 83 4336 4337 4338 4339 4340
919 21 2 1 1 122 123 434 177 178 4341 4342 4343 4344 4345
920 21 2 1 1 217 218 435 272 273 4346 4347 4348 4349 4350
921 21 2 1 1 312 313 436 367 368 4351 4352 4353 4354 4355
922 21 2 1 1 25 26 401 78 79 4356 4357 4358 4359 4360
923 21 2 1 1 120 121 402 173 174 4361 4362 4363 4364 4365
924 21 2 1 1 215 216 403 268 269 4366 4367 4368 4369 4370
925 21 2 1 1 310 311 404 363 364 4371 4372 4373 4374 4375
926 21 2 1 1 29 30 393 86 87 4376 4377 4378 4379 4380
927 21 2 1 1 124 125 394 181 182 4381 4382 4383 4384 4385
928 21 2 1 1 219 220 395 276 277 4386 4387 4388 4389 4390
929 21 2 1 1 314 315 396 371 372 4391 4392 4393 4394 4395
930 21 2 1 1 33 34 413 94 95 4396 4397 4398 4399 4400
931 21 2 1 1 128 129 414 189 190 4401 4402 4403 4404 4405
932 21 2 1 1 223 224 415 284 285 4406 4407 4408 4409 4410
933 21 2 1 1 318 319 416 379 380 4411 4412 4413 4414 4415
934 21 2 1 1 21 22 387 70 71 4416 4417 4418 4419 4420
935 21 2 1 1 116 117 385 165 166 4421 4422 4423 4424 4425
936 21 2 1 1 211 212 388 260 261 4426 4427 4428 4429 4430
937 21 2 1 1 306 307 386 355 356 4431 4432 4433 4434 4435
938 21 2 1 1 628 552 841 1586 1585 3787 3786 4436 4437 4438
939 21 2 1 1 743 647 876 4024 4023 4439 4440 4441 4442 4443
940 21 2 1 1 646 647 858 3782 3781 4028 4027 4444 4445 4446
941 21 2 1 1 453 452 454 4447 4448 3947 3946 3976 3975 4449
942 21 2 1 1 451 642 888 4021 4020 4450 4451 1889 1888 4452
943 21 2 1 1 645 639 863 2264 2263 2382 2381 1673 1672 4453
944 21 2 1 1 770 781 887 3629 3628 4454 4455 4456 4457 4458
945 21 2 1 1 749 626 850 1556 1555 3966 3965 2237 2236 4459
946 21 2 1 1 780 779 861 4460 4461 3994 3993 4462 4463 4464
947 21 2 1 1 761 787 881 4081 4080 3928 3927 4465 4466 4467
948 21 2 1 1 414 759 818 4112 4111 4468 4469 4470 4471 4472
949 21 2 1 1 652 631 881 2317 2316 4473 4474 3907 3906 4475
950 21 2 1 1 768 760 878 3704 3703 4476 4477 4478 4479 4480
951 21 2 1 1 534 550 847 3306 3305 3972 3971 3969 3968 4481
952 21 2 1 1 643 595 861 3636 3635 4482 4483 1617 1616 4484
953 21 2 1 1 587 801 865 2476 2475 4485 4486 4487 4488 4489
954 21 2 1 1 750 587 865 3845 3844 4488 4487 2240 2239 4490
955 21 2 1 1 536 646 858 2400 2399 4445 4444 4000 3999 4491
956 21 2 1 1 451 450 452 1581 1580 4492 4493 4494 4495 4496
957 21 2 1 1 1 5 794 36 37 4497 4498 4499 4500 4501
958 21 2 1 1 2 100 796 131 132 4502 4503 4504 4505 4506
959 21 2 1 1 3 195 798 226 227 4507 4508 4509 4510 4511
960 21 2 1 1 4 290 799 321 322 4512 4513 4514 4515 4516
961 21 2 1 1 16 17 449 60 61 4517 4518 4519 4520 4521
962 21 2 1 1 111 112 762 155 156 4522 4523 4524 4525 4526
963 21 2 1 1 206 207 763 250 251 4527 4528 4529 4530 4531
964 21 2 1 1 301 302 764 345 346 4532 4533 4534 4535 4536
965 21 2 1 1 10 11 769 48 49 4537 4538 4539 4540 4541
966 21 2 1 1 105 106 771 143 144 4542 4543 4544 4545 4546
967 21 2 1 1 200 201 772 238 239 4547 4548 4549 4550 4551
968 21 2 1 1 295 296 774 333 334 4552 4553 4554 4555 4556
969 21 2 1 1 18 19 765 64 65 4557 4558 4559 4560 4561
970 21 2 1 1 113 114 766 159 160 4562 4563 4564 4565 4566
971 21 2 1 1 208 209 767 254 255 4567 4568 4569 4570 4571
972 21 2 1 1 303 304 768 349 350 4572 4573 4574 4575 4576
973 21 2 1 1 12 13 781 52 53 4577 4578 4579 4580 4581
974 21 2 1 1 107 108 782 147 148 4582 4583 4584 4585 4586
975 21 2 1 1 202 203 783 242 243 4587 4588 4589 4590 4591
976 21 2 1 1 297 298 784 337 338 4592 4593 4594 4595 4596
977 21 2 1 1 8 9 775 44 45 4597 4598 4599 4600 4601
978 21 2 1 1 103 104 776 139 140 4602 4603 4604 4605 4606
979 21 2 1 1 198 199 777 234 235 4607 4608 4609 4610 4611
980 21 2 1 1 293 294 779 329 330 4612 4613 4614 4615 4616
981 21 2 1 1 6 7 790 40 41 4617 4618 4619 4620 4621
982 21 2 1 1 101 102 791 135 136 4622 4623 4624 4625 4626
983 21 2 1 1 196 197 792 230 231 4627 4628 4629 4630 4631
984 21 2 1 1 291 292 793 325 326 4632 4633 4634 4635 4636
985 21 2 1 1 14 15 786 56 57 4637 4638 4639 4640 4641
986 21 2 1 1 109 110 787 151 152 4642 4643 4644 4645 4646
987 21 2 1 1 204 205 788 246 247 4647 4648 4649 4650 4651
988 21 2 1 1 299 300 789 341 342 4652 4653 4654 4655 4656
989 21 2 1 1 24 25 800 76 77 4657 4658 4659 4660 4661
990 21 2 1 1 119 120 803 171 172 4662 4663 4664 4665 4666
991 21 2 1 1 214 215 804 266 267 4667 4668 4669 4670 4671
992 21 2 1 1 309 310 807 361 362 4672 4673 4674 4675 4676
993 21 2 1 1 26 27 808 80 81 4677 4678 4679 4680 4681
994 21 2 1 1 121 122 809 175 176 4682 4683 4684 4685 4686
995 21 2 1 1 216 217 810 270 271 4687 4688 4689 4690 4691
996 21 2 1 1 311 312 811 365 366 4692 4693 4694 4695 4696
997 21 2 1 1 28 29 812 84 85 4697 4698 4699 4700 4701
998 21 2 1 1 123 124 813 179 180 4702 4703 4704 4705 4706
999 21 2 1 1 313 314 814 369 370 4707 4708 4709 4710 4711
1000 21 2 1 1 32 33 816 92 93 4712 4713 4714 4715 4716
1001 21 2 1 1 127 128 817 187 188 4717 4718 4719 4720 4721
1002 21 2 1 1 222 223 819 282 283 4722 4723 4724 4725 4726
1003 21 2 1 1 317 318 821 377 378 4727 4728 4729 4730 4731
1004 21 2 1 1 20 21 828 68 69 4732 4733 4734 4735 4736
1005 21 2 1 1 115 116 829 163 164 4737 4738 4739 4740 4741
1006 21 2 1 1 210 211 830 258 259 4742 4743 4744 4745 4746
1007 21 2 1 1 305 306 831 353 354 4747 4748 4749 4750 4751
1008 21 2 1 1 30 31 822 88 89 4752 4753 4754 4755 4756
1009 21 2 1 1 125 126 823 183 184 4757 4758 4759 4760 4761
1010 21 2 1 1 220 221 825 278 279 4762 4763 4764 4765 4766
1011 21 2 1 1 315 316 827 373 374 4767 4768 4769 4770 4771
1012 21 2 1 1 34 35 832 96 97 4772 4773 4774 4775 4776
1013 21 2 1 1 129 130 833 191 192 4777 4778 4779 4780 4781
1014 21 2 1 1 224 225 834 286 287 4782 4783 4784 4785 4786
1015 21 2 1 1 319 320 835 381 382 4787 4788 4789 4790 4791
1016 21 2 1 1 117 118 836 167 168 4792 4793 4794 4795 4796
1017 21 2 1 1 212 213 837 262 263 4797 4798 4799 4800 4801
1018 21 2 1 1 307 308 839 357 358 4802 4803 4804 4805 4806
1019 21 2 1 1 450 409 758 4807 4808 4809 4810 4811 4812 4813
1020 21 2 1 1 648 597 824 2326 2325 4814 4815 1481 1480 4816
1021 21 2 1 1 671 815 849 996 995 4066 4065 3938 3937 4817
1022 21 2 1 1 755 619 869 4039 4038 4818 4819 1433 1432 4820
1023 21 2 1 1 650 666 872 4011 4010 1566 1565 4821 4822 4823
1024 21 2 1 1 795 794 855 4824 4825 4090 4089 4826 4827 4828
1025 21 2 1 1 451 452 453 4495 4494 4448 4447 4019 4018 4829
1026 21 2 1 1 619 740 869 2320 2319 2121 2120 4819 4818 4830
1027 21 2 1 1 218 219 851 274 275 4831 4832 4833 4834 4835
1028 21 2 1 1 450 758 874 4812 4811 4836 4837 4838 4839 4840
1029 21 2 1 1 743 680 858 3759 3758 4002 4001 4026 4025 4841
1030 21 2 1 1 395 825 886 4842 4843 4844 4845 4846 4847 4848
1031 21 2 1 1 22 23 854 72 73 4849 4850 4851 4852 4853
1032 21 2 1 1 756 628 841 4101 4100 4437 4436 4854 4855 4856
1033 21 2 1 1 597 749 862 1558 1557 1782 1781 4857 4858 4859
1034 21 2 1 1 621 539 874 1416 1415 4860 4861 4862 4863 4864
1035 21 2 1 1 825 826 886 4865 4866 4867 4868 4845 4844 4869
1036 21 2 1 1 394 823 824 4870 4871 974 973 4872 4873 4874
1037 21 2 1 1 744 628 864 3590 3589 4875 4876 2029 2028 4877
1038 21 2 1 1 420 784 785 4878 4879 4880 4881 2002 2001 4882
1039 21 2 1 1 539 452 874 3949 3948 4883 4884 4861 4860 4885
1040 21 2 1 1 758 409 765 4810 4809 4886 4887 4053 4052 4888
1041 21 2 1 1 742 670 880 2258 2257 4889 4890 3918 3917 4891
1042 21 2 1 1 679 743 876 3841 3840 4442 4441 4892 4893 4894
1043 21 2 1 1 845 651 866 2331 2330 1441 1440 4895 4896 4897
1044 21 2 1 1 658 795 855 1962 1961 4827 4826 1468 1467 4898
1045 21 2 1 1 638 637 875 3656 3655 894 893 4109 4108 4899
1046 21 2 1 1 620 756 841 4075 4074 4855 4854 4900 4901 4902
1047 21 2 1 1 805 403 810 2341 2340 4903 4904 4905 4906 4907
1048 21 2 1 1 435 805 810 1241 1240 4906 4905 4908 4909 4910
1049 21 2 1 1 628 838 864 4103 4102 4911 4912 4876 4875 4913
1050 21 2 1 1 514 516 883 3382 3381 4036 4035 4033 4032 4914
1051 21 2 1 1 611 745 859 2255 2254 1886 1885 2279 2278 4915
1052 21 2 1 1 452 450 874 4493 4492 4839 4838 4884 4883 4916
1053 21 2 1 1 621 758 871 4917 4918 3861 3860 4919 4920 4921
1054 21 2 1 1 759 589 818 1377 1376 1543 1542 4469 4468 4922
1055 21 2 1 1 395 806 851 4923 4924 4925 4926 4927 4928 4929
1056 21 2 1 1 806 435 851 1243 1242 4930 4931 4926 4925 4932
1057 21 2 1 1 751 644 885 3979 3978 4933 4934 3952 3951 4935
1058 21 2 1 1 620 841 879 4901 4900 3985 3984 4936 4937 4938
1059 21 2 1 1 447 804 864 4939 4940 1600 1599 4941 4942 4943
1060 21 2 1 1 446 803 843 4944 4945 1008 1007 1145 1144 4946
1061 21 2 1 1 445 802 854 1413 1412 4947 4948 4949 4950 4951
1062 21 2 1 1 802 387 854 3988 3987 4952 4953 4948 4947 4954
1063 21 2 1 1 17 409 449 4139 4138 4955 4956 4518 4517 4957
1064 21 2 1 1 112 410 762 4144 4143 1372 1371 4523 4522 4958
1065 21 2 1 1 207 411 763 4149 4148 1631 1630 4528 4527 4959
1066 21 2 1 1 302 412 764 4154 4153 4960 4961 4533 4532 4962
1067 21 2 1 1 409 18 765 4137 4136 4560 4559 4887 4886 4963
1068 21 2 1 1 410 113 766 4142 4141 4565 4564 4964 4965 4966
1069 21 2 1 1 411 208 767 4147 4146 4570 4569 4967 4968 4969
1070 21 2 1 1 412 303 768 4152 4151 4575 4574 4970 4971 4972
1071 21 2 1 1 11 417 769 4179 4178 967 966 4538 4537 4973
1072 21 2 1 1 106 418 771 4184 4183 3892 3891 4543 4542 4974
1073 21 2 1 1 201 419 772 4189 4188 4975 4976 4548 4547 4977
1074 21 2 1 1 296 420 774 4194 4193 1311 1310 4553 4552 4978
1075 21 2 1 1 417 12 781 4177 4176 4580 4579 3627 3626 4979
1076 21 2 1 1 418 107 782 4182 4181 4585 4584 4980 4981 4982
1077 21 2 1 1 419 202 783 4187 4186 4590 4589 1103 1102 4983
1078 21 2 1 1 420 297 784 4192 4191 4595 4594 4879 4878 4984
1079 21 2 1 1 425 16 449 4157 4156 4520 4519 1016 1015 4985
1080 21 2 1 1 426 111 762 4162 4161 4525 4524 4084 4083 4986
1081 21 2 1 1 427 206 763 4167 4166 4530 4529 1949 1948 4987
1082 21 2 1 1 428 301 764 4172 4171 4535 4534 1274 1273 4988
1083 21 2 1 1 405 10 769 4217 4216 4540 4539 1451 1450 4989
1084 21 2 1 1 406 105 771 4222 4221 4545 4544 2250 2249 4990
1085 21 2 1 1 407 200 772 4227 4226 4550 4549 1023 1022 4991
1086 21 2 1 1 408 295 774 4232 4231 4555 4554 1646 1645 4992
1087 21 2 1 1 15 425 786 4159 4158 1493 1492 4638 4637 4993
1088 21 2 1 1 110 426 787 4164 4163 3924 3923 4643 4642 4994
1089 21 2 1 1 205 427 788 4169 4168 4995 4996 4648 4647 4997
1090 21 2 1 1 300 428 789 4174 4173 946 945 4653 4652 4998
1091 21 2 1 1 421 8 775 4197 4196 4600 4599 1100 1099 4999
1092 21 2 1 1 422 103 776 4202 4201 4605 4604 5000 5001 5002
1093 21 2 1 1 423 198 777 4207 4206 4610 4609 1030 1029 5003
1094 21 2 1 1 424 293 779 4212 4211 4615 4614 5004 5005 5006
1095 21 2 1 1 9 405 775 4219 4218 908 907 4598 4597 5007
1096 21 2 1 1 104 406 776 4224 4223 1217 1216 4603 4602 5008
1097 21 2 1 1 199 407 777 4229 4228 5009 5010 4608 4607 5011
1098 21 2 1 1 294 408 779 4234 4233 3992 3991 4613 4612 5012
1099 21 2 1 1 7 421 790 4199 4198 1825 1824 4618 4617 5013
1100 21 2 1 1 102 422 791 4204 4203 1037 1036 4623 4622 5014
1101 21 2 1 1 197 423 792 4209 4208 5015 5016 4628 4627 5017
1102 21 2 1 1 292 424 793 4214 4213 1700 1699 4633 4632 5018
1103 21 2 1 1 13 397 781 4239 4238 5019 5020 4578 4577 5021
1104 21 2 1 1 108 398 782 4244 4243 1138 1137 4583 4582 5022
1105 21 2 1 1 203 399 783 4249 4248 5023 5024 4588 4587 5025
1106 21 2 1 1 298 400 784 4254 4253 5026 5027 4593 4592 5028
1107 21 2 1 1 397 14 786 4237 4236 4640 4639 5029 5030 5031
1108 21 2 1 1 398 109 787 4242 4241 4645 4644 4079 4078 5032
1109 21 2 1 1 399 204 788 4247 4246 4650 4649 1288 1287 5033
1110 21 2 1 1 400 299 789 4252 4251 4655 4654 1896 1895 5034
1111 21 2 1 1 389 6 790 4257 4256 4620 4619 1634 1633 5035
1112 21 2 1 1 390 101 791 4262 4261 4625 4624 5036 5037 5038
1113 21 2 1 1 391 196 792 4267 4266 4630 4629 1044 1043 5039
1114 21 2 1 1 392 291 793 4272 4271 4635 4634 984 983 5040
1115 21 2 1 1 19 429 765 4119 4118 4055 4054 4558 4557 5041
1116 21 2 1 1 114 430 766 4124 4123 1229 1228 4563 4562 5042
1117 21 2 1 1 209 431 767 4129 4128 1190 1189 4568 4567 5043
1118 21 2 1 1 304 432 768 4134 4133 3706 3705 4573 4572 5044
1119 21 2 1 1 5 389 794 4259 4258 4088 4087 4498 4497 5045
1120 21 2 1 1 100 390 796 4264 4263 1051 1050 4503 4502 5046
1121 21 2 1 1 195 391 798 4269 4268 5047 5048 4508 4507 5049
1122 21 2 1 1 290 392 799 4274 4273 1110 1109 4513 4512 5050
1123 21 2 1 1 429 20 828 4117 4116 4735 4734 5051 5052 5053
1124 21 2 1 1 430 115 829 4122 4121 4740 4739 5054 5055 5056
1125 21 2 1 1 431 210 830 4127 4126 4745 4744 1506 1505 5057
1126 21 2 1 1 432 305 831 4132 4131 4750 4749 1119 1118 5058
1127 21 2 1 1 441 1 794 4317 4316 4500 4499 5059 5060 5061
1128 21 2 1 1 442 2 796 4322 4321 4505 4504 5062 5063 5064
1129 21 2 1 1 443 3 798 4327 4326 4510 4509 1446 1445 5065
1130 21 2 1 1 444 4 799 4332 4331 4515 4514 5066 5067 5068
1131 21 2 1 1 25 401 800 4359 4358 5069 5070 4658 4657 5071
1132 21 2 1 1 120 402 803 4364 4363 1004 1003 4663 4662 5072
1133 21 2 1 1 215 403 804 4369 4368 1596 1595 4668 4667 5073
1134 21 2 1 1 310 404 807 4374 4373 1326 1325 4673 4672 5074
1135 21 2 1 1 445 24 800 4277 4276 4660 4659 1058 1057 5075
1136 21 2 1 1 446 119 803 4282 4281 4665 4664 4945 4944 5076
1137 21 2 1 1 447 214 804 4287 4286 4670 4669 4940 4939 5077
1138 21 2 1 1 448 309 807 4292 4291 4675 4674 1224 1223 5078
1139 21 2 1 1 27 433 808 4339 4338 1573 1572 4678 4677 5079
1140 21 2 1 1 122 434 809 4344 4343 2207 2206 4683 4682 5080
1141 21 2 1 1 217 435 810 4349 4348 4909 4908 4688 4687 5081
1142 21 2 1 1 312 436 811 4354 4353 1259 1258 4693 4692 5082
1143 21 2 1 1 401 26 808 4357 4356 4680 4679 5083 5084 5085
1144 21 2 1 1 402 121 809 4362 4361 4685 4684 3944 3943 5086
1145 21 2 1 1 403 216 810 4367 4366 4690 4689 4904 4903 5087
1146 21 2 1 1 404 311 811 4372 4371 4695 4694 1908 1907 5088
1147 21 2 1 1 433 28 812 4337 4336 4700 4699 3997 3996 5089
1148 21 2 1 1 434 123 813 4342 4341 4705 4704 1248 1247 5090
1149 21 2 1 1 436 313 814 4352 4351 4710 4709 5091 5092 5093
1150 21 2 1 1 118 446 836 4284 4283 1077 1076 4793 4792 5094
1151 21 2 1 1 213 447 837 4289 4288 5095 5096 4798 4797 5097
1152 21 2 1 1 308 448 839 4294 4293 989 988 4803 4802 5098
1153 21 2 1 1 35 442 832 4324 4323 5099 5100 4773 4772 5101
1154 21 2 1 1 130 443 833 4329 4328 2307 2306 4778 4777 5102
1155 21 2 1 1 225 444 834 4334 4333 1269 1268 4783 4782 5103
1156 21 2 1 1 320 441 835 4319 4318 5104 5105 4788 4787 5106
1157 21 2 1 1 31 437 822 4299 4298 5107 5108 4753 4752 5109
1158 21 2 1 1 126 438 823 4304 4303 970 969 4758 4757 5110
1159 21 2 1 1 221 439 825 4309 4308 5111 5112 4763 4762 5113
1160 21 2 1 1 316 440 827 4314 4313 5114 5115 4768 4767 5116
1161 21 2 1 1 437 32 816 4297 4296 4715 4714 5117 5118 5119
1162 21 2 1 1 438 127 817 4302 4301 4720 4719 1063 1062 5120
1163 21 2 1 1 439 222 819 4307 4306 4725 4724 1070 1069 5121
1164 21 2 1 1 440 317 821 4312 4311 4730 4729 1942 1941 5122
1165 21 2 1 1 29 393 812 4379 4378 1708 1707 4698 4697 5123
1166 21 2 1 1 124 394 813 4384 4383 5124 5125 4703 4702 5126
1167 21 2 1 1 314 396 814 4394 4393 3737 3736 4708 4707 5127
1168 21 2 1 1 33 413 816 4399 4398 1281 1280 4713 4712 5128
1169 21 2 1 1 128 414 817 4404 4403 5129 5130 4718 4717 5131
1170 21 2 1 1 223 415 819 4409 4408 5132 5133 4723 4722 5134
1171 21 2 1 1 318 416 821 4414 4413 3898 3897 4728 4727 5135
1172 21 2 1 1 21 387 828 4419 4418 1849 1848 4733 4732 5136
1173 21 2 1 1 116 385 829 4424 4423 1091 1090 4738 4737 5137
1174 21 2 1 1 211 388 830 4429 4428 5138 5139 4743 4742 5140
1175 21 2 1 1 306 386 831 4434 4433 1561 1560 4748 4747 5141
1176 21 2 1 1 393 30 822 4377 4376 4755 4754 1234 1233 5142
1177 21 2 1 1 394 125 823 4382 4381 4760 4759 4871 4870 5143
1178 21 2 1 1 395 220 825 4387 4386 4765 4764 4843 4842 5144
1179 21 2 1 1 396 315 827 4392 4391 4770 4769 1656 1655 5145
1180 21 2 1 1 413 34 832 4397 4396 4775 4774 1262 1261 5146
1181 21 2 1 1 414 129 833 4402 4401 4780 4779 4114 4113 5147
1182 21 2 1 1 415 224 834 4407 4406 4785 4784 5148 5149 5150
1183 21 2 1 1 416 319 835 4412 4411 4790 4789 4005 4004 5151
1184 21 2 1 1 385 117 836 4422 4421 4795 4794 5152 5153 5154
1185 21 2 1 1 388 212 837 4427 4426 4800 4799 1084 1083 5155
1186 21 2 1 1 386 307 839 4432 4431 4805 4804 951 950 5156
1187 21 2 1 1 631 761 881 3958 3957 4466 4465 4474 4473 5157
1188 21 2 1 1 772 419 773 4976 4975 1175 1174 1025 1024 5158
1189 21 2 1 1 449 409 450 4956 4955 4808 4807 1018 1017 5159
1190 21 2 1 1 424 779 780 5005 5004 4461 4460 3895 3894 5160
1191 21 2 1 1 792 423 842 5016 5015 1152 1151 1046 1045 5161
1192 21 2 1 1 777 407 778 5010 5009 1157 1156 1032 1031 5162
1193 21 2 1 1 390 791 844 5037 5036 1041 1040 1160 1159 5163
1194 21 2 1 1 430 829 848 5055 5054 1095 1094 1131 1130 5164
1195 21 2 1 1 441 794 795 5060 5059 4825 4824 5165 5166 5167
1196 21 2 1 1 442 796 797 5063 5062 1055 1054 5168 5169 5170
1197 21 2 1 1 800 401 801 5070 5069 5171 5172 1060 1059 5173
1198 21 2 1 1 436 814 815 5092 5091 4064 4063 1511 1510 5174
1199 21 2 1 1 837 447 838 5096 5095 5175 5176 1086 1085 5177
1200 21 2 1 1 817 414 818 5130 5129 4471 4470 1065 1064 5178
1201 21 2 1 1 819 415 820 5133 5132 5179 5180 1072 1071 5181
1202 21 2 1 1 825 439 826 5112 5111 1167 1166 4866 4865 5182
1203 21 2 1 1 385 836 840 5153 5152 1081 1080 1170 1169 5183
1204 21 2 1 1 435 218 851 4347 4346 4834 4833 4931 4930 5184
1205 21 2 1 1 219 395 851 4389 4388 4928 4927 4832 4831 5185
1206 21 2 1 1 23 445 854 4279 4278 4950 4949 4850 4849 5186
1207 21 2 1 1 387 22 854 4417 4416 4852 4851 4953 4952 5187
1208 21 2 1 1 618 620 879 2274 2273 4937 4936 1476 1475 5188
1209 21 2 1 1 797 640 845 2160 2159 4106 4105 5189 5190 5191
1210 21 2 1 1 785 784 885 4881 4880 5192 5193 5194 5195 5196
1211 21 2 1 1 838 447 864 5176 5175 4942 4941 4912 4911 5197
1212 21 2 1 1 784 400 885 5027 5026 3954 3953 5193 5192 5198
1213 21 2 1 1 860 679 876 5199 5200 4893 4892 5201 5202 5203
1214 21 2 1 1 806 395 886 4924 4923 4847 4846 4048 4047 5204
1215 21 2 1 1 797 845 866 5190 5189 4896 4895 5205 5206 5207
1216 21 2 1 1 783 399 853 5024 5023 1538 1537 1105 1104 5208
1217 21 2 1 1 444 799 852 5067 5066 1114 1113 1124 1123 5209
1218 21 2 1 1 824 597 862 4815 4814 4858 4857 5210 5211 5212
1219 21 2 1 1 830 388 857 5139 5138 1187 1186 2108 2107 5213
1220 21 2 1 1 670 849 880 3940 3939 2247 2246 4890 4889 5214
1221 21 2 1 1 418 782 856 4981 4980 1142 1141 4045 4044 5215
1222 21 2 1 1 595 780 861 1401 1400 4463 4462 4483 4482 5216
1223 21 2 1 1 757 621 871 4058 4057 4920 4919 3931 3930 5217
1224 21 2 1 1 647 752 876 4070 4069 5218 5219 4440 4439 5220
1225 21 2 1 1 826 598 886 2323 2322 4050 4049 4868 4867 5221
1226 21 2 1 1 798 391 859 5048 5047 1199 1198 1884 1883 5222
1227 21 2 1 1 394 824 862 4873 4872 5211 5210 5223 5224 5225
1228 21 2 1 1 411 767 869 4968 4967 1194 1193 2119 2118 5226
1229 21 2 1 1 760 679 860 1724 1723 5200 5199 5227 5228 5229
1230 21 2 1 1 644 785 885 4061 4060 5195 5194 4934 4933 5230
1231 21 2 1 1 642 770 887 3661 3660 4457 4456 5231 5232 5233
1232 21 2 1 1 422 776 863 5001 5000 1221 1220 1202 1201 5234
1233 21 2 1 1 429 828 871 5052 5051 3933 3932 3859 3858 5235
1234 21 2 1 1 410 766 870 4965 4964 1231 1230 1818 1817 5236
1235 21 2 1 1 822 437 872 5108 5107 5237 5238 1236 1235 5239
1236 21 2 1 1 758 621 874 4918 4917 4863 4862 4837 4836 5240
1237 21 2 1 1 813 394 862 5125 5124 5224 5223 1250 1249 5241
1238 21 2 1 1 442 797 866 5169 5168 5206 5205 5242 5243 5244
1239 21 2 1 1 441 795 867 5166 5165 4016 4015 5245 5246 5247
1240 21 2 1 1 801 401 865 5172 5171 5248 5249 4486 4485 5250
1241 21 2 1 1 820 415 868 5180 5179 5251 5252 1436 1435 5253
1242 21 2 1 1 752 860 876 5254 5255 5202 5201 5219 5218 5256
1243 21 2 1 1 401 808 865 5084 5083 2242 2241 5249 5248 5257
1244 21 2 1 1 832 442 866 5100 5099 5243 5242 1264 1263 5258
1245 21 2 1 1 835 441 867 5105 5104 5246 5245 4093 4092 5259
1246 21 2 1 1 415 834 868 5149 5148 1271 1270 5252 5251 5260
1247 21 2 1 1 827 440 880 5115 5114 3920 3919 2245 2244 5261
1248 21 2 1 1 764 412 877 4961 4960 5262 5263 1276 1275 5264
1249 21 2 1 1 867 660 882 4014 4013 2039 2038 4095 4094 5265
1250 21 2 1 1 437 816 873 5118 5117 1285 1284 5266 5267 5268
1251 21 2 1 1 412 768 878 4971 4970 4479 4478 5269 5270 5271
1252 21 2 1 1 788 427 884 4996 4995 3717 3716 1290 1289 5272
1253 21 2 1 1 760 860 878 5228 5227 5273 5274 4477 4476 5275
1254 21 2 1 1 860 752 877 5255 5254 1957 1956 5276 5277 5278
1255 21 2 1 1 781 397 887 5020 5019 5279 5280 4455 4454 5281
1256 21 2 1 1 872 437 873 5238 5237 5267 5266 5282 5283 5284
1257 21 2 1 1 397 786 888 5030 5029 1891 1890 5285 5286 5287
1258 21 2 1 1 877 412 878 5263 5262 5270 5269 5288 5289 5290
1259 21 2 1 1 887 397 888 5280 5279 5286 5285 5291 5292 5293
1260 21 2 1 1 860 877 878 5277 5276 5289 5288 5274 5273 5294
1261 21 2 1 1 650 872 873 4822 4821 5283 5282 4098 4097 5295
1262 21 2 1 1 642 887 888 5232 5231 5292 5291 4451 4450 5296
$EndElements
