$MeshFormat
2.2 0 8
$EndMeshFormat
$PhysicalNames
8
1 1 "circle_1"
1 2 "circle_2"
1 3 "circle_3"
1 4 "circle_4"
2 1 "layer_1"
2 2 "layer_2"
2 3 "layer_3"
2 4 "layer_4"
$EndPhysicalNames
$Nodes
2645
1 0.1931 0 0
2 0 0.1931 0
3 -0.1931 0 0
4 0 -0.1931 0
5 0.5467 0 0
6 0 0.5467 0
7 -0.5467 0 0
8 0 -0.5467 0
9 1 0 0
10 0 1 0
11 -1 0 0
12 0 -1 0
13 1.2 0 0
14 0 1.2 0
15 -1.2 0 0
16 0 -1.2 0
17 0.1784011376428047 0.07389617099520832 0
18 0.1365423191398334 0.1365423197544113 0
19 0.0738961705765139 0.1784011378162335 0
20 0.1893896376238282 0.03767194129209502 0
21 0.1605567819548266 0.1072806122666639 0
22 0.1072806118018283 0.1605567822654198 0
23 0.03767194097752079 0.1893896376864009 0
24 -0.07389617099520832 0.1784011376428047 0
25 -0.1365423197544113 0.1365423191398334 0
26 -0.1784011378162335 0.0738961705765139 0
27 -0.03767194129209502 0.1893896376238282 0
28 -0.1072806122666639 0.1605567819548266 0
29 -0.1605567822654198 0.1072806118018283 0
30 -0.1893896376864009 0.03767194097752079 0
31 -0.1784011376428047 -0.07389617099520832 0
32 -0.1365423191398334 -0.1365423197544113 0
33 -0.0738961705765139 -0.1784011378162335 0
34 -0.1893896376238282 -0.03767194129209502 0
35 -0.1605567819548266 -0.1072806122666639 0
36 -0.1072806118018283 -0.1605567822654198 0
37 -0.03767194097752079 -0.1893896376864009 0
38 0.07389617099520832 -0.1784011376428047 0
39 0.1365423197544113 -0.1365423191398334 0
40 0.1784011378162335 -0.0738961705765139 0
41 0.03767194129209502 -0.1893896376238282 0
42 0.1072806122666639 -0.1605567819548266 0
43 0.1605567822654198 -0.1072806118018283 0
44 0.1893896376864009 -0.03767194097752079 0
45 0.5383943985334777 0.09493345894770067 0
46 0.5137299556067385 0.1869824128422201 0
47 0.4734560878463817 0.2733500006972732 0
48 0.4187964963440119 0.3514119870607433 0
49 0.3514119854112905 0.4187964977280671 0
50 0.2733499993048303 0.473456088650309 0
51 0.1869824118066496 0.5137299559836553 0
52 0.09493345845039022 0.538394398621167 0
53 0.5446196414381297 0.04764804465875839 0
54 0.5280716491388313 0.1414963723061301 0
55 0.4954784668915737 0.2310454042970249 0
56 0.4478304220784893 0.3135742385161799 0
57 0.3865752763956423 0.3865752781537287 0
58 0.3135742370127149 0.4478304231312268 0
59 0.2310454030400684 0.4954784674777021 0
60 0.1414963715540494 0.5280716493403507 0
61 0.04764804433559369 0.544619641466403 0
62 -0.09493345894770067 0.5383943985334777 0
63 -0.1869824128422201 0.5137299556067385 0
64 -0.2733500006972732 0.4734560878463817 0
65 -0.3514119870607433 0.4187964963440119 0
66 -0.4187964977280671 0.3514119854112905 0
67 -0.473456088650309 0.2733499993048303 0
68 -0.5137299559836553 0.1869824118066496 0
69 -0.538394398621167 0.09493345845039022 0
70 -0.04764804465875839 0.5446196414381297 0
71 -0.1414963723061301 0.5280716491388313 0
72 -0.2310454042970249 0.4954784668915737 0
73 -0.3135742385161799 0.4478304220784893 0
74 -0.3865752781537287 0.3865752763956423 0
75 -0.4478304231312268 0.3135742370127149 0
76 -0.4954784674777021 0.2310454030400684 0
77 -0.5280716493403507 0.1414963715540494 0
78 -0.544619641466403 0.04764804433559369 0
79 -0.5383943985334777 -0.09493345894770067 0
80 -0.5137299556067385 -0.1869824128422201 0
81 -0.4734560878463817 -0.2733500006972732 0
82 -0.4187964963440119 -0.3514119870607433 0
83 -0.3514119854112905 -0.4187964977280671 0
84 -0.2733499993048303 -0.473456088650309 0
85 -0.1869824118066496 -0.5137299559836553 0
86 -0.09493345845039022 -0.538394398621167 0
87 -0.5446196414381297 -0.04764804465875839 0
88 -0.5280716491388313 -0.1414963723061301 0
89 -0.4954784668915737 -0.2310454042970249 0
90 -0.4478304220784893 -0.3135742385161799 0
91 -0.3865752763956423 -0.3865752781537287 0
92 -0.3135742370127149 -0.4478304231312268 0
93 -0.2310454030400684 -0.4954784674777021 0
94 -0.1414963715540494 -0.5280716493403507 0
95 -0.04764804433559369 -0.544619641466403 0
96 0.09493345894770067 -0.5383943985334777 0
97 0.1869824128422201 -0.5137299556067385 0
98 0.2733500006972732 -0.4734560878463817 0
99 0.3514119870607433 -0.4187964963440119 0
100 0.4187964977280671 -0.3514119854112905 0
101 0.473456088650309 -0.2733499993048303 0
102 0.5137299559836553 -0.1869824118066496 0
103 0.538394398621167 -0.09493345845039022 0
104 0.04764804465875839 -0.5446196414381297 0
105 0.1414963723061301 -0.5280716491388313 0
106 0.2310454042970249 -0.4954784668915737 0
107 0.3135742385161799 -0.4478304220784893 0
108 0.3865752781537287 -0.3865752763956423 0
109 0.4478304231312268 -0.3135742370127149 0
110 0.4954784674777021 -0.2310454030400684 0
111 0.5280716493403507 -0.1414963715540494 0
112 0.544619641466403 -0.04764804433559369 0
113 0.9951847266502585 0.09801714055230534 0
114 0.9807852803038259 0.1950903225158687 0
115 0.9569403355024331 0.2902846780119318 0
116 0.9238795320817892 0.3826834334019886 0
117 0.8819212636904032 0.4713967380569389 0
118 0.8314696113679687 0.5555702344182949 0
119 0.7730104520841969 0.6343932857215511 0
120 0.7071067795733449 0.7071067827997501 0
121 0.634393282646958 0.7730104546074502 0
122 0.5555702316245595 0.8314696132346829 0
123 0.471396735522105 0.8819212650453002 0
124 0.3826834312318057 0.9238795329807084 0
125 0.2902846763682919 0.9569403360010258 0
126 0.1950903214145686 0.980785280522888 0
127 0.0980171400302339 0.995184726701678 0
128 0.9987954561994985 0.04906767444291347 0
129 0.9891765099106494 0.1467304748202867 0
130 0.9700312530367453 0.2429801805332318 0
131 0.9415440648594281 0.336889854296601 0
132 0.9039892925759739 0.4275550945878088 0
133 0.8577286092024649 0.5141027455242827 0
134 0.8032075303965546 0.59569930595416 0
135 0.7409511239079225 0.6715589564435773 0
136 0.6715589532405178 0.7409511268110064 0
137 0.595699303015035 0.8032075325763582 0
138 0.5141027428632455 0.8577286107974291 0
139 0.4275550922138776 0.9039892936987598 0
140 0.3368898523763408 0.9415440655465082 0
141 0.2429801791404075 0.9700312533856296 0
142 0.146730474000355 0.9891765100322748 0
143 0.04906767417906031 0.9987954562124607 0
144 -0.09801714055230534 0.9951847266502585 0
145 -0.1950903225158687 0.9807852803038259 0
146 -0.2902846780119318 0.9569403355024331 0
147 -0.3826834334019886 0.9238795320817892 0
148 -0.4713967380569389 0.8819212636904032 0
149 -0.5555702344182949 0.8314696113679687 0
150 -0.6343932857215511 0.7730104520841969 0
151 -0.7071067827997501 0.7071067795733449 0
152 -0.7730104546074502 0.634393282646958 0
153 -0.8314696132346829 0.5555702316245595 0
154 -0.8819212650453002 0.471396735522105 0
155 -0.9238795329807084 0.3826834312318057 0
156 -0.9569403360010258 0.2902846763682919 0
157 -0.980785280522888 0.1950903214145686 0
158 -0.995184726701678 0.0980171400302339 0
159 -0.04906767444291347 0.9987954561994985 0
160 -0.1467304748202867 0.9891765099106494 0
161 -0.2429801805332318 0.9700312530367453 0
162 -0.336889854296601 0.9415440648594281 0
163 -0.4275550945878088 0.9039892925759739 0
164 -0.5141027455242827 0.8577286092024649 0
165 -0.59569930595416 0.8032075303965546 0
166 -0.6715589564435773 0.7409511239079225 0
167 -0.7409511268110064 0.6715589532405178 0
168 -0.8032075325763582 0.595699303015035 0
169 -0.8577286107974291 0.5141027428632455 0
170 -0.9039892936987598 0.4275550922138776 0
171 -0.9415440655465082 0.3368898523763408 0
172 -0.9700312533856296 0.2429801791404075 0
173 -0.9891765100322748 0.146730474000355 0
174 -0.9987954562124607 0.04906767417906031 0
175 -0.9951847266502585 -0.09801714055230534 0
176 -0.9807852803038259 -0.1950903225158687 0
177 -0.9569403355024331 -0.2902846780119318 0
178 -0.9238795320817892 -0.3826834334019886 0
179 -0.8819212636904032 -0.4713967380569389 0
180 -0.8314696113679687 -0.5555702344182949 0
181 -0.7730104520841969 -0.6343932857215511 0
182 -0.7071067795733449 -0.7071067827997501 0
183 -0.634393282646958 -0.7730104546074502 0
184 -0.5555702316245595 -0.8314696132346829 0
185 -0.471396735522105 -0.8819212650453002 0
186 -0.3826834312318057 -0.9238795329807084 0
187 -0.2902846763682919 -0.9569403360010258 0
188 -0.1950903214145686 -0.980785280522888 0
189 -0.0980171400302339 -0.995184726701678 0
190 -0.9987954561994985 -0.04906767444291347 0
191 -0.9891765099106494 -0.1467304748202867 0
192 -0.9700312530367453 -0.2429801805332318 0
193 -0.9415440648594281 -0.336889854296601 0
194 -0.9039892925759739 -0.4275550945878088 0
195 -0.8577286092024649 -0.5141027455242827 0
196 -0.8032075303965546 -0.59569930595416 0
197 -0.7409511239079225 -0.6715589564435773 0
198 -0.6715589532405178 -0.7409511268110064 0
199 -0.595699303015035 -0.8032075325763582 0
200 -0.5141027428632455 -0.8577286107974291 0
201 -0.4275550922138776 -0.9039892936987598 0
202 -0.3368898523763408 -0.9415440655465082 0
203 -0.2429801791404075 -0.9700312533856296 0
204 -0.146730474000355 -0.9891765100322748 0
205 -0.04906767417906031 -0.9987954562124607 0
206 0.09801714055230534 -0.9951847266502585 0
207 0.1950903225158687 -0.9807852803038259 0
208 0.2902846780119318 -0.9569403355024331 0
209 0.3826834334019886 -0.9238795320817892 0
210 0.4713967380569389 -0.8819212636904032 0
211 0.5555702344182949 -0.8314696113679687 0
212 0.6343932857215511 -0.7730104520841969 0
213 0.7071067827997501 -0.7071067795733449 0
214 0.7730104546074502 -0.634393282646958 0
215 0.8314696132346829 -0.5555702316245595 0
216 0.8819212650453002 -0.471396735522105 0
217 0.9238795329807084 -0.3826834312318057 0
218 0.9569403360010258 -0.2902846763682919 0
219 0.980785280522888 -0.1950903214145686 0
220 0.995184726701678 -0.0980171400302339 0
221 0.04906767444291347 -0.9987954561994985 0
222 0.1467304748202867 -0.9891765099106494 0
223 0.2429801805332318 -0.9700312530367453 0
224 0.336889854296601 -0.9415440648594281 0
225 0.4275550945878088 -0.9039892925759739 0
226 0.5141027455242827 -0.8577286092024649 0
227 0.59569930595416 -0.8032075303965546 0
228 0.6715589564435773 -0.7409511239079225 0
229 0.7409511268110064 -0.6715589532405178 0
230 0.8032075325763582 -0.595699303015035 0
231 0.8577286107974291 -0.5141027428632455 0
232 0.9039892936987598 -0.4275550922138776 0
233 0.9415440655465082 -0.3368898523763408 0
234 0.9700312533856296 -0.2429801791404075 0
235 0.9891765100322748 -0.146730474000355 0
236 0.9987954562124607 -0.04906767417906031 0
237 1.195901391588091 0.09909521480711542 0
238 1.1836335640003 0.197513508834073 0
239 1.163280318927193 0.294582585358755 0
240 1.134980689665415 0.3896393641389662 0
241 1.0989279914179 0.4820345108788579 0
242 1.055368500681335 0.5711368730607668 0
243 1.004599772905729 0.6563377912917683 0
244 0.9469686099193285 0.7370552569702318 0
245 0.8828686910982089 0.8127378878079546 0
246 0.8127378841131532 0.8828686944995131 0
247 0.7370552534493765 0.9469686126597203 0
248 0.6563377880937947 1.00459977499507 0
249 0.5711368701177179 1.055368502274034 0
250 0.4820345081317588 1.098927992622889 0
251 0.3896393618302382 1.134980690458003 0
252 0.2945825836850971 1.163280319351021 0
253 0.1975135077541312 1.18363356418051 0
254 0.0990952142455736 1.195901391634621 0
255 1.198974910059607 0.04958996922319465 0
256 1.190784695638859 0.148431157889005 0
257 1.174460214254136 0.2462584112962008 0
258 1.150112978663842 0.3424034700597879 0
259 1.117909305191229 0.4362095658818847 0
260 1.078069177608685 0.5270359079703513 0
261 1.030864744361442 0.614262060388414 0
262 0.976618459572359 0.6972921800956271 0
263 0.9157008803271336 0.7755590872190928 0
264 0.8485281355439832 0.8485281393037308 0
265 0.7755590835888454 0.9157008834017963 0
266 0.6972921767923524 0.9766184619308518 0
267 0.6142620573085817 1.030864746196623 0
268 0.5270359051281456 1.078069178998155 0
269 0.4362095633014746 1.117909306198109 0
270 0.3424034681242318 1.150112979240082 0
271 0.2462584098975061 1.174460214547411 0
272 0.1484311569663943 1.190784695753862 0
273 0.04958996895271595 1.198974910070794 0
274 -0.09909521480711542 1.195901391588091 0
275 -0.197513508834073 1.1836335640003 0
276 -0.294582585358755 1.163280318927193 0
277 -0.3896393641389662 1.134980689665415 0
278 -0.4820345108788579 1.0989279914179 0
279 -0.5711368730607668 1.055368500681335 0
280 -0.6563377912917683 1.004599772905729 0
281 -0.7370552569702318 0.9469686099193285 0
282 -0.8127378878079546 0.8828686910982089 0
283 -0.8828686944995131 0.8127378841131532 0
284 -0.9469686126597203 0.7370552534493765 0
285 -1.00459977499507 0.6563377880937947 0
286 -1.055368502274034 0.5711368701177179 0
287 -1.098927992622889 0.4820345081317588 0
288 -1.134980690458003 0.3896393618302382 0
289 -1.163280319351021 0.2945825836850971 0
290 -1.18363356418051 0.1975135077541312 0
291 -1.195901391634621 0.0990952142455736 0
292 -0.04958996922319465 1.198974910059607 0
293 -0.148431157889005 1.190784695638859 0
294 -0.2462584112962008 1.174460214254136 0
295 -0.3424034700597879 1.150112978663842 0
296 -0.4362095658818847 1.117909305191229 0
297 -0.5270359079703513 1.078069177608685 0
298 -0.614262060388414 1.030864744361442 0
299 -0.6972921800956271 0.976618459572359 0
300 -0.7755590872190928 0.9157008803271336 0
301 -0.8485281393037308 0.8485281355439832 0
302 -0.9157008834017963 0.7755590835888454 0
303 -0.9766184619308518 0.6972921767923524 0
304 -1.030864746196623 0.6142620573085817 0
305 -1.078069178998155 0.5270359051281456 0
306 -1.117909306198109 0.4362095633014746 0
307 -1.150112979240082 0.3424034681242318 0
308 -1.174460214547411 0.2462584098975061 0
309 -1.190784695753862 0.1484311569663943 0
310 -1.198974910070794 0.04958996895271595 0
311 -1.195901391588091 -0.09909521480711542 0
312 -1.1836335640003 -0.197513508834073 0
313 -1.163280318927193 -0.294582585358755 0
314 -1.134980689665415 -0.3896393641389662 0
315 -1.0989279914179 -0.4820345108788579 0
316 -1.055368500681335 -0.5711368730607668 0
317 -1.004599772905729 -0.6563377912917683 0
318 -0.9469686099193285 -0.7370552569702318 0
319 -0.8828686910982089 -0.8127378878079546 0
320 -0.8127378841131532 -0.8828686944995131 0
321 -0.7370552534493765 -0.9469686126597203 0
322 -0.6563377880937947 -1.00459977499507 0
323 -0.5711368701177179 -1.055368502274034 0
324 -0.4820345081317588 -1.098927992622889 0
325 -0.3896393618302382 -1.134980690458003 0
326 -0.2945825836850971 -1.163280319351021 0
327 -0.1975135077541312 -1.18363356418051 0
328 -0.0990952142455736 -1.195901391634621 0
329 -1.198974910059607 -0.04958996922319465 0
330 -1.190784695638859 -0.148431157889005 0
331 -1.174460214254136 -0.2462584112962008 0
332 -1.150112978663842 -0.3424034700597879 0
333 -1.117909305191229 -0.4362095658818847 0
334 -1.078069177608685 -0.5270359079703513 0
335 -1.030864744361442 -0.614262060388414 0
336 -0.976618459572359 -0.6972921800956271 0
337 -0.9157008803271336 -0.7755590872190928 0
338 -0.8485281355439832 -0.8485281393037308 0
339 -0.7755590835888454 -0.9157008834017963 0
340 -0.6972921767923524 -0.9766184619308518 0
341 -0.6142620573085817 -1.030864746196623 0
342 -0.5270359051281456 -1.078069178998155 0
343 -0.4362095633014746 -1.117909306198109 0
344 -0.3424034681242318 -1.150112979240082 0
345 -0.2462584098975061 -1.174460214547411 0
346 -0.1484311569663943 -1.190784695753862 0
347 -0.04958996895271595 -1.198974910070794 0
348 0.09909521480711542 -1.195901391588091 0
349 0.197513508834073 -1.1836335640003 0
350 0.294582585358755 -1.163280318927193 0
351 0.3896393641389662 -1.134980689665415 0
352 0.4820345108788579 -1.0989279914179 0
353 0.5711368730607668 -1.055368500681335 0
354 0.6563377912917683 -1.004599772905729 0
355 0.7370552569702318 -0.9469686099193285 0
356 0.8127378878079546 -0.8828686910982089 0
357 0.8828686944995131 -0.8127378841131532 0
358 0.9469686126597203 -0.7370552534493765 0
359 1.00459977499507 -0.6563377880937947 0
360 1.055368502274034 -0.5711368701177179 0
361 1.098927992622889 -0.4820345081317588 0
362 1.134980690458003 -0.3896393618302382 0
363 1.163280319351021 -0.2945825836850971 0
364 1.18363356418051 -0.1975135077541312 0
365 1.195901391634621 -0.0990952142455736 0
366 0.04958996922319465 -1.198974910059607 0
367 0.148431157889005 -1.190784695638859 0
368 0.2462584112962008 -1.174460214254136 0
369 0.3424034700597879 -1.150112978663842 0
370 0.4362095658818847 -1.117909305191229 0
371 0.5270359079703513 -1.078069177608685 0
372 0.614262060388414 -1.030864744361442 0
373 0.6972921800956271 -0.976618459572359 0
374 0.7755590872190928 -0.9157008803271336 0
375 0.8485281393037308 -0.8485281355439832 0
376 0.9157008834017963 -0.7755590835888454 0
377 0.9766184619308518 -0.6972921767923524 0
378 1.030864746196623 -0.6142620573085817 0
379 1.078069178998155 -0.5270359051281456 0
380 1.117909306198109 -0.4362095633014746 0
381 1.150112979240082 -0.3424034681242318 0
382 1.174460214547411 -0.2462584098975061 0
383 1.190784695753862 -0.1484311569663943 0
384 1.198974910070794 -0.04958996895271595 0
385 0.06707788513681551 0.1060931501052876 0
386 -0.06896844505059804 -0.1032185726897422 0
387 -0.09052705948832922 0.07245155831902904 0
388 0.1092211227071114 -0.07346145436855833 0
389 -0.03028144218286892 0.1258339901050433 0
390 -0.1217546076902171 -0.024218497327945 0
391 0.1262890995534964 0.02304776384167329 0
392 0.02664448818337109 -0.1327777948943067 0
393 0.1217546076367171 0.08135382819070941 0
394 0.05344987730564242 0.03541997303646394 0
395 0.08239608152964675 -0.02601927177568174 0
396 0.01277801043911641 -0.03277511070049523 0
397 -0.03305370722727213 0.02176057558029854 0
398 -0.05977964591321201 -0.04077287996986539 0
399 0.0002356619375580866 0.07308485278826299 0
400 -0.08281174810520443 0.1283072513016776 0
401 0.07986812096546025 -0.1199456601821694 0
402 -0.1217546076367171 -0.08135382819070941 0
403 0.02218565509360371 0.1353026261629655 0
404 -0.136862068365512 0.02808178825262357 0
405 0.1436193522799175 -0.02856766527432547 0
406 -0.02856766527432547 -0.1436193522799175 0
407 -0.0168804935480665 -0.08486397185015211 0
408 -0.0883954177369085 0.01146050897082815 0
409 0.04900455504610657 -0.07830721062856058 0
410 -0.06040425083559907 0.09914277421203616 0
411 -0.04514569877538557 0.07276820555364602 0
412 -0.01502289012265542 0.09945942144665312 0
413 -0.06179038335780068 0.04710606694966379 0
414 -0.01640902264485702 0.04742271418428076 0
415 -0.05654659514403668 0.1270706207033604 0
416 -0.08666940379676683 0.1003794048103533 0
417 0.09441624638676632 0.09372348914799848 0
418 0.06026388122122896 0.07075656157087575 0
419 0.08760224247117979 0.05838690061358667 0
420 0.1240218535951068 0.05220079601619135 0
421 0.08986948842956941 0.02923386843906861 0
422 -0.05208880658903862 0.1521175638739239 0
423 -0.01514072109143446 0.1594669950525216 0
424 0.1523451185981505 0.0484719674184408 0
425 0.1596945497767482 0.01152388192083665 0
426 -0.1500778726665108 -0.04905733416157666 0
427 -0.1574273038451085 -0.0121092486639725 0
428 0.0502703295892897 -0.1555894662685557 0
429 0.01332224409168555 -0.1629388974471533 0
430 0.07048702785666471 0.1422471439607605 0
431 0.1018101021383244 0.1213177349298494 0
432 -0.1344640986522814 0.07317386444777146 0
433 -0.1135346896213702 0.1044969387294312 0
434 0.1438111302616725 -0.07367881247253612 0
435 0.1228817212307613 -0.1050018867541959 0
436 -0.07143230781355597 -0.1408098552529879 0
437 -0.1027553820952157 -0.1198804462220767 0
438 -0.08946123861261886 0.04195603364492859 0
439 -0.06072456248209031 0.01661054227556334 0
440 0.03311394387237941 0.001322431167984355 0
441 0.01019808503918514 0.02859027430838124 0
442 -0.01013784839407786 -0.005507267560098349 0
443 0.0336567735371868 0.08958900144677527 0
444 0.02684276962160025 0.05425241291236346 0
445 0.04463177011520961 0.1206978881341265 0
446 0.0112106585155809 0.1041937394756142 0
447 -0.09076712680171453 -0.0324956886489052 0
448 -0.1217546076634671 -0.0527861627593272 0
449 -0.09076712677496457 -0.0610633540802874 0
450 -0.06437404548190502 -0.07199572632980381 0
451 -0.09536152634365759 -0.09228620044022581 0
452 0.06792297941764458 0.004700350630391099 0
453 0.1043425905415716 -0.001485753967004223 0
454 -0.004047893544632603 0.1305683081340044 0
455 -0.04641667657024207 -0.009506152194783429 0
456 -0.0235008177370478 -0.03677399533518032 0
457 0.04758704598438158 -0.02939719123808849 0
458 0.01109282754680186 0.1642013130814827 0
459 0.134954225916707 -0.002759950716326089 0
460 0.1683596761399588 -0.01428383263716274 0
461 -0.1293083380278646 0.001931645462339288 0
462 -0.164981034182756 0.01404089412631178 0
463 -0.0009615885454771871 -0.1381985735871121 0
464 -0.01428383263716274 -0.1683596761399588 0
465 0.1291484633882753 0.1089480739725603 0
466 0.1500778726397609 0.07762499959295886 0
467 -0.1096770339298078 0.1324247852207555 0
468 -0.07835395955020638 0.1533541944722411 0
469 0.1082052203599358 -0.1282439896610014 0
470 0.07688214598033428 -0.149173398912487 0
471 -0.1291484633882753 -0.1089480739725603 0
472 -0.1500778726397609 -0.07762499959295886 0
473 0.05325630457441567 -0.126361727538238 0
474 0.0480409128350588 0.1568518819895995 0
475 -0.1576316030908728 0.05098897941456874 0
476 -0.1136945639269206 0.0502666732858263 0
477 0.1610102450480755 -0.05123191792541969 0
478 0.1264202374935145 -0.0510145598214419 0
479 -0.05123191792541969 -0.1610102450480755 0
480 -0.04876805516246176 -0.1234189624848299 0
481 0.09454462183628583 -0.09670355727536388 0
482 0.03089128274261149 -0.05554116066452791 0
483 0.06570031828787666 -0.05216324120212116 0
484 -0.07408753182506025 -0.01465618549951862 0
485 -0.1050750127135628 -0.00637899417855842 0
486 0.1130077169047821 -0.0272934685250036 0
487 0.09580860211837908 -0.04974036307212004 0
488 -0.002051241554475045 -0.05881954127532367 0
489 0.01606203074902004 -0.08158559123935635 0
490 0.004881997317652299 -0.1088208833722294 0
491 0.03782452161473883 -0.1055425027614336 0
492 0.07911283887660898 -0.07588433249855946 0
493 -0.04292446929933227 -0.09404127226994716 0
494 -0.03833006973063925 -0.06281842591000875 0
495 -0.02272407941119598 -0.1142416620650348 0
496 -0.1126287430512103 0.01977114861172586 0
497 0.06443633800578341 -0.099126435405365 0
498 0.1414700446657493 0.2117248848809026 0
499 -0.2117248848809026 0.1414700446657493 0
500 -0.1414700446657493 -0.2117248848809026 0
501 0.2117248848809026 -0.1414700446657493 0
502 0.2453865209309037 0.04844225608352004 0
503 -0.04844225608352004 0.2453865209309037 0
504 -0.2453865209309037 -0.04844225608352004 0
505 0.04844225608352004 -0.2453865209309037 0
506 0.3736066904251649 0.2630580202992225 0
507 -0.2630580202992225 0.3736066904251649 0
508 -0.3736066904251649 -0.2630580202992225 0
509 0.2630580202992225 -0.3736066904251649 0
510 0.1173282722518066 0.4534924338590665 0
511 -0.4534924338590665 0.1173282722518066 0
512 -0.1173282722518066 -0.4534924338590665 0
513 0.4534924338590665 -0.1173282722518066 0
514 0.4620323096567323 0.04618879939194767 0
515 -0.04618879939194767 0.4620323096567323 0
516 -0.4620323096567323 -0.04618879939194767 0
517 0.04618879939194767 -0.4620323096567323 0
518 0.272139561838241 0.3800067423792877 0
519 -0.3800067423792877 0.272139561838241 0
520 -0.272139561838241 -0.3800067423792877 0
521 0.3800067423792877 -0.272139561838241 0
522 0.1999097479218312 0.1823486021146803 0
523 -0.1823486021146803 0.1999097479218312 0
524 -0.1999097479218312 -0.1823486021146803 0
525 0.1823486021146803 -0.1999097479218312 0
526 0.2526664204027128 -0.04503740177300913 0
527 0.04503740177300913 0.2526664204027128 0
528 -0.2526664204027128 0.04503740177300913 0
529 -0.04503740177300913 -0.2526664204027128 0
530 0.123081415009025 0.2934763698802203 0
531 -0.2934763698802203 0.123081415009025 0
532 -0.123081415009025 -0.2934763698802203 0
533 0.2934763698802203 -0.123081415009025 0
534 0.3393835986707704 -0.05007422469131723 0
535 0.05007422469131723 0.3393835986707704 0
536 -0.3393835986707704 0.05007422469131723 0
537 -0.05007422469131723 -0.3393835986707704 0
538 0.2113775107375154 0.2485904667149003 0
539 -0.2485904667149003 0.2113775107375154 0
540 -0.2113775107375154 -0.2485904667149003 0
541 0.2485904667149003 -0.2113775107375154 0
542 0.2812009913669152 0.1974642443039208 0
543 -0.1974642443039208 0.2812009913669152 0
544 -0.2812009913669152 -0.1974642443039208 0
545 0.1974642443039208 -0.2812009913669152 0
546 0.2837970823285522 0.2889592257319586 0
547 0.3684641341137022 0.1678312070897532 0
548 -0.2889592257319586 0.2837970823285522 0
549 -0.1678312070897532 0.3684641341137022 0
550 -0.2837970823285522 -0.2889592257319586 0
551 -0.3684641341137022 -0.1678312070897532 0
552 0.2889592257319586 -0.2837970823285522 0
553 0.1678312070897532 -0.3684641341137022 0
554 0.3040225178554925 0.1073205293730136 0
555 0.3819988323318258 0.08271338810616868 0
556 -0.1073205293730136 0.3040225178554925 0
557 -0.08271338810616868 0.3819988323318258 0
558 -0.3040225178554925 -0.1073205293730136 0
559 -0.3819988323318258 -0.08271338810616868 0
560 0.1073205293730136 -0.3040225178554925 0
561 0.08271338810616868 -0.3819988323318258 0
562 0.1969059216962158 0.330617085848864 0
563 -0.330617085848864 0.1969059216962158 0
564 -0.1969059216962158 -0.330617085848864 0
565 0.330617085848864 -0.1969059216962158 0
566 0.449792552542816 0.1311833321921085 0
567 -0.1311833321921085 0.449792552542816 0
568 -0.449792552542816 -0.1311833321921085 0
569 0.1311833321921085 -0.449792552542816 0
570 0.39816190382733 0.002275176494794452 0
571 -0.002275176494794452 0.39816190382733 0
572 -0.39816190382733 -0.002275176494794452 0
573 0.002275176494794452 -0.39816190382733 0
574 0.1958120747660951 0.4235911510451529 0
575 -0.4235911510451529 0.1958120747660951 0
576 -0.1958120747660951 -0.4235911510451529 0
577 0.4235911510451529 -0.1958120747660951 0
578 0.469910679261299 -0.03838216498712786 0
579 0.03838216498712786 0.469910679261299 0
580 -0.469910679261299 0.03838216498712786 0
581 -0.03838216498712786 -0.469910679261299 0
582 0.1211305370124856 0.3735979437071365 0
583 -0.3735979437071365 0.1211305370124856 0
584 -0.1211305370124856 -0.3735979437071365 0
585 0.3735979437071365 -0.1211305370124856 0
586 0.3202699656698391 0.0242732872655284 0
587 -0.0242732872655284 0.3202699656698391 0
588 -0.3202699656698391 -0.0242732872655284 0
589 0.0242732872655284 -0.3202699656698391 0
590 0.3399503632694521 0.3404464946398559 0
591 -0.3404464946398559 0.3399503632694521 0
592 -0.3399503632694521 -0.3404464946398559 0
593 0.3404464946398559 -0.3399503632694521 0
594 0.4358098841069606 0.2044809946241155 0
595 -0.2044809946241155 0.4358098841069606 0
596 -0.4358098841069606 -0.2044809946241155 0
597 0.2044809946241155 -0.4358098841069606 0
598 0.2274149505321792 0.1177155220387583 0
599 -0.1177155220387583 0.2274149505321792 0
600 -0.2274149505321792 -0.1177155220387583 0
601 0.1177155220387583 -0.2274149505321792 0
602 0.4075209991348485 -0.0632132131906229 0
603 0.0632132131906229 0.4075209991348485 0
604 -0.4075209991348485 0.0632132131906229 0
605 -0.0632132131906229 -0.4075209991348485 0
606 0.2490264706668083 0.001702427155255454 0
607 0.286468193036276 -0.01038205725374036 0
608 0.2828282433003714 0.03635777167452422 0
609 -0.001702427155255454 0.2490264706668083 0
610 0.01038205725374036 0.286468193036276 0
611 -0.03635777167452422 0.2828282433003714 0
612 -0.2490264706668083 -0.001702427155255454 0
613 -0.286468193036276 0.01038205725374036 0
614 -0.2828282433003714 -0.03635777167452422 0
615 0.001702427155255454 -0.2490264706668083 0
616 -0.01038205725374036 -0.286468193036276 0
617 0.03635777167452422 -0.2828282433003714 0
618 0.32740384089604 0.2302611323015717 0
619 0.3248325627403087 0.182647725696837 0
620 0.3710354122694335 0.2154446136944878 0
621 -0.2302611323015717 0.32740384089604 0
622 -0.182647725696837 0.3248325627403087 0
623 -0.2154446136944878 0.3710354122694335 0
624 -0.32740384089604 -0.2302611323015717 0
625 -0.3248325627403087 -0.182647725696837 0
626 -0.3710354122694335 -0.2154446136944878 0
627 0.2302611323015717 -0.32740384089604 0
628 0.182647725696837 -0.3248325627403087 0
629 0.2154446136944878 -0.3710354122694335 0
630 0.2960250095367416 -0.04755581323216318 0
631 0.3298267821703048 -0.01290046871289442 0
632 0.04755581323216318 0.2960250095367416 0
633 0.01290046871289442 0.3298267821703048 0
634 -0.2960250095367416 0.04755581323216318 0
635 -0.3298267821703048 0.01290046871289442 0
636 -0.04755581323216318 -0.2960250095367416 0
637 -0.01290046871289442 -0.3298267821703048 0
638 0.3287018863768586 0.2760086230155906 0
639 0.2824990368477337 0.2432117350179397 0
640 -0.2760086230155906 0.3287018863768586 0
641 -0.2432117350179397 0.2824990368477337 0
642 -0.3287018863768586 -0.2760086230155906 0
643 -0.2824990368477337 -0.2432117350179397 0
644 0.2760086230155906 -0.3287018863768586 0
645 0.2432117350179397 -0.2824990368477337 0
646 0.1963589982311554 0.3771041184470085 0
647 0.1584713058892904 0.3985945473761447 0
648 0.1590182293543507 0.3521075147780003 0
649 -0.3771041184470085 0.1963589982311554 0
650 -0.3985945473761447 0.1584713058892904 0
651 -0.3521075147780003 0.1590182293543507 0
652 -0.1963589982311554 -0.3771041184470085 0
653 -0.1584713058892904 -0.3985945473761447 0
654 -0.1590182293543507 -0.3521075147780003 0
655 0.3771041184470085 -0.1963589982311554 0
656 0.3985945473761447 -0.1584713058892904 0
657 0.3521075147780003 -0.1590182293543507 0
658 0.09325372321937919 0.2321956526418077 0
659 0.1322757298373871 0.2526006273805614 0
660 0.08405940839101705 0.2730713951414666 0
661 -0.2321956526418077 0.09325372321937919 0
662 -0.2526006273805614 0.1322757298373871 0
663 -0.2730713951414666 0.08405940839101705 0
664 -0.09325372321937919 -0.2321956526418077 0
665 -0.1322757298373871 -0.2526006273805614 0
666 -0.08405940839101705 -0.2730713951414666 0
667 0.2321956526418077 -0.09325372321937919 0
668 0.2526006273805614 -0.1322757298373871 0
669 0.2730713951414666 -0.08405940839101705 0
670 0.2405553696443732 0.1899064232093006 0
671 0.2136623492270052 0.1500320620767193 0
672 0.2543079709495472 0.1575898831713396 0
673 -0.1899064232093006 0.2405553696443732 0
674 -0.1500320620767193 0.2136623492270052 0
675 -0.1575898831713396 0.2543079709495472 0
676 -0.2405553696443732 -0.1899064232093006 0
677 -0.2136623492270052 -0.1500320620767193 0
678 -0.2543079709495472 -0.1575898831713396 0
679 0.1899064232093006 -0.2405553696443732 0
680 0.1500320620767193 -0.2136623492270052 0
681 0.1575898831713396 -0.2543079709495472 0
682 0.2192432604654519 0.02422112804176002 0
683 0.2228832102013564 -0.02251870088650456 0
684 -0.02422112804176002 0.2192432604654519 0
685 0.02251870088650456 0.2228832102013564 0
686 -0.2192432604654519 -0.02422112804176002 0
687 -0.2228832102013564 0.02251870088650456 0
688 0.02422112804176002 -0.2192432604654519 0
689 -0.02251870088650456 -0.2228832102013564 0
690 0.1076831076211316 0.1950630113485681 0
691 0.05946678617476152 0.2155337791094732 0
692 -0.1950630113485681 0.1076831076211316 0
693 -0.2155337791094732 0.05946678617476152 0
694 -0.1076831076211316 -0.1950630113485681 0
695 -0.05946678617476152 -0.2155337791094732 0
696 0.1950630113485681 -0.1076831076211316 0
697 0.2155337791094732 -0.05946678617476152 0
698 0.2926117546112038 0.1523923868384672 0
699 0.2657187341938358 0.112518025705886 0
700 -0.1523923868384672 0.2926117546112038 0
701 -0.112518025705886 0.2657187341938358 0
702 -0.2926117546112038 -0.1523923868384672 0
703 -0.2657187341938358 -0.112518025705886 0
704 0.1523923868384672 -0.2926117546112038 0
705 0.112518025705886 -0.2657187341938358 0
706 0.2029080440874919 0.09580584651698332 0
707 0.1819786348360063 0.1271289208965848 0
708 -0.09580584651698332 0.2029080440874919 0
709 -0.1271289208965848 0.1819786348360063 0
710 -0.2029080440874919 -0.09580584651698332 0
711 -0.1819786348360063 -0.1271289208965848 0
712 0.09580584651698332 -0.2029080440874919 0
713 0.1271289208965848 -0.1819786348360063 0
714 0.1764237777016324 0.2301576757979014 0
715 0.1672294628732702 0.2710334182975603 0
716 -0.2301576757979014 0.1764237777016324 0
717 -0.2710334182975603 0.1672294628732702 0
718 -0.1764237777016324 -0.2301576757979014 0
719 -0.1672294628732702 -0.2710334182975603 0
720 0.2301576757979014 -0.1764237777016324 0
721 0.2710334182975603 -0.1672294628732702 0
722 0.1682260335308323 0.1594454609345458 0
723 -0.1594454609345458 0.1682260335308323 0
724 -0.1682260335308323 -0.1594454609345458 0
725 0.1594454609345458 -0.1682260335308323 0
726 0.2041417162168656 0.2896037762818822 0
727 0.1599936683526204 0.3120467278645421 0
728 -0.2896037762818822 0.2041417162168656 0
729 -0.3120467278645421 0.1599936683526204 0
730 -0.2041417162168656 -0.2896037762818822 0
731 -0.1599936683526204 -0.3120467278645421 0
732 0.2896037762818822 -0.2041417162168656 0
733 0.3120467278645421 -0.1599936683526204 0
734 0.3362433259845973 0.1375758682313834 0
735 -0.1375758682313834 0.3362433259845973 0
736 -0.3362433259845973 -0.1375758682313834 0
737 0.1375758682313834 -0.3362433259845973 0
738 0.500213354095105 0.07056112916982417 0
739 0.4940934755381469 0.1130583955699046 0
740 0.4559124310997741 0.08868606579202806 0
741 -0.07056112916982417 0.500213354095105 0
742 -0.1130583955699046 0.4940934755381469 0
743 -0.08868606579202806 0.4559124310997741 0
744 -0.500213354095105 -0.07056112916982417 0
745 -0.4940934755381469 -0.1130583955699046 0
746 -0.4559124310997741 -0.08868606579202806 0
747 0.07056112916982417 -0.500213354095105 0
748 0.1130583955699046 -0.4940934755381469 0
749 0.08868606579202806 -0.4559124310997741 0
750 0.2779683220833966 0.3344829840556232 0
751 0.2345227417672284 0.3553119141140759 0
752 0.240351502012384 0.3097881557904113 0
753 -0.3344829840556232 0.2779683220833966 0
754 -0.3553119141140759 0.2345227417672284 0
755 -0.3097881557904113 0.240351502012384 0
756 -0.2779683220833966 -0.3344829840556232 0
757 -0.2345227417672284 -0.3553119141140759 0
758 -0.240351502012384 -0.3097881557904113 0
759 0.3344829840556232 -0.2779683220833966 0
760 0.3553119141140759 -0.2345227417672284 0
761 0.3097881557904113 -0.240351502012384 0
762 0.2475872965330338 0.2687748462234295 0
763 -0.2687748462234295 0.2475872965330338 0
764 -0.2475872965330338 -0.2687748462234295 0
765 0.2687748462234295 -0.2475872965330338 0
766 0.1565701735089508 0.4385417924521097 0
767 0.1192294046321461 0.4135451887831015 0
768 -0.4385417924521097 0.1565701735089508 0
769 -0.4135451887831015 0.1192294046321461 0
770 -0.1565701735089508 -0.4385417924521097 0
771 -0.1192294046321461 -0.4135451887831015 0
772 0.4385417924521097 -0.1565701735089508 0
773 0.4135451887831015 -0.1192294046321461 0
774 0.4220155709942791 0.06445109374905818 0
775 0.4158956924373209 0.1069483601491386 0
776 -0.06445109374905818 0.4220155709942791 0
777 -0.1069483601491386 0.4158956924373209 0
778 -0.4220155709942791 -0.06445109374905818 0
779 -0.4158956924373209 -0.1069483601491386 0
780 0.06445109374905818 -0.4220155709942791 0
781 0.1069483601491386 -0.4158956924373209 0
782 0.2727447805715356 0.4267314155147983 0
783 0.3117757736247658 0.3994016200536774 0
784 -0.4267314155147983 0.2727447805715356 0
785 -0.3994016200536774 0.3117757736247658 0
786 -0.2727447805715356 -0.4267314155147983 0
787 -0.3117757736247658 -0.3994016200536774 0
788 0.4267314155147983 -0.2727447805715356 0
789 0.3994016200536774 -0.3117757736247658 0
790 0.5043661548283661 0.02309439969597384 0
791 -0.02309439969597384 0.5043661548283661 0
792 -0.5043661548283661 -0.02309439969597384 0
793 0.02309439969597384 -0.5043661548283661 0
794 0.1061308653510984 0.4959434162401167 0
795 0.1521553420292281 0.4836111949213609 0
796 -0.4959434162401167 0.1061308653510984 0
797 -0.4836111949213609 0.1521553420292281 0
798 -0.1061308653510984 -0.4959434162401167 0
799 -0.1521553420292281 -0.4836111949213609 0
800 0.4959434162401167 -0.1061308653510984 0
801 0.4836111949213609 -0.1521553420292281 0
802 0.3962015933845884 0.3072350036799829 0
803 0.4235313891357733 0.2682040104982478 0
804 -0.3072350036799829 0.3962015933845884 0
805 -0.2682040104982478 0.4235313891357733 0
806 -0.3962015933845884 -0.3072350036799829 0
807 -0.4235313891357733 -0.2682040104982478 0
808 0.3072350036799829 -0.3962015933845884 0
809 0.2682040104982478 -0.4235313891357733 0
810 0.2747045193931981 0.0778813927282668 0
811 0.3121462417626658 0.06579690831927099 0
812 -0.0778813927282668 0.2747045193931981 0
813 -0.06579690831927099 0.3121462417626658 0
814 -0.2747045193931981 -0.0778813927282668 0
815 -0.3121462417626658 -0.06579690831927099 0
816 0.0778813927282668 -0.2747045193931981 0
817 0.06579690831927099 -0.3121462417626658 0
818 0.233975818302168 0.4017989467122203 0
819 -0.4017989467122203 0.233975818302168 0
820 -0.233975818302168 -0.4017989467122203 0
821 0.4017989467122203 -0.233975818302168 0
822 0.3164299842754953 -0.0865778198501711 0
823 0.0865778198501711 0.3164299842754953 0
824 -0.3164299842754953 0.0865778198501711 0
825 -0.0865778198501711 -0.3164299842754953 0
826 0.4817612540747772 0.1590828725171642 0
827 -0.1590828725171642 0.4817612540747772 0
828 -0.4817612540747772 -0.1590828725171642 0
829 0.1590828725171642 -0.4817612540747772 0
830 0.3430106750936591 0.09501695873959112 0
831 0.375231483222764 0.1252722975979609 0
832 -0.09501695873959112 0.3430106750936591 0
833 -0.1252722975979609 0.375231483222764 0
834 -0.3430106750936591 -0.09501695873959112 0
835 -0.375231483222764 -0.1252722975979609 0
836 0.09501695873959112 -0.3430106750936591 0
837 0.1252722975979609 -0.375231483222764 0
838 0.1221059760107553 0.3335371567936784 0
839 -0.3335371567936784 0.1221059760107553 0
840 -0.1221059760107553 -0.3335371567936784 0
841 0.3335371567936784 -0.1221059760107553 0
842 0.2118938292868542 0.06116921353936418 0
843 -0.06116921353936418 0.2118938292868542 0
844 -0.2118938292868542 -0.06116921353936418 0
845 0.06116921353936418 -0.2118938292868542 0
846 0.1390061819027913 0.1741336023176569 0
847 -0.1741336023176569 0.1390061819027913 0
848 -0.1390061819027913 -0.1741336023176569 0
849 0.1741336023176569 -0.1390061819027913 0
850 0.3511343990008324 0.05349333768584855 0
851 -0.05349333768584855 0.3511343990008324 0
852 -0.3511343990008324 -0.05349333768584855 0
853 0.05349333768584855 -0.3511343990008324 0
854 0.4300971067420312 0.02423198794337106 0
855 0.4340362915443144 -0.0180534942461667 0
856 0.4659714944590156 0.003903317202409905 0
857 -0.02423198794337106 0.4300971067420312 0
858 0.0180534942461667 0.4340362915443144 0
859 -0.003903317202409905 0.4659714944590156 0
860 -0.4300971067420312 -0.02423198794337106 0
861 -0.4340362915443144 0.0180534942461667 0
862 -0.4659714944590156 -0.003903317202409905 0
863 0.02423198794337106 -0.4300971067420312 0
864 -0.0180534942461667 -0.4340362915443144 0
865 0.003903317202409905 -0.4659714944590156 0
866 0.1706898962937903 0.1970367434977915 0
867 -0.1970367434977915 0.1706898962937903 0
868 -0.1706898962937903 -0.1970367434977915 0
869 0.1970367434977915 -0.1706898962937903 0
870 0.2056436293296733 0.2154695344147903 0
871 0.2462892510522153 0.2230273555094106 0
872 -0.2154695344147903 0.2056436293296733 0
873 -0.2230273555094106 0.2462892510522153 0
874 -0.2056436293296733 -0.2154695344147903 0
875 -0.2462892510522153 -0.2230273555094106 0
876 0.2154695344147903 -0.2056436293296733 0
877 0.2230273555094106 -0.2462892510522153 0
878 0.3900803680795779 0.04249428230048156 0
879 -0.04249428230048156 0.3900803680795779 0
880 -0.3900803680795779 -0.04249428230048156 0
881 0.04249428230048156 -0.3900803680795779 0
882 0.3567785268473085 0.3017522574695392 0
883 0.3118737227990022 0.3147028601859073 0
884 -0.3017522574695392 0.3567785268473085 0
885 -0.3147028601859073 0.3118737227990022 0
886 -0.3567785268473085 -0.3017522574695392 0
887 -0.3118737227990022 -0.3147028601859073 0
888 0.3017522574695392 -0.3567785268473085 0
889 0.3147028601859073 -0.3118737227990022 0
890 0.4091283433282591 0.1495072696409308 0
891 -0.1495072696409308 0.4091283433282591 0
892 -0.4091283433282591 -0.1495072696409308 0
893 0.1495072696409308 -0.4091283433282591 0
894 0.3060449625538466 0.3602266185095718 0
895 -0.3602266185095718 0.3060449625538466 0
896 -0.3060449625538466 -0.3602266185095718 0
897 0.3602266185095718 -0.3060449625538466 0
898 0.4028414514810892 -0.03046901834791422 0
899 0.4387158391980738 -0.05079768908887538 0
900 0.03046901834791422 0.4028414514810892 0
901 0.05079768908887538 0.4387158391980738 0
902 -0.4028414514810892 0.03046901834791422 0
903 -0.4387158391980738 0.05079768908887538 0
904 -0.03046901834791422 -0.4028414514810892 0
905 -0.05079768908887538 -0.4387158391980738 0
906 0.2345810370354627 0.4485236198477309 0
907 -0.4485236198477309 0.2345810370354627 0
908 -0.2345810370354627 -0.4485236198477309 0
909 0.4485236198477309 -0.2345810370354627 0
910 0.5083053396306495 -0.01919108249356393 0
911 0.01919108249356393 0.5083053396306495 0
912 -0.5083053396306495 0.01919108249356393 0
913 -0.01919108249356393 -0.5083053396306495 0
914 0.1913972432863724 0.4686605535144042 0
915 -0.4686605535144042 0.1913972432863724 0
916 -0.1913972432863724 -0.4686605535144042 0
917 0.4686605535144042 -0.1913972432863724 0
918 0.06665781171875904 0.504152538941233 0
919 0.0778552186194672 0.4617015565601827 0
920 -0.504152538941233 0.06665781171875904 0
921 -0.4617015565601827 0.0778552186194672 0
922 -0.06665781171875904 -0.504152538941233 0
923 -0.0778552186194672 -0.4617015565601827 0
924 0.504152538941233 -0.06665781171875904 0
925 0.4617015565601827 -0.0778552186194672 0
926 0.4021370091103314 0.1861561008569343 0
927 0.4047082872660628 0.233769507461669 0
928 -0.1861561008569343 0.4021370091103314 0
929 -0.233769507461669 0.4047082872660628 0
930 -0.4021370091103314 -0.1861561008569343 0
931 -0.4047082872660628 -0.233769507461669 0
932 0.1861561008569343 -0.4021370091103314 0
933 0.233769507461669 -0.4047082872660628 0
934 0.3456811743403713 0.3796214961839615 0
935 -0.3796214961839615 0.3456811743403713 0
936 -0.3456811743403713 -0.3796214961839615 0
937 0.3796214961839615 -0.3456811743403713 0
938 0.379373429806732 0.3459292408502996 0
939 -0.3459292408502996 0.379373429806732 0
940 -0.379373429806732 -0.3459292408502996 0
941 0.3459292408502996 -0.379373429806732 0
942 0.3687727512490502 -0.02389952409826139 0
943 0.3592159347485845 0.01327423188016143 0
944 0.02389952409826139 0.3687727512490502 0
945 -0.01327423188016143 0.3592159347485845 0
946 -0.3687727512490502 0.02389952409826139 0
947 -0.3592159347485845 -0.01327423188016143 0
948 -0.02389952409826139 -0.3687727512490502 0
949 0.01327423188016143 -0.3592159347485845 0
950 0.2364007357315415 0.08307888906113918 0
951 -0.08307888906113918 0.2364007357315415 0
952 -0.2364007357315415 -0.08307888906113918 0
953 0.08307888906113918 -0.2364007357315415 0
954 0.08560238085190144 0.3564907711889534 0
955 -0.3564907711889534 0.08560238085190144 0
956 -0.08560238085190144 -0.3564907711889534 0
957 0.3564907711889534 -0.08560238085190144 0
958 0.4546329859766712 0.2389154976606944 0
959 -0.2389154976606944 0.4546329859766712 0
960 -0.4546329859766712 -0.2389154976606944 0
961 0.2389154976606944 -0.4546329859766712 0
962 0.4747699198568496 0.1957317037331678 0
963 -0.1957317037331678 0.4747699198568496 0
964 -0.4747699198568496 -0.1957317037331678 0
965 0.1957317037331678 -0.4747699198568496 0
966 0.4428012183248883 0.167832163408112 0
967 -0.167832163408112 0.4428012183248883 0
968 -0.4428012183248883 -0.167832163408112 0
969 0.167832163408112 -0.4428012183248883 0
970 0.3734522989028095 -0.05664371894097006 0
971 0.05664371894097006 0.3734522989028095 0
972 -0.3734522989028095 0.05664371894097006 0
973 -0.05664371894097006 -0.3734522989028095 0
974 0.3905594714209925 -0.09217187510155428 0
975 0.09217187510155428 0.3905594714209925 0
976 -0.3905594714209925 0.09217187510155428 0
977 -0.09217187510155428 -0.3905594714209925 0
978 0.09027074272121473 0.4305067164969575 0
979 -0.4305067164969575 0.09027074272121473 0
980 -0.09027074272121473 -0.4305067164969575 0
981 0.4305067164969575 -0.09027074272121473 0
982 0.2556805417211018 0.5733652193442221 0
983 -0.5733652193442221 0.2556805417211018 0
984 -0.2556805417211018 -0.5733652193442221 0
985 0.5733652193442221 -0.2556805417211018 0
986 0.5673061203007054 0.2763914011671553 0
987 -0.2763914011671553 0.5673061203007054 0
988 -0.5673061203007054 -0.2763914011671553 0
989 0.2763914011671553 -0.5673061203007054 0
990 0.6244251228882861 -0.05533365213733871 0
991 0.05533365213733871 0.6244251228882861 0
992 -0.6244251228882861 0.05533365213733871 0
993 -0.05533365213733871 -0.6244251228882861 0
994 0.4394518452787697 0.446529158488249 0
995 -0.446529158488249 0.4394518452787697 0
996 -0.4394518452787697 -0.446529158488249 0
997 0.446529158488249 -0.4394518452787697 0
998 0.8988335262078386 0.1337874570074646 0
999 -0.1337874570074646 0.8988335262078386 0
1000 -0.8988335262078386 -0.1337874570074646 0
1001 0.1337874570074646 -0.8988335262078386 0
1002 0.2253336367173753 0.8841298926116603 0
1003 -0.8841298926116603 0.2253336367173753 0
1004 -0.2253336367173753 -0.8841298926116603 0
1005 0.8841298926116603 -0.2253336367173753 0
1006 0.5596786474099297 0.7414399247300028 0
1007 -0.7414399247300028 0.5596786474099297 0
1008 -0.5596786474099297 -0.7414399247300028 0
1009 0.7414399247300028 -0.5596786474099297 0
1010 0.7201348586170935 0.5420318340824563 0
1011 -0.5420318340824563 0.7201348586170935 0
1012 -0.7201348586170935 -0.5420318340824563 0
1013 0.5420318340824563 -0.7201348586170935 0
1014 0.86071509451215 0.2990560766116048 0
1015 -0.2990560766116048 0.86071509451215 0
1016 -0.86071509451215 -0.2990560766116048 0
1017 0.2990560766116048 -0.86071509451215 0
1018 0.9126312446969067 -0.04516110566220281 0
1019 0.04516110566220281 0.9126312446969067 0
1020 -0.9126312446969067 0.04516110566220281 0
1021 -0.04516110566220281 -0.9126312446969067 0
1022 0.3852036671307737 0.8241618952498899 0
1023 -0.8241618952498899 0.3852036671307737 0
1024 -0.3852036671307737 -0.8241618952498899 0
1025 0.8241618952498899 -0.3852036671307737 0
1026 0.5169383272233092 0.3724174065722647 0
1027 0.6149816491256263 0.3616714878783909 0
1028 0.5419551458894185 0.4719543391505162 0
1029 0.4679121559556908 0.5363011889422453 0
1030 0.6670772163660272 0.2779670161688297 0
1031 0.5590583641234013 0.5670545904844326 0
1032 0.7102480062290966 0.3617816976135043 0
1033 0.6269740855458678 0.1940370887334155 0
1034 0.7220215221509418 0.1974393710664895 0
1035 0.6927649654065767 0.09834590441738184 0
1036 -0.3724174065722647 0.5169383272233092 0
1037 -0.3616714878783909 0.6149816491256263 0
1038 -0.4719543391505162 0.5419551458894185 0
1039 -0.5363011889422453 0.4679121559556908 0
1040 -0.2779670161688297 0.6670772163660272 0
1041 -0.5670545904844326 0.5590583641234013 0
1042 -0.3617816976135043 0.7102480062290966 0
1043 -0.1940370887334155 0.6269740855458678 0
1044 -0.1974393710664895 0.7220215221509418 0
1045 -0.09834590441738184 0.6927649654065767 0
1046 -0.5169383272233092 -0.3724174065722647 0
1047 -0.6149816491256263 -0.3616714878783909 0
1048 -0.5419551458894185 -0.4719543391505162 0
1049 -0.4679121559556908 -0.5363011889422453 0
1050 -0.6670772163660272 -0.2779670161688297 0
1051 -0.5590583641234013 -0.5670545904844326 0
1052 -0.7102480062290966 -0.3617816976135043 0
1053 -0.6269740855458678 -0.1940370887334155 0
1054 -0.7220215221509418 -0.1974393710664895 0
1055 -0.6927649654065767 -0.09834590441738184 0
1056 0.3724174065722647 -0.5169383272233092 0
1057 0.3616714878783909 -0.6149816491256263 0
1058 0.4719543391505162 -0.5419551458894185 0
1059 0.5363011889422453 -0.4679121559556908 0
1060 0.2779670161688297 -0.6670772163660272 0
1061 0.5670545904844326 -0.5590583641234013 0
1062 0.3617816976135043 -0.7102480062290966 0
1063 0.1940370887334155 -0.6269740855458678 0
1064 0.1974393710664895 -0.7220215221509418 0
1065 0.09834590441738184 -0.6927649654065767 0
1066 0.1570695222806287 0.6172512087684496 0
1067 0.238499772301797 0.6718141387479385 0
1068 0.1093663548753648 0.7033674806474818 0
1069 0.3286602558943033 0.6355418738486068 0
1070 0.009931350083342391 0.7020550696251868 0
1071 -0.6172512087684496 0.1570695222806287 0
1072 -0.6718141387479385 0.238499772301797 0
1073 -0.7033674806474818 0.1093663548753648 0
1074 -0.6355418738486068 0.3286602558943033 0
1075 -0.7020550696251868 0.009931350083342391 0
1076 -0.1570695222806287 -0.6172512087684496 0
1077 -0.238499772301797 -0.6718141387479385 0
1078 -0.1093663548753648 -0.7033674806474818 0
1079 -0.3286602558943033 -0.6355418738486068 0
1080 -0.009931350083342391 -0.7020550696251868 0
1081 0.6172512087684496 -0.1570695222806287 0
1082 0.6718141387479385 -0.238499772301797 0
1083 0.7033674806474818 -0.1093663548753648 0
1084 0.6355418738486068 -0.3286602558943033 0
1085 0.7020550696251868 -0.009931350083342391 0
1086 0.6443691752060495 0.4567738387520417 0
1087 -0.4567738387520417 0.6443691752060495 0
1088 -0.6443691752060495 -0.4567738387520417 0
1089 0.4567738387520417 -0.6443691752060495 0
1090 0.1956791785063501 0.7669213008877828 0
1091 -0.7669213008877828 0.1956791785063501 0
1092 -0.1956791785063501 -0.7669213008877828 0
1093 0.7669213008877828 -0.1956791785063501 0
1094 0.7855793957060806 0.1196374890117766 0
1095 -0.1196374890117766 0.7855793957060806 0
1096 -0.7855793957060806 -0.1196374890117766 0
1097 0.1196374890117766 -0.7855793957060806 0
1098 0.7809909310011763 -0.07152209915872285 0
1099 0.07152209915872285 0.7809909310011763 0
1100 -0.7809909310011763 0.07152209915872285 0
1101 -0.07152209915872285 -0.7809909310011763 0
1102 0.3115484491545311 0.7337293430970332 0
1103 0.4039122936966494 0.7049440283507943 0
1104 -0.7337293430970332 0.3115484491545311 0
1105 -0.7049440283507943 0.4039122936966494 0
1106 -0.3115484491545311 -0.7337293430970332 0
1107 -0.4039122936966494 -0.7049440283507943 0
1108 0.7337293430970332 -0.3115484491545311 0
1109 0.7049440283507943 -0.4039122936966494 0
1110 0.4834500566713384 0.627018213786771 0
1111 -0.627018213786771 0.4834500566713384 0
1112 -0.4834500566713384 -0.627018213786771 0
1113 0.627018213786771 -0.4834500566713384 0
1114 0.3610218355059918 0.5264647715403864 0
1115 -0.5264647715403864 0.3610218355059918 0
1116 -0.3610218355059918 -0.5264647715403864 0
1117 0.5264647715403864 -0.3610218355059918 0
1118 0.8181718661476962 0.207475933190576 0
1119 0.8577503698966639 0.04457908893743982 0
1120 -0.207475933190576 0.8181718661476962 0
1121 -0.04457908893743982 0.8577503698966639 0
1122 -0.8181718661476962 -0.207475933190576 0
1123 -0.8577503698966639 -0.04457908893743982 0
1124 0.207475933190576 -0.8181718661476962 0
1125 0.04457908893743982 -0.8577503698966639 0
1126 0.2874728157174627 0.8204324426417604 0
1127 -0.8204324426417604 0.2874728157174627 0
1128 -0.2874728157174627 -0.8204324426417604 0
1129 0.8204324426417604 -0.2874728157174627 0
1130 0.7617024049194372 0.2828750088969836 0
1131 -0.2828750088969836 0.7617024049194372 0
1132 -0.7617024049194372 -0.2828750088969836 0
1133 0.2828750088969836 -0.7617024049194372 0
1134 0.7352884528043335 0.4513556911086241 0
1135 0.8113454812752833 0.3902921191895461 0
1136 -0.4513556911086241 0.7352884528043335 0
1137 -0.3902921191895461 0.8113454812752833 0
1138 -0.7352884528043335 -0.4513556911086241 0
1139 -0.8113454812752833 -0.3902921191895461 0
1140 0.4513556911086241 -0.7352884528043335 0
1141 0.3902921191895461 -0.8113454812752833 0
1142 0.6189086386009919 0.04065111360657803 0
1143 -0.04065111360657803 0.6189086386009919 0
1144 -0.6189086386009919 -0.04065111360657803 0
1145 0.04065111360657803 -0.6189086386009919 0
1146 0.5608946385199107 0.654221155151218 0
1147 0.6379355292485247 0.5995738174485233 0
1148 -0.654221155151218 0.5608946385199107 0
1149 -0.5995738174485233 0.6379355292485247 0
1150 -0.5608946385199107 -0.654221155151218 0
1151 -0.6379355292485247 -0.5995738174485233 0
1152 0.654221155151218 -0.5608946385199107 0
1153 0.5995738174485233 -0.6379355292485247 0
1154 0.1245260212919498 0.8490094060092909 0
1155 -0.8490094060092909 0.1245260212919498 0
1156 -0.1245260212919498 -0.8490094060092909 0
1157 0.8490094060092909 -0.1245260212919498 0
1158 0.4755821448476255 0.780998937972473 0
1159 -0.780998937972473 0.4755821448476255 0
1160 -0.4755821448476255 -0.780998937972473 0
1161 0.780998937972473 -0.4755821448476255 0
1162 0.4089913195447947 0.6060540152937608 0
1163 -0.6060540152937608 0.4089913195447947 0
1164 -0.4089913195447947 -0.6060540152937608 0
1165 0.6060540152937608 -0.4089913195447947 0
1166 0.9030892205347888 0.2251388934674892 0
1167 -0.2251388934674892 0.9030892205347888 0
1168 -0.9030892205347888 -0.2251388934674892 0
1169 0.2251388934674892 -0.9030892205347888 0
1170 0.1376256450232661 0.9243481101084848 0
1171 -0.9243481101084848 0.1376256450232661 0
1172 -0.1376256450232661 -0.9243481101084848 0
1173 0.9243481101084848 -0.1376256450232661 0
1174 0.9328799734903335 0.0462445161670014 0
1175 -0.0462445161670014 0.9328799734903335 0
1176 -0.9328799734903335 -0.0462445161670014 0
1177 0.0462445161670014 -0.9328799734903335 0
1178 -0.03259126904880814 0.7743894502786582 0
1179 -0.7743894502786582 -0.03259126904880814 0
1180 0.03259126904880814 -0.7743894502786582 0
1181 0.7743894502786582 0.03259126904880814 0
1182 0.8007494916597953 0.4825049308484002 0
1183 -0.4825049308484002 0.8007494916597953 0
1184 -0.8007494916597953 -0.4825049308484002 0
1185 0.4825049308484002 -0.8007494916597953 0
1186 0.6091122751524247 0.1158923204950668 0
1187 -0.1158923204950668 0.6091122751524247 0
1188 -0.6091122751524247 -0.1158923204950668 0
1189 0.1158923204950668 -0.6091122751524247 0
1190 0.4967035562290908 0.7017244519982518 0
1191 -0.7017244519982518 0.4967035562290908 0
1192 -0.4967035562290908 -0.7017244519982518 0
1193 0.7017244519982518 -0.4967035562290908 0
1194 0.633696990036598 0.6852941175223251 0
1195 -0.6852941175223251 0.633696990036598 0
1196 -0.633696990036598 -0.6852941175223251 0
1197 0.6852941175223251 -0.633696990036598 0
1198 0.6993319035975352 0.6354167238656336 0
1199 -0.6354167238656336 0.6993319035975352 0
1200 -0.6993319035975352 -0.6354167238656336 0
1201 0.6354167238656336 -0.6993319035975352 0
1202 0.3168422584838235 0.8874488826555852 0
1203 -0.8874488826555852 0.3168422584838235 0
1204 -0.3168422584838235 -0.8874488826555852 0
1205 0.8874488826555852 -0.3168422584838235 0
1206 0.8417962274837734 -0.02864643613826313 0
1207 0.02864643613826313 0.8417962274837734 0
1208 -0.8417962274837734 0.02864643613826313 0
1209 -0.02864643613826313 -0.8417962274837734 0
1210 0.5795610743611008 0.4157042680883034 0
1211 -0.4157042680883034 0.5795610743611008 0
1212 -0.5795610743611008 -0.4157042680883034 0
1213 0.4157042680883034 -0.5795610743611008 0
1214 0.1781291976252737 0.7003681436639255 0
1215 -0.7003681436639255 0.1781291976252737 0
1216 -0.1781291976252737 -0.7003681436639255 0
1217 0.7003681436639255 -0.1781291976252737 0
1218 0.6206906146168976 0.5274776839835941 0
1219 -0.5274776839835941 0.6206906146168976 0
1220 -0.6206906146168976 -0.5274776839835941 0
1221 0.5274776839835941 -0.6206906146168976 0
1222 0.4536820006172303 0.4914151737152472 0
1223 0.4144669957308413 0.5313829802413159 0
1224 0.4002368403923807 0.4864969650143177 0
1225 -0.4914151737152472 0.4536820006172303 0
1226 -0.5313829802413159 0.4144669957308413 0
1227 -0.4864969650143177 0.4002368403923807 0
1228 -0.4536820006172303 -0.4914151737152472 0
1229 -0.4144669957308413 -0.5313829802413159 0
1230 -0.4002368403923807 -0.4864969650143177 0
1231 0.4914151737152472 -0.4536820006172303 0
1232 0.5313829802413159 -0.4144669957308413 0
1233 0.4864969650143177 -0.4002368403923807 0
1234 0.3483760581426524 0.7789456191734616 0
1235 0.3577303714255903 0.7193366857239137 0
1236 0.3945579804137116 0.7645529618003422 0
1237 -0.7789456191734616 0.3483760581426524 0
1238 -0.7193366857239137 0.3577303714255903 0
1239 -0.7645529618003422 0.3945579804137116 0
1240 -0.3483760581426524 -0.7789456191734616 0
1241 -0.3577303714255903 -0.7193366857239137 0
1242 -0.3945579804137116 -0.7645529618003422 0
1243 0.7789456191734616 -0.3483760581426524 0
1244 0.7193366857239137 -0.3577303714255903 0
1245 0.7645529618003422 -0.3945579804137116 0
1246 0.1525227666908575 0.7351443907676323 0
1247 0.1336006388325365 0.7739561159444796 0
1248 0.09044422701704385 0.7421792058243291 0
1249 -0.7351443907676323 0.1525227666908575 0
1250 -0.7739561159444796 0.1336006388325365 0
1251 -0.7421792058243291 0.09044422701704385 0
1252 -0.1525227666908575 -0.7351443907676323 0
1253 -0.1336006388325365 -0.7739561159444796 0
1254 -0.09044422701704385 -0.7421792058243291 0
1255 0.7351443907676323 -0.1525227666908575 0
1256 0.7739561159444796 -0.1336006388325365 0
1257 0.7421792058243291 -0.09044422701704385 0
1258 0.5421222237620074 0.32440440386971 0
1259 0.5911438847131658 0.3190314445227731 0
1260 0.5659599881744677 0.3670444472253278 0
1261 -0.32440440386971 0.5421222237620074 0
1262 -0.3190314445227731 0.5911438847131658 0
1263 -0.3670444472253278 0.5659599881744677 0
1264 -0.5421222237620074 -0.32440440386971 0
1265 -0.5911438847131658 -0.3190314445227731 0
1266 -0.5659599881744677 -0.3670444472253278 0
1267 0.32440440386971 -0.5421222237620074 0
1268 0.3190314445227731 -0.5911438847131658 0
1269 0.3670444472253278 -0.5659599881744677 0
1270 0.2063750320008652 0.5953082140563359 0
1271 0.2470901570114494 0.6225896790460803 0
1272 0.1977846472912128 0.644532673758194 0
1273 -0.5953082140563359 0.2063750320008652 0
1274 -0.6225896790460803 0.2470901570114494 0
1275 -0.644532673758194 0.1977846472912128 0
1276 -0.2063750320008652 -0.5953082140563359 0
1277 -0.2470901570114494 -0.6225896790460803 0
1278 -0.1977846472912128 -0.644532673758194 0
1279 0.5953082140563359 -0.2063750320008652 0
1280 0.6225896790460803 -0.2470901570114494 0
1281 0.644532673758194 -0.1977846472912128 0
1282 0.8422064609569596 0.1267124730096206 0
1283 0.8585026961777674 0.1706316950990203 0
1284 0.8018756309268884 0.1635567111011763 0
1285 -0.1267124730096206 0.8422064609569596 0
1286 -0.1706316950990203 0.8585026961777674 0
1287 -0.1635567111011763 0.8018756309268884 0
1288 -0.8422064609569596 -0.1267124730096206 0
1289 -0.8585026961777674 -0.1706316950990203 0
1290 -0.8018756309268884 -0.1635567111011763 0
1291 0.1267124730096206 -0.8422064609569596 0
1292 0.1706316950990203 -0.8585026961777674 0
1293 0.1635567111011763 -0.8018756309268884 0
1294 0.3954319153450301 0.432662828108158 0
1295 0.3562169104586411 0.4726306346342267 0
1296 -0.432662828108158 0.3954319153450301 0
1297 -0.4726306346342267 0.3562169104586411 0
1298 -0.3954319153450301 -0.432662828108158 0
1299 -0.3562169104586411 -0.4726306346342267 0
1300 0.432662828108158 -0.3954319153450301 0
1301 0.4726306346342267 -0.3562169104586411 0
1302 0.8216648828013722 0.08210828897460819 0
1303 0.8782919480522513 0.08918327297245224 0
1304 -0.08210828897460819 0.8216648828013722 0
1305 -0.08918327297245224 0.8782919480522513 0
1306 -0.8216648828013722 -0.08210828897460819 0
1307 -0.8782919480522513 -0.08918327297245224 0
1308 0.08210828897460819 -0.8216648828013722 0
1309 0.08918327297245224 -0.8782919480522513 0
1310 0.5203811040735435 0.2748707009322143 0
1311 0.4951972075348455 0.322883703634769 0
1312 -0.2748707009322143 0.5203811040735435 0
1313 -0.322883703634769 0.4951972075348455 0
1314 -0.5203811040735435 -0.2748707009322143 0
1315 -0.4951972075348455 -0.322883703634769 0
1316 0.2748707009322143 -0.5203811040735435 0
1317 0.322883703634769 -0.4951972075348455 0
1318 0.2213314767638757 0.5435475876639387 0
1319 0.1720259670436391 0.5654905823760525 0
1320 -0.5435475876639387 0.2213314767638757 0
1321 -0.5654905823760525 0.1720259670436391 0
1322 -0.2213314767638757 -0.5435475876639387 0
1323 -0.1720259670436391 -0.5654905823760525 0
1324 0.5435475876639387 -0.2213314767638757 0
1325 0.5654905823760525 -0.1720259670436391 0
1326 0.2105064076118627 0.8255255967497215 0
1327 0.2415759971119064 0.7936768717647715 0
1328 0.256403226217419 0.8522811676267104 0
1329 -0.8255255967497215 0.2105064076118627 0
1330 -0.7936768717647715 0.2415759971119064 0
1331 -0.8522811676267104 0.256403226217419 0
1332 -0.2105064076118627 -0.8255255967497215 0
1333 -0.2415759971119064 -0.7936768717647715 0
1334 -0.256403226217419 -0.8522811676267104 0
1335 0.8255255967497215 -0.2105064076118627 0
1336 0.7936768717647715 -0.2415759971119064 0
1337 0.8522811676267104 -0.256403226217419 0
1338 0.8466333724828432 0.4308444286232425 0
1339 0.8676125066785363 0.3864877762957674 0
1340 -0.4308444286232425 0.8466333724828432 0
1341 -0.3864877762957674 0.8676125066785363 0
1342 -0.8466333724828432 -0.4308444286232425 0
1343 -0.8676125066785363 -0.3864877762957674 0
1344 0.4308444286232425 -0.8466333724828432 0
1345 0.3864877762957674 -0.8676125066785363 0
1346 0.2536138138304406 0.750325321992408 0
1347 0.2995106324359968 0.7770808928693969 0
1348 -0.750325321992408 0.2536138138304406 0
1349 -0.7770808928693969 0.2995106324359968 0
1350 -0.2536138138304406 -0.750325321992408 0
1351 -0.2995106324359968 -0.7770808928693969 0
1352 0.750325321992408 -0.2536138138304406 0
1353 0.7770808928693969 -0.2995106324359968 0
1354 0.1601025998991499 0.8079653534485368 0
1355 0.09802406022533632 0.8150001685052336 0
1356 -0.8079653534485368 0.1601025998991499 0
1357 -0.8150001685052336 0.09802406022533632 0
1358 -0.1601025998991499 -0.8079653534485368 0
1359 -0.09802406022533632 -0.8150001685052336 0
1360 0.8079653534485368 -0.1601025998991499 0
1361 0.8150001685052336 -0.09802406022533632 0
1362 0.6974100175158817 0.04420727716701972 0
1363 0.7382222599519226 0.01132995948273288 0
1364 0.7335772078426175 0.065468586733095 0
1365 -0.04420727716701972 0.6974100175158817 0
1366 -0.01132995948273288 0.7382222599519226 0
1367 -0.065468586733095 0.7335772078426175 0
1368 -0.6974100175158817 -0.04420727716701972 0
1369 -0.7382222599519226 -0.01132995948273288 0
1370 -0.7335772078426175 -0.065468586733095 0
1371 0.04420727716701972 -0.6974100175158817 0
1372 0.01132995948273288 -0.7382222599519226 0
1373 0.065468586733095 -0.7335772078426175 0
1374 0.6558368020037844 0.06949850901197993 0
1375 0.6604818541130894 0.01535988176161782 0
1376 -0.06949850901197993 0.6558368020037844 0
1377 -0.01535988176161782 0.6604818541130894 0
1378 -0.6558368020037844 -0.06949850901197993 0
1379 -0.6604818541130894 -0.01535988176161782 0
1380 0.06949850901197993 -0.6558368020037844 0
1381 0.01535988176161782 -0.6604818541130894 0
1382 0.2170894754040735 0.7193677198178606 0
1383 0.275024110728164 0.7027717409224858 0
1384 -0.7193677198178606 0.2170894754040735 0
1385 -0.7027717409224858 0.275024110728164 0
1386 -0.2170894754040735 -0.7193677198178606 0
1387 -0.275024110728164 -0.7027717409224858 0
1388 0.7193677198178606 -0.2170894754040735 0
1389 0.7027717409224858 -0.275024110728164 0
1390 0.6626148276773614 0.3617265927459475 0
1391 0.6773085907175731 0.4092777681827729 0
1392 0.6296754121658379 0.4092226633152163 0
1393 -0.3617265927459475 0.6626148276773614 0
1394 -0.4092777681827729 0.6773085907175731 0
1395 -0.4092226633152163 0.6296754121658379 0
1396 -0.6626148276773614 -0.3617265927459475 0
1397 -0.6773085907175731 -0.4092777681827729 0
1398 -0.6296754121658379 -0.4092226633152163 0
1399 0.3617265927459475 -0.6626148276773614 0
1400 0.4092777681827729 -0.6773085907175731 0
1401 0.4092226633152163 -0.6296754121658379 0
1402 0.4397472192721374 0.7429714831616336 0
1403 0.4303929059891995 0.8025804166111814 0
1404 -0.7429714831616336 0.4397472192721374 0
1405 -0.8025804166111814 0.4303929059891995 0
1406 -0.4397472192721374 -0.7429714831616336 0
1407 -0.4303929059891995 -0.8025804166111814 0
1408 0.7429714831616336 -0.4397472192721374 0
1409 0.8025804166111814 -0.4303929059891995 0
1410 0.8808203253530988 -0.08484356347707629 0
1411 0.87721373609034 -0.03690377090023297 0
1412 0.8454028167465322 -0.07658622871510645 0
1413 0.08484356347707629 0.8808203253530988 0
1414 0.03690377090023297 0.87721373609034 0
1415 0.07658622871510645 0.8454028167465322 0
1416 -0.8808203253530988 0.08484356347707629 0
1417 -0.87721373609034 0.03690377090023297 0
1418 -0.8454028167465322 0.07658622871510645 0
1419 -0.08484356347707629 -0.8808203253530988 0
1420 -0.03690377090023297 -0.87721373609034 0
1421 -0.07658622871510645 -0.8454028167465322 0
1422 0.6822520169115716 0.499402836417249 0
1423 0.6704127366169955 0.5347547590330252 0
1424 0.6325298949114735 0.4921257613678179 0
1425 -0.499402836417249 0.6822520169115716 0
1426 -0.5347547590330252 0.6704127366169955 0
1427 -0.4921257613678179 0.6325298949114735 0
1428 -0.6822520169115716 -0.499402836417249 0
1429 -0.6704127366169955 -0.5347547590330252 0
1430 -0.6325298949114735 -0.4921257613678179 0
1431 0.499402836417249 -0.6822520169115716 0
1432 0.5347547590330252 -0.6704127366169955 0
1433 0.4921257613678179 -0.6325298949114735 0
1434 0.5703520205763031 0.1905097507878178 0
1435 0.5614211153795816 0.1514373666686434 0
1436 0.6180431803491462 0.1549647046142411 0
1437 -0.1905097507878178 0.5703520205763031 0
1438 -0.1514373666686434 0.5614211153795816 0
1439 -0.1549647046142411 0.6180431803491462 0
1440 -0.5703520205763031 -0.1905097507878178 0
1441 -0.5614211153795816 -0.1514373666686434 0
1442 -0.6180431803491462 -0.1549647046142411 0
1443 0.1905097507878178 -0.5703520205763031 0
1444 0.1514373666686434 -0.5614211153795816 0
1445 0.1549647046142411 -0.6180431803491462 0
1446 0.6898288140051916 0.4540647649303329 0
1447 0.7277116557107135 0.4966937625955402 0
1448 -0.4540647649303329 0.6898288140051916 0
1449 -0.4966937625955402 0.7277116557107135 0
1450 -0.6898288140051916 -0.4540647649303329 0
1451 -0.7277116557107135 -0.4966937625955402 0
1452 0.4540647649303329 -0.6898288140051916 0
1453 0.4966937625955402 -0.7277116557107135 0
1454 0.3363382414241182 0.8222971689458252 0
1455 -0.8222971689458252 0.3363382414241182 0
1456 -0.3363382414241182 -0.8222971689458252 0
1457 0.8222971689458252 -0.3363382414241182 0
1458 0.8922973132969696 0.3408697550067967 0
1459 0.8360302878937167 0.3446740979005755 0
1460 -0.3408697550067967 0.8922973132969696 0
1461 -0.3446740979005755 0.8360302878937167 0
1462 -0.8922973132969696 -0.3408697550067967 0
1463 -0.8360302878937167 -0.3446740979005755 0
1464 0.3408697550067967 -0.8922973132969696 0
1465 0.3446740979005755 -0.8360302878937167 0
1466 0.1749298290046625 0.8665696493104755 0
1467 -0.8665696493104755 0.1749298290046625 0
1468 -0.1749298290046625 -0.8665696493104755 0
1469 0.8665696493104755 -0.1749298290046625 0
1470 0.722768229516715 0.4065686943610642 0
1471 -0.4065686943610642 0.722768229516715 0
1472 -0.722768229516715 -0.4065686943610642 0
1473 0.4065686943610642 -0.722768229516715 0
1474 0.8866787580588879 -0.1310758331576079 0
1475 0.9184896774026958 -0.09139337534273444 0
1476 0.1310758331576079 0.8866787580588879 0
1477 0.09139337534273444 0.9184896774026958 0
1478 -0.8866787580588879 0.1310758331576079 0
1479 -0.9184896774026958 0.09139337534273444 0
1480 -0.1310758331576079 -0.8866787580588879 0
1481 -0.09139337534273444 -0.9184896774026958 0
1482 0.5737533368429513 0.1054128897213837 0
1483 -0.1054128897213837 0.5737533368429513 0
1484 -0.5737533368429513 -0.1054128897213837 0
1485 0.1054128897213837 -0.5737533368429513 0
1486 0.443681175183994 0.6659811210687827 0
1487 0.4064518066207221 0.6554990218222776 0
1488 0.4462206881080666 0.6165361145402659 0
1489 -0.6659811210687827 0.443681175183994 0
1490 -0.6554990218222776 0.4064518066207221 0
1491 -0.6165361145402659 0.4462206881080666 0
1492 -0.443681175183994 -0.6659811210687827 0
1493 -0.4064518066207221 -0.6554990218222776 0
1494 -0.4462206881080666 -0.6165361145402659 0
1495 0.6659811210687827 -0.443681175183994 0
1496 0.6554990218222776 -0.4064518066207221 0
1497 0.6165361145402659 -0.4462206881080666 0
1498 0.2921703988077025 0.6044535465964145 0
1499 0.3083511886135468 0.5499149954423043 0
1500 0.3448410457001475 0.5810033226944966 0
1501 -0.6044535465964145 0.2921703988077025 0
1502 -0.5499149954423043 0.3083511886135468 0
1503 -0.5810033226944966 0.3448410457001475 0
1504 -0.2921703988077025 -0.6044535465964145 0
1505 -0.3083511886135468 -0.5499149954423043 0
1506 -0.3448410457001475 -0.5810033226944966 0
1507 0.6044535465964145 -0.2921703988077025 0
1508 0.5499149954423043 -0.3083511886135468 0
1509 0.5810033226944966 -0.3448410457001475 0
1510 0.540518037953722 0.2316869070046877 0
1511 0.5971401029232866 0.2352142449502854 0
1512 -0.2316869070046877 0.540518037953722 0
1513 -0.2352142449502854 0.5971401029232866 0
1514 -0.540518037953722 -0.2316869070046877 0
1515 -0.5971401029232866 -0.2352142449502854 0
1516 0.2316869070046877 -0.540518037953722 0
1517 0.2352142449502854 -0.5971401029232866 0
1518 0.4900768064502147 0.6643713328925114 0
1519 0.4503079249628701 0.7033342401745231 0
1520 -0.6643713328925114 0.4900768064502147 0
1521 -0.7033342401745231 0.4503079249628701 0
1522 -0.4900768064502147 -0.6643713328925114 0
1523 -0.4503079249628701 -0.7033342401745231 0
1524 0.6643713328925114 -0.4900768064502147 0
1525 0.7033342401745231 -0.4503079249628701 0
1526 0.4384517377502428 0.5711776021180031 0
1527 0.3850065775253932 0.5662593934170737 0
1528 -0.5711776021180031 0.4384517377502428 0
1529 -0.5662593934170737 0.3850065775253932 0
1530 -0.4384517377502428 -0.5711776021180031 0
1531 -0.3850065775253932 -0.5662593934170737 0
1532 0.5711776021180031 -0.4384517377502428 0
1533 0.5662593934170737 -0.3850065775253932 0
1534 0.317185917405411 0.4999604300953477 0
1535 -0.4999604300953477 0.317185917405411 0
1536 -0.317185917405411 -0.4999604300953477 0
1537 0.4999604300953477 -0.317185917405411 0
1538 0.4678674117836605 0.361914696816504 0
1539 -0.361914696816504 0.4678674117836605 0
1540 -0.4678674117836605 -0.361914696816504 0
1541 0.361914696816504 -0.4678674117836605 0
1542 0.1260014903655094 0.5778228036948083 0
1543 -0.5778228036948083 0.1260014903655094 0
1544 -0.1260014903655094 -0.5778228036948083 0
1545 0.5778228036948083 -0.1260014903655094 0
1546 0.8112087497157936 0.2909655427542942 0
1547 0.7865239430973603 0.3365835640432648 0
1548 -0.2909655427542942 0.8112087497157936 0
1549 -0.3365835640432648 0.7865239430973603 0
1550 -0.8112087497157936 -0.2909655427542942 0
1551 -0.7865239430973603 -0.3365835640432648 0
1552 0.2909655427542942 -0.8112087497157936 0
1553 0.3365835640432648 -0.7865239430973603 0
1554 0.8113935792424749 -0.05008426764849299 0
1555 0.05008426764849299 0.8113935792424749 0
1556 -0.8113935792424749 0.05008426764849299 0
1557 -0.05008426764849299 -0.8113935792424749 0
1558 0.8394434803299231 0.2532660049010904 0
1559 0.7899371355335667 0.2451754710437798 0
1560 -0.2532660049010904 0.8394434803299231 0
1561 -0.2451754710437798 0.7899371355335667 0
1562 -0.8394434803299231 -0.2532660049010904 0
1563 -0.7899371355335667 -0.2451754710437798 0
1564 0.2532660049010904 -0.8394434803299231 0
1565 0.2451754710437798 -0.7899371355335667 0
1566 0.8413353776750992 0.4769508344526695 0
1567 0.8060474864675393 0.4363985250189731 0
1568 -0.4769508344526695 0.8413353776750992 0
1569 -0.4363985250189731 0.8060474864675393 0
1570 -0.8413353776750992 -0.4769508344526695 0
1571 -0.8060474864675393 -0.4363985250189731 0
1572 0.4769508344526695 -0.8413353776750992 0
1573 0.4363985250189731 -0.8060474864675393 0
1574 0.6171916683333663 0.2771792086679925 0
1575 0.6410294327458268 0.3198192520236103 0
1576 -0.2771792086679925 0.6171916683333663 0
1577 -0.3198192520236103 0.6410294327458268 0
1578 -0.6171916683333663 -0.2771792086679925 0
1579 -0.6410294327458268 -0.3198192520236103 0
1580 0.2771792086679925 -0.6171916683333663 0
1581 0.3198192520236103 -0.6410294327458268 0
1582 0.5828043193004959 0.02032555680328902 0
1583 0.5786515185672347 0.06779228627713935 0
1584 -0.02032555680328902 0.5828043193004959 0
1585 -0.06779228627713935 0.5786515185672347 0
1586 -0.5828043193004959 -0.02032555680328902 0
1587 -0.5786515185672347 -0.06779228627713935 0
1588 0.02032555680328902 -0.5828043193004959 0
1589 0.06779228627713935 -0.5786515185672347 0
1590 0.2835800140980501 0.6536780062982727 0
1591 -0.6536780062982727 0.2835800140980501 0
1592 -0.2835800140980501 -0.6536780062982727 0
1593 0.6536780062982727 -0.2835800140980501 0
1594 0.368825787719549 0.6207979445711838 0
1595 -0.6207979445711838 0.368825787719549 0
1596 -0.368825787719549 -0.6207979445711838 0
1597 0.6207979445711838 -0.368825787719549 0
1598 0.7359752055742669 0.3223283532552439 0
1599 0.7607967437521899 0.3760369084015252 0
1600 -0.3223283532552439 0.7359752055742669 0
1601 -0.3760369084015252 0.7607967437521899 0
1602 -0.7359752055742669 -0.3223283532552439 0
1603 -0.7607967437521899 -0.3760369084015252 0
1604 0.3223283532552439 -0.7359752055742669 0
1605 0.3760369084015252 -0.7607967437521899 0
1606 0.5221723475956246 0.6406196844689945 0
1607 0.5287990973745008 0.677972803574735 0
1608 -0.6406196844689945 0.5221723475956246 0
1609 -0.677972803574735 0.5287990973745008 0
1610 -0.5221723475956246 -0.6406196844689945 0
1611 -0.5287990973745008 -0.677972803574735 0
1612 0.6406196844689945 -0.5221723475956246 0
1613 0.677972803574735 -0.5287990973745008 0
1614 0.7391721805563287 0.1089916967145792 0
1615 0.7799844229923694 0.07611437903029236 0
1616 -0.1089916967145792 0.7391721805563287 0
1617 -0.07611437903029236 0.7799844229923694 0
1618 -0.7391721805563287 -0.1089916967145792 0
1619 -0.7799844229923694 -0.07611437903029236 0
1620 0.1089916967145792 -0.7391721805563287 0
1621 0.07611437903029236 -0.7799844229923694 0
1622 0.5602866429649203 0.6978305399406104 0
1623 0.5281911018195102 0.7215821883641274 0
1624 -0.6978305399406104 0.5602866429649203 0
1625 -0.7215821883641274 0.5281911018195102 0
1626 -0.5602866429649203 -0.6978305399406104 0
1627 -0.5281911018195102 -0.7215821883641274 0
1628 0.6978305399406104 -0.5602866429649203 0
1629 0.7215821883641274 -0.5281911018195102 0
1630 0.6790351939328091 0.5708028257654898 0
1631 0.6293130719327111 0.5635257507160587 0
1632 -0.5708028257654898 0.6790351939328091 0
1633 -0.5635257507160587 0.6293130719327111 0
1634 -0.6790351939328091 -0.5708028257654898 0
1635 -0.6293130719327111 -0.5635257507160587 0
1636 0.5708028257654898 -0.6790351939328091 0
1637 0.5635257507160587 -0.6293130719327111 0
1638 0.9009613733713138 0.1794631752374769 0
1639 0.8606305433412424 0.2163074133290326 0
1640 -0.1794631752374769 0.9009613733713138 0
1641 -0.2163074133290326 0.8606305433412424 0
1642 -0.9009613733713138 -0.1794631752374769 0
1643 -0.8606305433412424 -0.2163074133290326 0
1644 0.1794631752374769 -0.9009613733713138 0
1645 0.2163074133290326 -0.8606305433412424 0
1646 0.5994150838842177 0.6268974862998706 0
1647 0.6358162596425614 0.6424339674854243 0
1648 0.5972958142782543 0.6697576363367715 0
1649 -0.6268974862998706 0.5994150838842177 0
1650 -0.6424339674854243 0.6358162596425614 0
1651 -0.6697576363367715 0.5972958142782543 0
1652 -0.5994150838842177 -0.6268974862998706 0
1653 -0.6358162596425614 -0.6424339674854243 0
1654 -0.5972958142782543 -0.6697576363367715 0
1655 0.6268974862998706 -0.5994150838842177 0
1656 0.6424339674854243 -0.6358162596425614 0
1657 0.6697576363367715 -0.5972958142782543 0
1658 0.04072672462103262 0.7415230003131816 0
1659 0.01946541505495735 0.7776901906399173 0
1660 -0.7415230003131816 0.04072672462103262 0
1661 -0.7776901906399173 0.01946541505495735 0
1662 -0.04072672462103262 -0.7415230003131816 0
1663 -0.01946541505495735 -0.7776901906399173 0
1664 0.7415230003131816 -0.04072672462103262 0
1665 0.7776901906399173 -0.01946541505495735 0
1666 0.6470256509559476 0.2360020524511226 0
1667 -0.2360020524511226 0.6470256509559476 0
1668 -0.6470256509559476 -0.2360020524511226 0
1669 0.2360020524511226 -0.6470256509559476 0
1670 0.6686337164230299 0.6174952706570784 0
1671 0.6665144468170665 0.6603554206939793 0
1672 -0.6174952706570784 0.6686337164230299 0
1673 -0.6603554206939793 0.6665144468170665 0
1674 -0.6686337164230299 -0.6174952706570784 0
1675 -0.6665144468170665 -0.6603554206939793 0
1676 0.6174952706570784 -0.6686337164230299 0
1677 0.6603554206939793 -0.6665144468170665 0
1678 0.6886626112975619 0.3198743568911669 0
1679 -0.3198743568911669 0.6886626112975619 0
1680 -0.6886626112975619 -0.3198743568911669 0
1681 0.3198743568911669 -0.6886626112975619 0
1682 0.3201043525244172 0.68463560847282 0
1683 -0.68463560847282 0.3201043525244172 0
1684 -0.3201043525244172 -0.68463560847282 0
1685 0.68463560847282 -0.3201043525244172 0
1686 0.3839435491812897 0.8740207141152991 0
1687 0.4283002013264394 0.853041580147595 0
1688 -0.8740207141152991 0.3839435491812897 0
1689 -0.853041580147595 0.4283002013264394 0
1690 -0.3839435491812897 -0.8740207141152991 0
1691 -0.4283002013264394 -0.853041580147595 0
1692 0.8740207141152991 -0.3839435491812897 0
1693 0.853041580147595 -0.4283002013264394 0
1694 0.9563156223484534 -0.0225805528311014 0
1695 0.9539079856992924 -0.07158912284621835 0
1696 0.0225805528311014 0.9563156223484534 0
1697 0.07158912284621835 0.9539079856992924 0
1698 -0.9563156223484534 0.0225805528311014 0
1699 -0.9539079856992924 0.07158912284621835 0
1700 -0.0225805528311014 -0.9563156223484534 0
1701 -0.07158912284621835 -0.9539079856992924 0
1702 0.9088277150072915 0.2946703773117683 0
1703 -0.2946703773117683 0.9088277150072915 0
1704 -0.9088277150072915 -0.2946703773117683 0
1705 0.2946703773117683 -0.9088277150072915 0
1706 0.7465726553506452 0.5882125599020036 0
1707 0.7758022349925311 0.5488010342503755 0
1708 -0.5882125599020036 0.7465726553506452 0
1709 -0.5488010342503755 0.7758022349925311 0
1710 -0.7465726553506452 -0.5882125599020036 0
1711 -0.7758022349925311 -0.5488010342503755 0
1712 0.5882125599020036 -0.7465726553506452 0
1713 0.5488010342503755 -0.7758022349925311 0
1714 0.5576244395172446 0.7864547689823429 0
1715 0.5970359650284438 0.7572251896687265 0
1716 -0.7864547689823429 0.5576244395172446 0
1717 -0.7572251896687265 0.5970359650284438 0
1718 -0.5576244395172446 -0.7864547689823429 0
1719 -0.5970359650284438 -0.7572251896687265 0
1720 0.7864547689823429 -0.5576244395172446 0
1721 0.7572251896687265 -0.5970359650284438 0
1722 0.2102119790659719 0.9324575865672742 0
1723 0.2578091565428335 0.920535114306343 0
1724 -0.9324575865672742 0.2102119790659719 0
1725 -0.920535114306343 0.2578091565428335 0
1726 -0.2102119790659719 -0.9324575865672742 0
1727 -0.2578091565428335 -0.920535114306343 0
1728 0.9324575865672742 -0.2102119790659719 0
1729 0.920535114306343 -0.2578091565428335 0
1730 0.9398094032558323 0.1644388897616667 0
1731 0.9470091264290486 0.115902298779885 0
1732 -0.1644388897616667 0.9398094032558323 0
1733 -0.115902298779885 0.9470091264290486 0
1734 -0.9398094032558323 -0.1644388897616667 0
1735 -0.9470091264290486 -0.115902298779885 0
1736 0.1644388897616667 -0.9398094032558323 0
1737 0.115902298779885 -0.9470091264290486 0
1738 0.8080928388812159 0.001972416455272505 0
1739 -0.001972416455272505 0.8080928388812159 0
1740 -0.8080928388812159 -0.001972416455272505 0
1741 0.001972416455272505 -0.8080928388812159 0
1742 0.6744978038484049 0.1957382298999525 0
1743 0.6945493692584845 0.2377031936176596 0
1744 -0.1957382298999525 0.6744978038484049 0
1745 -0.2377031936176596 0.6945493692584845 0
1746 -0.6744978038484049 -0.1957382298999525 0
1747 -0.6945493692584845 -0.2377031936176596 0
1748 0.1957382298999525 -0.6744978038484049 0
1749 0.2377031936176596 -0.6945493692584845 0
1750 0.6598695254762222 0.1461914965753986 0
1751 0.7073932437787593 0.1478926377419357 0
1752 -0.1461914965753986 0.6598695254762222 0
1753 -0.1478926377419357 0.7073932437787593 0
1754 -0.6598695254762222 -0.1461914965753986 0
1755 -0.7073932437787593 -0.1478926377419357 0
1756 0.1461914965753986 -0.6598695254762222 0
1757 0.1478926377419357 -0.7073932437787593 0
1758 0.3662862747954764 0.6702429510997006 0
1759 -0.6702429510997006 0.3662862747954764 0
1760 -0.3662862747954764 -0.6702429510997006 0
1761 0.6702429510997006 -0.3662862747954764 0
1762 0.4291241708113908 0.3989705727744962 0
1763 -0.3989705727744962 0.4291241708113908 0
1764 -0.4291241708113908 -0.3989705727744962 0
1765 0.3989705727744962 -0.4291241708113908 0
1766 0.5814097607547266 -0.07513355529386447 0
1767 0.5855625614441431 -0.02766682606866936 0
1768 0.07513355529386447 0.5814097607547266 0
1769 0.02766682606866936 0.5855625614441431 0
1770 -0.5814097607547266 0.07513355529386447 0
1771 -0.5855625614441431 0.02766682606866936 0
1772 -0.07513355529386447 -0.5814097607547266 0
1773 -0.02766682606866936 -0.5855625614441431 0
1774 0.264515270512966 0.5234106539972656 0
1775 -0.5234106539972656 0.264515270512966 0
1776 -0.264515270512966 -0.5234106539972656 0
1777 0.5234106539972656 -0.264515270512966 0
1778 0.7538004589285112 0.158538430039133 0
1779 -0.158538430039133 0.7538004589285112 0
1780 -0.7538004589285112 -0.158538430039133 0
1781 0.158538430039133 -0.7538004589285112 0
1782 0.4907034955840941 0.4592417488193826 0
1783 0.5049336509225546 0.5041277640463807 0
1784 -0.4592417488193826 0.4907034955840941 0
1785 -0.5041277640463807 0.5049336509225546 0
1786 -0.4907034955840941 -0.4592417488193826 0
1787 -0.5049336509225546 -0.5041277640463807 0
1788 0.4592417488193826 -0.4907034955840941 0
1789 0.5041277640463807 -0.5049336509225546 0
1790 0.4781950862510395 0.4094732825302569 0
1791 -0.4094732825302569 0.4781950862510395 0
1792 -0.4781950862510395 -0.4094732825302569 0
1793 0.4094732825302569 -0.4781950862510395 0
1794 0.1062015872089837 0.6208381658283679 0
1795 -0.6208381658283679 0.1062015872089837 0
1796 -0.1062015872089837 -0.6208381658283679 0
1797 0.6208381658283679 -0.1062015872089837 0
1798 0.6638963017678839 -0.08235000350635178 0
1799 0.7027112751363342 -0.05964885247935362 0
1800 0.6632400962567364 -0.03263250111034055 0
1801 0.08235000350635178 0.6638963017678839 0
1802 0.05964885247935362 0.7027112751363342 0
1803 0.03263250111034055 0.6632400962567364 0
1804 -0.6638963017678839 0.08235000350635178 0
1805 -0.7027112751363342 0.05964885247935362 0
1806 -0.6632400962567364 0.03263250111034055 0
1807 -0.08235000350635178 -0.6638963017678839 0
1808 -0.05964885247935362 -0.7027112751363342 0
1809 -0.03263250111034055 -0.6632400962567364 0
1810 0.8819021575234693 0.262097485039547 0
1811 -0.262097485039547 0.8819021575234693 0
1812 -0.8819021575234693 -0.262097485039547 0
1813 0.262097485039547 -0.8819021575234693 0
1814 0.5134852600395461 0.551677889713339 0
1815 0.5212542103973699 0.5970364021356018 0
1816 0.4756811063135146 0.5816597013645082 0
1817 -0.551677889713339 0.5134852600395461 0
1818 -0.5970364021356018 0.5212542103973699 0
1819 -0.5816597013645082 0.4756811063135146 0
1820 -0.5134852600395461 -0.551677889713339 0
1821 -0.5212542103973699 -0.5970364021356018 0
1822 -0.4756811063135146 -0.5816597013645082 0
1823 0.551677889713339 -0.5134852600395461 0
1824 0.5970364021356018 -0.5212542103973699 0
1825 0.5816597013645082 -0.4756811063135146 0
1826 0.770096694149319 0.2024576521285328 0
1827 -0.2024576521285328 0.770096694149319 0
1828 -0.770096694149319 -0.2024576521285328 0
1829 0.2024576521285328 -0.770096694149319 0
1830 0.5294467365563639 0.4221858728613904 0
1831 -0.4221858728613904 0.5294467365563639 0
1832 -0.5294467365563639 -0.4221858728613904 0
1833 0.4221858728613904 -0.5294467365563639 0
1834 0.6603093447079658 -0.1332179385779968 0
1835 0.1332179385779968 0.6603093447079658 0
1836 -0.6603093447079658 0.1332179385779968 0
1837 -0.1332179385779968 -0.6603093447079658 0
1838 0.5505067550064099 0.5195044648174744 0
1839 -0.5195044648174744 0.5505067550064099 0
1840 -0.5505067550064099 -0.5195044648174744 0
1841 0.5195044648174744 -0.5505067550064099 0
1842 0.4861428505383582 0.7413616949853624 0
1843 -0.7413616949853624 0.4861428505383582 0
1844 -0.4861428505383582 -0.7413616949853624 0
1845 0.7413616949853624 -0.4861428505383582 0
1846 0.593162160547734 0.4643640889512789 0
1847 0.581322880253158 0.4997160115670551 0
1848 -0.4643640889512789 0.593162160547734 0
1849 -0.4997160115670551 0.581322880253158 0
1850 -0.593162160547734 -0.4643640889512789 0
1851 -0.581322880253158 -0.4997160115670551 0
1852 0.4643640889512789 -0.593162160547734 0
1853 0.4997160115670551 -0.581322880253158 0
1854 0.7143898106427322 0.2804210125329066 0
1855 -0.2804210125329066 0.7143898106427322 0
1856 -0.7143898106427322 -0.2804210125329066 0
1857 0.2804210125329066 -0.7143898106427322 0
1858 0.7418619635351895 0.2401571899817365 0
1859 -0.2401571899817365 0.7418619635351895 0
1860 -0.7418619635351895 -0.2401571899817365 0
1861 0.2401571899817365 -0.7418619635351895 0
1862 0.6140104568767083 0.07827171705082242 0
1863 -0.07827171705082242 0.6140104568767083 0
1864 -0.6140104568767083 -0.07827171705082242 0
1865 0.07827171705082242 -0.6140104568767083 0
1866 0.1437477762503193 0.7018678121557036 0
1867 0.1869041880658119 0.7336447222758542 0
1868 -0.7018678121557036 0.1437477762503193 0
1869 -0.7336447222758542 0.1869041880658119 0
1870 -0.1437477762503193 -0.7018678121557036 0
1871 -0.1869041880658119 -0.7336447222758542 0
1872 0.7018678121557036 -0.1437477762503193 0
1873 0.7336447222758542 -0.1869041880658119 0
1874 0.5607581101252597 0.4438293036194098 0
1875 0.6119651247835751 0.4362390534201726 0
1876 -0.4438293036194098 0.5607581101252597 0
1877 -0.4362390534201726 0.6119651247835751 0
1878 -0.5607581101252597 -0.4438293036194098 0
1879 -0.6119651247835751 -0.4362390534201726 0
1880 0.4438293036194098 -0.5607581101252597 0
1881 0.4362390534201726 -0.6119651247835751 0
1882 0.5972713617433636 0.3886878779833471 0
1883 -0.3886878779833471 0.5972713617433636 0
1884 -0.5972713617433636 -0.3886878779833471 0
1885 0.3886878779833471 -0.5972713617433636 0
1886 0.2083144849635353 0.6860911412059321 0
1887 -0.6860911412059321 0.2083144849635353 0
1888 -0.2083144849635353 -0.6860911412059321 0
1889 0.6860911412059321 -0.2083144849635353 0
1890 0.8851908072967853 -0.0002910083623814952 0
1891 0.9227556090936201 0.0005417052523992924 0
1892 0.8953151716934986 0.0454118025522206 0
1893 0.0002910083623814952 0.8851908072967853 0
1894 -0.0005417052523992924 0.9227556090936201 0
1895 -0.0454118025522206 0.8953151716934986 0
1896 -0.8851908072967853 0.0002910083623814952 0
1897 -0.9227556090936201 -0.0005417052523992924 0
1898 -0.8953151716934986 -0.0454118025522206 0
1899 -0.0002910083623814952 -0.8851908072967853 0
1900 0.0005417052523992924 -0.9227556090936201 0
1901 0.0454118025522206 -0.8953151716934986 0
1902 0.621666880744639 -0.00734126926538034 0
1903 0.00734126926538034 0.621666880744639 0
1904 -0.621666880744639 0.00734126926538034 0
1905 -0.00734126926538034 -0.621666880744639 0
1906 0.7733169670398083 0.4208239051490851 0
1907 -0.4208239051490851 0.7733169670398083 0
1908 -0.7733169670398083 -0.4208239051490851 0
1909 0.4208239051490851 -0.7733169670398083 0
1910 0.8497732986902187 0.007966326399588337 0
1911 -0.007966326399588337 0.8497732986902187 0
1912 -0.8497732986902187 -0.007966326399588337 0
1913 0.007966326399588337 -0.8497732986902187 0
1914 0.915856749849086 0.09001598658723302 0
1915 -0.09001598658723302 0.915856749849086 0
1916 -0.915856749849086 -0.09001598658723302 0
1917 0.09001598658723302 -0.915856749849086 0
1918 0.559976501321656 0.6106378728178253 0
1919 -0.6106378728178253 0.559976501321656 0
1920 -0.559976501321656 -0.6106378728178253 0
1921 0.6106378728178253 -0.559976501321656 0
1922 0.598496946685963 0.583314203966478 0
1923 -0.583314203966478 0.598496946685963 0
1924 -0.598496946685963 -0.583314203966478 0
1925 0.583314203966478 -0.598496946685963 0
1926 0.4734894401848653 0.8314601015088866 0
1927 -0.8314601015088866 0.4734894401848653 0
1928 -0.4734894401848653 -0.8314601015088866 0
1929 0.8314601015088866 -0.4734894401848653 0
1930 0.5155761882360925 0.806234275603578 0
1931 0.5176303961287776 0.7612194313512379 0
1932 -0.806234275603578 0.5155761882360925 0
1933 -0.7612194313512379 0.5176303961287776 0
1934 -0.5155761882360925 -0.806234275603578 0
1935 -0.5176303961287776 -0.7612194313512379 0
1936 0.806234275603578 -0.5155761882360925 0
1937 0.7612194313512379 -0.5176303961287776 0
1938 0.8160699100876611 0.03858517899312398 0
1939 -0.03858517899312398 0.8160699100876611 0
1940 -0.8160699100876611 -0.03858517899312398 0
1941 0.03858517899312398 -0.8160699100876611 0
1942 0.5898744893701494 0.5472661372340133 0
1943 -0.5472661372340133 0.5898744893701494 0
1944 -0.5898744893701494 -0.5472661372340133 0
1945 0.5472661372340133 -0.5898744893701494 0
1946 0.548249700792205 0.3940608373302841 0
1947 -0.3940608373302841 0.548249700792205 0
1948 -0.548249700792205 -0.3940608373302841 0
1949 0.3940608373302841 -0.548249700792205 0
1950 0.1675993599529512 0.6588096762161876 0
1951 -0.6588096762161876 0.1675993599529512 0
1952 -0.1675993599529512 -0.6588096762161876 0
1953 0.6588096762161876 -0.1675993599529512 0
1954 0.930014778018611 0.2577117857397105 0
1955 -0.2577117857397105 0.930014778018611 0
1956 -0.930014778018611 -0.2577117857397105 0
1957 0.2577117857397105 -0.930014778018611 0
1958 0.9419372504193073 0.210114607991679 0
1959 -0.210114607991679 0.9419372504193073 0
1960 -0.9419372504193073 -0.210114607991679 0
1961 0.210114607991679 -0.9419372504193073 0
1962 0.7680189722320644 0.4669303109785121 0
1963 -0.4669303109785121 0.7680189722320644 0
1964 -0.7680189722320644 -0.4669303109785121 0
1965 0.4669303109785121 -0.7680189722320644 0
1966 0.11782139252675 0.9597664184050814 0
1967 -0.9597664184050814 0.11782139252675 0
1968 -0.11782139252675 -0.9597664184050814 0
1969 0.9597664184050814 -0.11782139252675 0
1970 0.1663579832189174 0.9525666953156864 0
1971 0.1814796408703207 0.9042390013600725 0
1972 -0.9525666953156864 0.1663579832189174 0
1973 -0.9042390013600725 0.1814796408703207 0
1974 -0.1663579832189174 -0.9525666953156864 0
1975 -0.1814796408703207 -0.9042390013600725 0
1976 0.9525666953156864 -0.1663579832189174 0
1977 0.9042390013600725 -0.1814796408703207 0
1978 0.9664399867451667 0.0231222580835007 0
1979 -0.0231222580835007 0.9664399867451667 0
1980 -0.9664399867451667 -0.0231222580835007 0
1981 0.0231222580835007 -0.9664399867451667 0
1982 0.964032350070296 0.07213082835965337 0
1983 -0.07213082835965337 0.964032350070296 0
1984 -0.964032350070296 -0.07213082835965337 0
1985 0.07213082835965337 -0.964032350070296 0
1986 0.7604421751384444 0.5122683824654282 0
1987 0.816109551513882 0.5190375826333475 0
1988 -0.5122683824654282 0.7604421751384444 0
1989 -0.5190375826333475 0.816109551513882 0
1990 -0.7604421751384444 -0.5122683824654282 0
1991 -0.816109551513882 -0.5190375826333475 0
1992 0.5122683824654282 -0.7604421751384444 0
1993 0.5190375826333475 -0.816109551513882 0
1994 0.3497628448578146 0.9056642078181467 0
1995 0.3510229628072986 0.8558053889527375 0
1996 -0.9056642078181467 0.3497628448578146 0
1997 -0.8558053889527375 0.3510229628072986 0
1998 -0.3497628448578146 -0.9056642078181467 0
1999 -0.3510229628072986 -0.8558053889527375 0
2000 0.9056642078181467 -0.3497628448578146 0
2001 0.8558053889527375 -0.3510229628072986 0
2002 0.2710879476005994 0.8857893876336227 0
2003 0.3035634674260577 0.9221946093283055 0
2004 -0.8857893876336227 0.2710879476005994 0
2005 -0.9221946093283055 0.3035634674260577 0
2006 -0.2710879476005994 -0.8857893876336227 0
2007 -0.3035634674260577 -0.9221946093283055 0
2008 0.8857893876336227 -0.2710879476005994 0
2009 0.9221946093283055 -0.3035634674260577 0
2010 0.5966878187232638 0.7133670211261639 0
2011 0.6340451363417781 0.7291522860648876 0
2012 -0.7133670211261639 0.5966878187232638 0
2013 -0.7291522860648876 0.6340451363417781 0
2014 -0.5966878187232638 -0.7133670211261639 0
2015 -0.6340451363417781 -0.7291522860648876 0
2016 0.7133670211261639 -0.5966878187232638 0
2017 0.7291522860648876 -0.6340451363417781 0
2018 0.7361711778408661 0.6349050047935924 0
2019 0.7097333811073143 0.588724278974045 0
2020 -0.6349050047935924 0.7361711778408661 0
2021 -0.588724278974045 0.7097333811073143 0
2022 -0.7361711778408661 -0.6349050047935924 0
2023 -0.7097333811073143 -0.588724278974045 0
2024 0.6349050047935924 -0.7361711778408661 0
2025 0.588724278974045 -0.7097333811073143 0
2026 0.3021575371006431 0.8539406626486727 0
2027 -0.8539406626486727 0.3021575371006431 0
2028 -0.3021575371006431 -0.8539406626486727 0
2029 0.8539406626486727 -0.3021575371006431 0
2030 0.6509386202795007 0.1071191124562243 0
2031 -0.1071191124562243 0.6509386202795007 0
2032 -0.6509386202795007 -0.1071191124562243 0
2033 0.1071191124562243 -0.6509386202795007 0
2034 0.6704018848049714 0.6962004501610376 0
2035 -0.6962004501610376 0.6704018848049714 0
2036 -0.6704018848049714 -0.6962004501610376 0
2037 0.6962004501610376 -0.6704018848049714 0
2038 0.70321934158544 0.6712617533326919 0
2039 -0.6712617533326919 0.70321934158544 0
2040 -0.70321934158544 -0.6712617533326919 0
2041 0.6712617533326919 -0.70321934158544 0
2042 -0.9295918250391015 0.5571758956736662 0
2043 -0.5571758956736662 -0.9295918250391015 0
2044 0.9295918250391015 -0.5571758956736662 0
2045 0.5571758956736662 0.9295918250391016 0
2046 0.9295918236986455 0.557175898808849 0
2047 -0.557175898808849 0.9295918236986455 0
2048 -0.9295918236986455 -0.557175898808849 0
2049 0.557175898808849 -0.9295918236986455 0
2050 1.082477696618223 -0.05317871901737869 0
2051 -1.082477696618223 0.05317871901737869 0
2052 -0.05317871901737869 -1.082477696618223 0
2053 0.0531787190173786 1.082477696618223 0
2054 1.074757144951741 0.0528052269099777 0
2055 -1.074757144951741 -0.0528052269099777 0
2056 0.0528052269099777 -1.074757144951741 0
2057 -0.05280522690997771 1.074757144951741 0
2058 0.1513663815180964 1.077750012947846 0
2059 -1.077750012947846 0.1513663815180965 0
2060 -0.1513663815180965 -1.077750012947846 0
2061 1.077750012947846 -0.1513663815180965 0
2062 0.8644970690174865 0.6411715824993671 0
2063 -0.6411715824993671 0.8644970690174865 0
2064 -0.8644970690174865 -0.6411715824993671 0
2065 0.6411715824993671 -0.8644970690174865 0
2066 0.9802112289118518 0.4729091761475707 0
2067 -0.4729091761475707 0.9802112289118518 0
2068 -0.9802112289118518 -0.4729091761475707 0
2069 0.4729091761475707 -0.9802112289118518 0
2070 -0.9728398666661369 0.4601083071012437 0
2071 -0.4601083071012437 -0.9728398666661369 0
2072 0.9728398666661369 -0.4601083071012437 0
2073 0.4601083071012437 0.9728398666661369 0
2074 0.6415412831565965 0.8791370331847027 0
2075 -0.8791370331847027 0.6415412831565965 0
2076 -0.6415412831565965 -0.8791370331847027 0
2077 0.8791370331847027 -0.6415412831565965 0
2078 1.06108075918411 0.1575130273240812 0
2079 -0.1575130273240811 1.06108075918411 0
2080 -1.06108075918411 -0.1575130273240811 0
2081 0.1575130273240811 -1.06108075918411 0
2082 -1.010401772685313 0.3614000355797348 0
2083 -0.3614000355797348 -1.010401772685313 0
2084 1.010401772685313 -0.3614000355797348 0
2085 0.3614000355797348 1.010401772685313 0
2086 -0.3623480848605837 1.007171212960676 0
2087 -1.007171212960676 -0.3623480848605837 0
2088 0.3623480848605837 -1.007171212960676 0
2089 1.007171212960676 0.3623480848605838 0
2090 0.717853569473331 0.7947761640368876 0
2091 -0.7947761640368876 0.717853569473331 0
2092 -0.717853569473331 -0.7947761640368876 0
2093 0.7947761640368876 -0.717853569473331 0
2094 0.7906395675258755 0.7169591095433556 0
2095 -0.7169591095433556 0.7906395675258755 0
2096 -0.7906395675258755 -0.7169591095433556 0
2097 0.7169591095433556 -0.7906395675258755 0
2098 0.2577643555874009 1.037539602952688 0
2099 -1.037539602952688 0.257764355587401 0
2100 -0.257764355587401 -1.037539602952688 0
2101 1.037539602952688 -0.257764355587401 0
2102 1.034466235319403 0.2594358602864945 0
2103 -0.2594358602864945 1.034466235319402 0
2104 -1.034466235319402 -0.2594358602864945 0
2105 0.2594358602864945 -1.034466235319402 0
2106 0.7992544910635071 0.8003725158032295 0
2107 -0.8003725158032295 0.7992544910635071 0
2108 -0.7992544910635071 -0.8003725158032295 0
2109 0.8003725158032295 -0.7992544910635071 0
2110 0.3258181710548994 1.083874195963267 0
2111 -1.083874195963267 0.3258181710548994 0
2112 -0.3258181710548994 -1.083874195963267 0
2113 1.083874195963267 -0.3258181710548994 0
2114 -0.3270445940663793 1.082618821830641 0
2115 -1.082618821830641 -0.3270445940663793 0
2116 0.3270445940663793 -1.082618821830641 0
2117 1.082618821830641 0.3270445940663794 0
2118 -1.110674600722157 0.2282742853027399 0
2119 -0.2282742853027399 -1.110674600722157 0
2120 1.110674600722157 -0.2282742853027399 0
2121 0.2282742853027396 1.110674600722157 0
2122 1.108371621812527 0.2244845302725053 0
2123 -0.2244845302725052 1.108371621812527 0
2124 -1.108371621812527 -0.2244845302725052 0
2125 0.2244845302725052 -1.108371621812527 0
2126 0.7250780487960211 0.8705219856172544 0
2127 -0.8705219856172544 0.7250780487960211 0
2128 -0.7250780487960211 -0.8705219856172544 0
2129 0.8705219856172544 -0.7250780487960211 0
2130 0.8706070148916012 0.7226654158656941 0
2131 -0.7226654158656941 0.8706070148916012 0
2132 -0.8706070148916012 -0.7226654158656941 0
2133 0.7226654158656941 -0.8706070148916012 0
2134 1.051995862126171 0.4205500167364227 0
2135 -0.4205500167364226 1.051995862126171 0
2136 -1.051995862126171 -0.4205500167364226 0
2137 0.4205500167364226 -1.051995862126171 0
2138 0.4330733553861498 1.045531571695808 0
2139 -1.045531571695808 0.4330733553861499 0
2140 -0.4330733553861499 -1.045531571695808 0
2141 1.045531571695808 -0.4330733553861499 0
2142 1.125150031613519 0.1108176057652486 0
2143 -0.1108176057652486 1.125150031613519 0
2144 -1.125150031613519 -0.1108176057652486 0
2145 0.1108176057652486 -1.125150031613519 0
2146 0.9394136607252017 0.627696142570026 0
2147 -0.627696142570026 0.9394136607252017 0
2148 -0.9394136607252017 -0.627696142570026 0
2149 0.627696142570026 -0.9394136607252017 0
2150 0.5323771510524826 0.9960075985782739 0
2151 -0.9960075985782739 0.5323771510524825 0
2152 -0.5323771510524825 -0.9960075985782739 0
2153 0.9960075985782739 -0.5323771510524825 0
2154 1.129207190993656 5.731543650320348e-11 0
2155 -1.129207190993656 -5.731543650320348e-11 0
2156 5.731543650320348e-11 -1.129207190993656 0
2157 -5.731547931778432e-11 1.129207190993656 0
2158 -1.139189544126422 0.07613696663147615 0
2159 -1.080113854783034 0.1022725502677376 0
2160 -1.136825702291234 0.1252307978818351 0
2161 -0.07613696663147615 -1.139189544126422 0
2162 -0.1022725502677376 -1.080113854783034 0
2163 -0.1252307978818351 -1.136825702291234 0
2164 1.139189544126422 -0.07613696663147615 0
2165 1.080113854783034 -0.1022725502677376 0
2166 1.136825702291234 -0.1252307978818351 0
2167 0.07613696663147611 1.139189544126422 0
2168 0.1022725502677375 1.080113854783035 0
2169 0.125230797881835 1.136825702291234 0
2170 0.6067568418837305 0.9670958000170857 0
2171 0.5993585894151314 0.9043644291119022 0
2172 0.6489395356251957 0.9418684040898864 0
2173 -0.9670958000170857 0.6067568418837305 0
2174 -0.9043644291119022 0.5993585894151314 0
2175 -0.9418684040898864 0.6489395356251957 0
2176 -0.6067568418837305 -0.9670958000170857 0
2177 -0.5993585894151314 -0.9043644291119022 0
2178 -0.6489395356251957 -0.9418684040898864 0
2179 0.9670958000170857 -0.6067568418837305 0
2180 0.9043644291119022 -0.5993585894151314 0
2181 0.9418684040898864 -0.6489395356251957 0
2182 0.9924801621899904 0.5641563859348079 0
2183 0.9549015263052486 0.5150425374782098 0
2184 1.017789864796594 0.5220230246041687 0
2185 -0.5641563859348079 0.9924801621899904 0
2186 -0.5150425374782098 0.9549015263052486 0
2187 -0.5220230246041687 1.017789864796594 0
2188 -0.9924801621899904 -0.5641563859348079 0
2189 -0.9549015263052486 -0.5150425374782098 0
2190 -1.017789864796594 -0.5220230246041687 0
2191 0.5641563859348079 -0.9924801621899904 0
2192 0.5150425374782098 -0.9549015263052486 0
2193 0.5220230246041687 -1.017789864796594 0
2194 -1.130691788564178 0.1744399446361138 0
2195 -0.1744399446361138 -1.130691788564178 0
2196 1.130691788564178 -0.1744399446361138 0
2197 0.1744399446361138 1.130691788564178 0
2198 0.6892982683029865 0.9130528229222115 0
2199 -0.9130528229222115 0.6892982683029865 0
2200 -0.6892982683029865 -0.9130528229222115 0
2201 0.9130528229222115 -0.6892982683029865 0
2202 0.9973910807032684 0.5994165078153963 0
2203 0.9345027422119236 0.5924360206894375 0
2204 -0.5994165078153963 0.9973910807032684 0
2205 -0.5924360206894375 0.9345027422119236 0
2206 -0.9973910807032684 -0.5994165078153963 0
2207 -0.9345027422119236 -0.5924360206894375 0
2208 0.5994165078153963 -0.9973910807032684 0
2209 0.5924360206894375 -0.9345027422119236 0
2210 1.039569610164876 0.4774718435132143 0
2211 -0.4774718435132143 1.039569610164876 0
2212 -1.039569610164876 -0.4774718435132143 0
2213 0.4774718435132143 -1.039569610164876 0
2214 0.9720067168154656 0.6420169669308972 0
2215 -0.6420169669308972 0.9720067168154656 0
2216 -0.9720067168154656 -0.6420169669308972 0
2217 0.6420169669308972 -0.9720067168154656 0
2218 -1.000303686786672 0.5943574695731386 0
2219 -0.9627997118086877 0.5447765233630744 0
2220 -0.5943574695731386 -1.000303686786672 0
2221 -0.5447765233630744 -0.9627997118086877 0
2222 1.000303686786672 -0.5943574695731386 0
2223 0.9627997118086877 -0.5447765233630744 0
2224 0.5943574695731386 1.000303686786672 0
2225 0.5447765233630744 0.9627997118086877 0
2226 -1.162554291314139 0.04954760709412909 0
2227 -1.10584244380594 0.02658935948003163 0
2228 -0.04954760709412909 -1.162554291314139 0
2229 -0.02658935948003163 -1.10584244380594 0
2230 1.162554291314139 -0.04954760709412909 0
2231 1.10584244380594 -0.02658935948003163 0
2232 0.04954760709412906 1.162554291314139 0
2233 0.02658935948003156 1.10584244380594 0
2234 1.016103545519011 0.4467295964419967 0
2235 1.075461926772036 0.4512922638076403 0
2236 -0.4467295964419966 1.016103545519011 0
2237 -0.4512922638076402 1.075461926772036 0
2238 -1.016103545519011 -0.4467295964419966 0
2239 -1.075461926772036 -0.4512922638076402 0
2240 0.4467295964419966 -1.016103545519011 0
2241 0.4512922638076402 -1.075461926772036 0
2242 -1.029267646735367 0.1732283514663326 0
2243 -1.009162441737788 0.2264273385009848 0
2244 -1.057644807950267 0.2045653685527487 0
2245 -0.1732283514663326 -1.029267646735367 0
2246 -0.2264273385009848 -1.009162441737788 0
2247 -0.2045653685527487 -1.057644807950267 0
2248 1.029267646735367 -0.1732283514663326 0
2249 1.009162441737788 -0.2264273385009848 0
2250 1.057644807950267 -0.2045653685527487 0
2251 0.1732283514663325 1.029267646735367 0
2252 0.2264273385009847 1.009162441737788 0
2253 0.2045653685527486 1.057644807950267 0
2254 0.6379672829017773 0.8260737438960765 0
2255 0.6761234260601445 0.7838933093221689 0
2256 0.6796974263149638 0.8369565986107952 0
2257 -0.8260737438960765 0.6379672829017773 0
2258 -0.7838933093221689 0.6761234260601445 0
2259 -0.8369565986107952 0.6796974263149638 0
2260 -0.6379672829017773 -0.8260737438960765 0
2261 -0.6761234260601445 -0.7838933093221689 0
2262 -0.6796974263149638 -0.8369565986107952 0
2263 0.8260737438960765 -0.6379672829017773 0
2264 0.7838933093221689 -0.6761234260601445 0
2265 0.8369565986107952 -0.6796974263149638 0
2266 0.9520453804968205 0.4277963047747796 0
2267 0.9655253725212327 0.3725157591312862 0
2268 0.9936912209362641 0.4176286305040773 0
2269 -0.4277963047747796 0.9520453804968205 0
2270 -0.3725157591312862 0.9655253725212327 0
2271 -0.4176286305040772 0.9936912209362641 0
2272 -0.9520453804968205 -0.4277963047747796 0
2273 -0.9655253725212327 -0.3725157591312862 0
2274 -0.9936912209362641 -0.4176286305040772 0
2275 0.4277963047747796 -0.9520453804968205 0
2276 0.3725157591312862 -0.9655253725212327 0
2277 0.4176286305040772 -0.9936912209362641 0
2278 -1.025688050426154 0.5517570105851002 0
2279 -0.5517570105851002 -1.025688050426154 0
2280 1.025688050426154 -0.5517570105851002 0
2281 0.5517570105851002 1.025688050426154 0
2282 1.160525711600805 0.104956410286182 0
2283 1.127178611303588 0.05540880291128201 0
2284 1.162554291290873 0.04954760743221543 0
2285 -1.160525711600805 -0.104956410286182 0
2286 -1.127178611303588 -0.05540880291128201 0
2287 -1.162554291290873 -0.04954760743221543 0
2288 0.104956410286182 -1.160525711600805 0
2289 0.05540880291128201 -1.127178611303588 0
2290 0.04954760743221543 -1.162554291290873 0
2291 -0.104956410286182 1.160525711600805 0
2292 -0.05540880291128204 1.127178611303588 0
2293 -0.04954760743221544 1.162554291290873 0
2294 0.6833096659763088 0.8748295094009786 0
2295 0.7310666511226989 0.9087452991384873 0
2296 -0.8748295094009786 0.6833096659763088 0
2297 -0.9087452991384873 0.7310666511226989 0
2298 -0.6833096659763088 -0.8748295094009786 0
2299 -0.7310666511226989 -0.9087452991384873 0
2300 0.8748295094009786 -0.6833096659763088 0
2301 0.9087452991384873 -0.7310666511226989 0
2302 -2.865773965889216e-11 1.164603595496828 0
2303 1.164603595496828 2.865771825160174e-11 0
2304 -1.164603595496828 -2.865771825160174e-11 0
2305 2.865771825160174e-11 -1.164603595496828 0
2306 -1.072229782159348 0.4575539317589543 0
2307 -1.020769585137041 0.4827252532193162 0
2308 -1.047467795600582 0.5072058295921207 0
2309 -0.4575539317589543 -1.072229782159348 0
2310 -0.4827252532193162 -1.020769585137041 0
2311 -0.5072058295921207 -1.047467795600582 0
2312 1.072229782159348 -0.4575539317589543 0
2313 1.020769585137041 -0.4827252532193162 0
2314 1.047467795600582 -0.5072058295921207 0
2315 0.4575539317589543 1.072229782159348 0
2316 0.4827252532193162 1.020769585137041 0
2317 0.5072058295921207 1.047467795600582 0
2318 1.029583537543424 0.3914490507985032 0
2319 -0.3914490507985031 1.029583537543424 0
2320 -1.029583537543424 -0.3914490507985031 0
2321 0.3914490507985031 -1.029583537543424 0
2322 0.7214658091346761 0.832649074827071 0
2323 -0.832649074827071 0.7214658091346761 0
2324 -0.7214658091346761 -0.832649074827071 0
2325 0.832649074827071 -0.7214658091346761 0
2326 0.1246917607741651 1.036467369824762 0
2327 -1.036467369824762 0.1246917607741652 0
2328 -0.1246917607741652 -1.036467369824762 0
2329 1.036467369824762 -0.1246917607741652 0
2330 0.598555757390578 0.8553033232096928 0
2331 -0.8553033232096928 0.598555757390578 0
2332 -0.598555757390578 -0.8553033232096928 0
2333 0.8553033232096928 -0.598555757390578 0
2334 0.9310662463011274 0.4721529571022548 0
2335 -0.4721529571022548 0.9310662463011274 0
2336 -0.9310662463011274 -0.4721529571022548 0
2337 0.4721529571022548 -0.9310662463011274 0
2338 -1.094212306835002 0.1898203334104182 0
2339 -1.147154082451334 0.2128938965284355 0
2340 -0.1898203334104182 -1.094212306835002 0
2341 -0.2128938965284355 -1.147154082451334 0
2342 1.094212306835002 -0.1898203334104182 0
2343 1.147154082451334 -0.2128938965284355 0
2344 0.189820333410418 1.094212306835002 0
2345 0.2128938965284354 1.147154082451334 0
2346 0.712480174523338 0.7509414734183189 0
2347 0.7488731735496101 0.7120329461715529 0
2348 0.7542465684996033 0.7558676367901216 0
2349 -0.7509414734183189 0.712480174523338 0
2350 -0.7120329461715529 0.7488731735496101 0
2351 -0.7558676367901216 0.7542465684996033 0
2352 -0.712480174523338 -0.7509414734183189 0
2353 -0.7488731735496101 -0.7120329461715529 0
2354 -0.7542465684996033 -0.7558676367901216 0
2355 0.7509414734183189 -0.712480174523338 0
2356 0.7120329461715529 -0.7488731735496101 0
2357 0.7558676367901216 -0.7542465684996033 0
2358 -0.3263163814362577 0.9820557742315547 0
2359 -0.2748602691492131 0.9957032854109177 0
2360 -0.3108919725735391 1.020818724140039 0
2361 -0.9820557742315547 -0.3263163814362577 0
2362 -0.9957032854109177 -0.2748602691492131 0
2363 -1.020818724140039 -0.3108919725735391 0
2364 0.3263163814362577 -0.9820557742315547 0
2365 0.2748602691492131 -0.9957032854109177 0
2366 0.3108919725735391 -1.020818724140039 0
2367 0.9820557742315547 0.3263163814362579 0
2368 0.9957032854109178 0.2748602691492131 0
2369 1.020818724140039 0.3108919725735392 0
2370 -0.9836710543431695 0.3258423559740133 0
2371 -1.023970687819 0.3095821955835679 0
2372 -0.9972399694768568 0.2740245159778464 0
2373 -0.3258423559740133 -0.9836710543431695 0
2374 -0.3095821955835679 -1.023970687819 0
2375 -0.2740245159778464 -0.9972399694768568 0
2376 0.9836710543431695 -0.3258423559740133 0
2377 1.023970687819 -0.3095821955835679 0
2378 0.9972399694768568 -0.2740245159778464 0
2379 0.3258423559740133 0.9836710543431694 0
2380 0.3095821955835678 1.023970687819 0
2381 0.2740245159778464 0.9972399694768568 0
2382 0.8187537605508417 0.6377824341104591 0
2383 0.827568318271681 0.6790653460213614 0
2384 0.7818250098050362 0.6756761976324533 0
2385 -0.6377824341104591 0.8187537605508417 0
2386 -0.6790653460213614 0.827568318271681 0
2387 -0.6756761976324533 0.7818250098050362 0
2388 -0.8187537605508417 -0.6377824341104591 0
2389 -0.827568318271681 -0.6790653460213614 0
2390 -0.7818250098050362 -0.6756761976324533 0
2391 0.6377824341104591 -0.8187537605508417 0
2392 0.6790653460213614 -0.827568318271681 0
2393 0.6756761976324533 -0.7818250098050362 0
2394 0.4213958691665247 0.9483596998234226 0
2395 0.4107541713404892 0.9916208196757249 0
2396 0.3720417334057702 0.9671406528330107 0
2397 -0.9483596998234226 0.4213958691665247 0
2398 -0.991620819675725 0.4107541713404892 0
2399 -0.9671406528330108 0.3720417334057702 0
2400 -0.4213958691665247 -0.9483596998234226 0
2401 -0.4107541713404892 -0.991620819675725 0
2402 -0.3720417334057702 -0.9671406528330108 0
2403 0.9483596998234226 -0.4213958691665247 0
2404 0.991620819675725 -0.4107541713404892 0
2405 0.9671406528330108 -0.3720417334057702 0
2406 1.020933019743968 0.1763016749199749 0
2407 1.047773497251756 0.2084744438052878 0
2408 1.007625757811614 0.2272630914011816 0
2409 -0.1763016749199749 1.020933019743968 0
2410 -0.2084744438052878 1.047773497251756 0
2411 -0.2272630914011816 1.007625757811614 0
2412 -1.020933019743968 -0.1763016749199749 0
2413 -1.047773497251756 -0.2084744438052878 0
2414 -1.007625757811614 -0.2272630914011816 0
2415 0.1763016749199749 -1.020933019743968 0
2416 0.2084744438052878 -1.047773497251756 0
2417 0.2272630914011816 -1.007625757811614 0
2418 0.880530717533307 0.556373066613572 0
2419 0.897044446358066 0.599173740654108 0
2420 0.8479833401927276 0.598370908458831 0
2421 -0.556373066613572 0.880530717533307 0
2422 -0.599173740654108 0.897044446358066 0
2423 -0.598370908458831 0.8479833401927276 0
2424 -0.880530717533307 -0.556373066613572 0
2425 -0.897044446358066 -0.599173740654108 0
2426 -0.8479833401927276 -0.598370908458831 0
2427 0.556373066613572 -0.880530717533307 0
2428 0.599173740654108 -0.897044446358066 0
2429 0.598370908458831 -0.8479833401927276 0
2430 0.5142863155978856 0.9057565450422009 0
2431 0.5086421013874549 0.9512158458526192 0
2432 0.4657525213116744 0.9273805658557186 0
2433 -0.9057565450422009 0.5142863155978856 0
2434 -0.9512158458526192 0.5086421013874549 0
2435 -0.9273805658557186 0.4657525213116744 0
2436 -0.5142863155978856 -0.9057565450422009 0
2437 -0.5086421013874549 -0.9512158458526192 0
2438 -0.4657525213116744 -0.9273805658557186 0
2439 0.9057565450422009 -0.5142863155978856 0
2440 0.9512158458526192 -0.5086421013874549 0
2441 0.9273805658557186 -0.4657525213116744 0
2442 1.041238848309112 -0.02658935950868934 0
2443 1.078617420784982 -0.000186746053700497 0
2444 1.037378572475871 0.02640261345498885 0
2445 -1.041238848309112 0.02658935950868934 0
2446 -1.078617420784982 0.000186746053700497 0
2447 -1.037378572475871 -0.02640261345498885 0
2448 -0.02658935950868934 -1.041238848309112 0
2449 -0.000186746053700497 -1.078617420784982 0
2450 0.02640261345498885 -1.037378572475871 0
2451 0.0265893595086893 1.041238848309112 0
2452 0.0001867460537004415 1.078617420784982 0
2453 -0.02640261345498886 1.037378572475871 0
2454 1.034970935801 0.07541118373114153 0
2455 1.067918952067926 0.1051591271170294 0
2456 1.028132742917184 0.1277650839381932 0
2457 -1.034970935801 -0.07541118373114153 0
2458 -1.067918952067926 -0.1051591271170294 0
2459 -1.028132742917184 -0.1277650839381932 0
2460 0.07541118373114153 -1.034970935801 0
2461 0.1051591271170294 -1.067918952067926 0
2462 0.1277650839381932 -1.028132742917184 0
2463 -0.07541118373114153 1.034970935801 0
2464 -0.1051591271170294 1.067918952067926 0
2465 -0.1277650839381932 1.028132742917184 0
2466 0.2430193204450702 1.074107101837422 0
2467 -1.074107101837422 0.2430193204450704 0
2468 -0.2430193204450704 -1.074107101837422 0
2469 1.074107101837422 -0.2430193204450704 0
2470 0.9087878124054649 0.729860336417963 0
2471 0.9050103378084015 0.6751807792178601 0
2472 0.9431911353222651 0.6823756997701289 0
2473 -0.729860336417963 0.9087878124054649 0
2474 -0.6751807792178601 0.9050103378084015 0
2475 -0.6823756997701289 0.9431911353222651 0
2476 -0.9087878124054649 -0.729860336417963 0
2477 -0.9050103378084015 -0.6751807792178601 0
2478 -0.9431911353222651 -0.6823756997701289 0
2479 0.729860336417963 -0.9087878124054649 0
2480 0.6751807792178601 -0.9050103378084015 0
2481 0.6823756997701289 -0.9431911353222651 0
2482 1.108799755748028 0.3583419791026728 0
2483 1.093488275895793 0.4050946904376944 0
2484 1.067307341978406 0.373797305401401 0
2485 -0.3583419791026727 1.108799755748028 0
2486 -0.4050946904376944 1.093488275895793 0
2487 -0.3737973054014009 1.067307341978406 0
2488 -1.108799755748028 -0.3583419791026727 0
2489 -1.093488275895793 -0.4050946904376944 0
2490 -1.067307341978406 -0.3737973054014009 0
2491 0.3583419791026727 -1.108799755748028 0
2492 0.4050946904376944 -1.093488275895793 0
2493 0.3737973054014009 -1.067307341978406 0
2494 1.044895017395658 0.3446963394634817 0
2495 -0.3446963394634814 1.044895017395658 0
2496 -1.044895017395658 -0.3446963394634814 0
2497 0.3446963394634814 -1.044895017395658 0
2498 0.8059961875883301 0.8416206051513713 0
2499 0.7689079664545871 0.8766953400583837 0
2500 0.7621662699297641 0.835447250710242 0
2501 -0.8416206051513713 0.8059961875883301 0
2502 -0.8766953400583837 0.7689079664545871 0
2503 -0.835447250710242 0.7621662699297641 0
2504 -0.8059961875883301 -0.8416206051513713 0
2505 -0.7689079664545871 -0.8766953400583837 0
2506 -0.7621662699297641 -0.835447250710242 0
2507 0.8416206051513713 -0.8059961875883301 0
2508 0.8766953400583837 -0.7689079664545871 0
2509 0.835447250710242 -0.7621662699297641 0
2510 0.7585540302684191 0.7975743399200586 0
2511 -0.7975743399200586 0.7585540302684191 0
2512 -0.7585540302684191 -0.7975743399200586 0
2513 0.7975743399200586 -0.7585540302684191 0
2514 0.3102003773699982 1.123577257657144 0
2515 0.2614284344939183 1.136977460036589 0
2516 0.2770462281788195 1.097274398342712 0
2517 -1.123577257657144 0.3102003773699983 0
2518 -1.136977460036589 0.2614284344939185 0
2519 -1.097274398342712 0.2770462281788196 0
2520 -0.3102003773699983 -1.123577257657144 0
2521 -0.2614284344939185 -1.136977460036589 0
2522 -0.2770462281788196 -1.097274398342712 0
2523 1.123577257657144 -0.3102003773699983 0
2524 1.136977460036589 -0.2614284344939185 0
2525 1.097274398342712 -0.2770462281788196 0
2526 -1.060706899457978 0.2917912633211502 0
2527 -0.2917912633211502 -1.060706899457978 0
2528 1.060706899457978 -0.2917912633211502 0
2529 0.2917912633211501 1.060706899457978 0
2530 1.146002592906413 0.2109990195532891 0
2531 1.116760826713023 0.1676510680188769 0
2532 1.154391797806909 0.1541655572996608 0
2533 -0.2109990195532891 1.146002592906413 0
2534 -0.1676510680188769 1.116760826713023 0
2535 -0.1541655572996608 1.154391797806909 0
2536 -1.146002592906413 -0.2109990195532891 0
2537 -1.116760826713023 -0.1676510680188769 0
2538 -1.154391797806909 -0.1541655572996608 0
2539 0.2109990195532891 -1.146002592906413 0
2540 0.1676510680188769 -1.116760826713023 0
2541 0.1541655572996608 -1.154391797806909 0
2542 -1.109427443210635 0.3577287664425688 0
2543 -1.064702883829537 0.3794457632205246 0
2544 -1.090256131076905 0.4113563586081941 0
2545 -0.3577287664425688 -1.109427443210635 0
2546 -0.3794457632205246 -1.064702883829537 0
2547 -0.4113563586081941 -1.090256131076905 0
2548 1.109427443210635 -0.3577287664425688 0
2549 1.064702883829537 -0.3794457632205246 0
2550 1.090256131076905 -0.4113563586081941 0
2551 0.3577287664425688 1.109427443210635 0
2552 0.3794457632205246 1.064702883829538 0
2553 0.411356358608194 1.090256131076905 0
2554 1.038831211659951 -0.0755979295238063 0
2555 0.07559792952380626 1.038831211659951 0
2556 -1.038831211659951 0.0755979295238063 0
2557 -0.0755979295238063 -1.038831211659951 0
2558 0.5563730636491129 0.8805307191368923 0
2559 -0.8805307191368923 0.5563730636491129 0
2560 -0.5563730636491129 -0.8805307191368923 0
2561 0.8805307191368923 -0.5563730636491129 0
2562 0.9057565436945243 0.514286318432894 0
2563 -0.514286318432894 0.9057565436945243 0
2564 -0.9057565436945243 -0.514286318432894 0
2565 0.514286318432894 -0.9057565436945243 0
2566 1.09995358828263 0.08181141633761314 0
2567 1.101982167972699 0.02640261348364657 0
2568 -1.09995358828263 -0.08181141633761314 0
2569 -1.101982167972699 -0.02640261348364657 0
2570 0.08181141633761314 -1.09995358828263 0
2571 0.02640261348364657 -1.101982167972699 0
2572 -0.08181141633761316 1.09995358828263 0
2573 -0.0264026134836466 1.101982167972699 0
2574 0.4465908312436968 1.009185719180972 0
2575 0.4962427290768632 0.9844237326222054 0
2576 -1.009185719180972 0.4465908312436968 0
2577 -0.9844237326222054 0.4962427290768631 0
2578 -0.4465908312436968 -1.009185719180972 0
2579 -0.4962427290768631 -0.9844237326222054 0
2580 1.009185719180972 -0.4465908312436968 0
2581 0.9844237326222054 -0.4962427290768631 0
2582 0.841061591080858 0.8065552018055921 0
2583 0.8349307529775541 0.7615189658344619 0
2584 0.876737852994905 0.7677016518368244 0
2585 -0.8065552018055921 0.841061591080858 0
2586 -0.7615189658344619 0.8349307529775541 0
2587 -0.7677016518368244 0.876737852994905 0
2588 -0.841061591080858 -0.8065552018055921 0
2589 -0.8349307529775541 -0.7615189658344619 0
2590 -0.876737852994905 -0.7677016518368244 0
2591 0.8065552018055921 -0.841061591080858 0
2592 0.7615189658344619 -0.8349307529775541 0
2593 0.7677016518368244 -0.876737852994905 0
2594 0.8675520419545438 0.6819184991825307 0
2595 0.9019553648713441 0.6344338625346966 0
2596 -0.6819184991825307 0.8675520419545438 0
2597 -0.6344338625346966 0.9019553648713441 0
2598 -0.8675520419545438 -0.6819184991825307 0
2599 -0.9019553648713441 -0.6344338625346966 0
2600 0.6819184991825307 -0.8675520419545438 0
2601 0.6344338625346966 -0.9019553648713441 0
2602 -0.3108135897125671 1.122949570378917 0
2603 -0.2757645621694422 1.095495221821584 0
2604 -0.2595335578156301 1.13582597036986 0
2605 -1.122949570378917 -0.3108135897125671 0
2606 -1.095495221821584 -0.2757645621694422 0
2607 -1.13582597036986 -0.2595335578156301 0
2608 0.3108135897125671 -1.122949570378917 0
2609 0.2757645621694422 -1.095495221821584 0
2610 0.2595335578156301 -1.13582597036986 0
2611 1.122949570378917 0.3108135897125672 0
2612 1.095495221821584 0.2757645621694423 0
2613 1.13582597036986 0.2595335578156301 0
2614 1.084726190498319 0.1909987787982932 0
2615 1.093115395398815 0.1341653165446649 0
2616 -0.1909987787982932 1.084726190498319 0
2617 -0.1341653165446648 1.093115395398815 0
2618 -1.084726190498319 -0.1909987787982932 0
2619 -1.093115395398815 -0.1341653165446648 0
2620 0.1909987787982932 -1.084726190498319 0
2621 0.1341653165446648 -1.093115395398815 0
2622 -1.04713798432429 0.3436091033173171 0
2623 -1.02796667219056 0.3972366954829423 0
2624 -0.3436091033173171 -1.04713798432429 0
2625 -0.3972366954829423 -1.02796667219056 0
2626 1.04713798432429 -0.3436091033173171 0
2627 1.02796667219056 -0.3972366954829423 0
2628 0.3436091033173171 1.04713798432429 0
2629 0.3972366954829423 1.02796667219056 0
2630 0.7949470292946913 0.7586658126732926 0
2631 0.8306232912087383 0.7198122627045249 0
2632 -0.7586658126732926 0.7949470292946913 0
2633 -0.7198122627045249 0.8306232912087383 0
2634 -0.7949470292946913 -0.7586658126732926 0
2635 -0.8306232912087383 -0.7198122627045249 0
2636 0.7586658126732926 -0.7949470292946913 0
2637 0.7198122627045249 -0.8306232912087383 0
2638 1.058542528575022 0.2932402271764369 0
2639 1.071418928565965 0.2419601952794999 0
2640 -0.2932402271764368 1.058542528575021 0
2641 -0.2419601952794998 1.071418928565965 0
2642 -1.058542528575021 -0.2932402271764368 0
2643 -1.071418928565965 -0.2419601952794998 0
2644 0.2932402271764368 -1.058542528575021 0
2645 0.2419601952794998 -1.071418928565965 0
$EndNodes
$Elements
1476
1 8 2 1 1 1 17 20
2 8 2 1 1 17 18 21
3 8 2 1 1 18 19 22
4 8 2 1 1 19 2 23
5 8 2 1 2 2 24 27
6 8 2 1 2 24 25 28
7 8 2 1 2 25 26 29
8 8 2 1 2 26 3 30
9 8 2 1 3 3 31 34
10 8 2 1 3 31 32 35
11 8 2 1 3 32 33 36
12 8 2 1 3 33 4 37
13 8 2 1 4 4 38 41
14 8 2 1 4 38 39 42
15 8 2 1 4 39 40 43
16 8 2 1 4 40 1 44
17 8 2 2 5 5 45 53
18 8 2 2 5 45 46 54
19 8 2 2 5 46 47 55
20 8 2 2 5 47 48 56
21 8 2 2 5 48 49 57
22 8 2 2 5 49 50 58
23 8 2 2 5 50 51 59
24 8 2 2 5 51 52 60
25 8 2 2 5 52 6 61
26 8 2 2 6 6 62 70
27 8 2 2 6 62 63 71
28 8 2 2 6 63 64 72
29 8 2 2 6 64 65 73
30 8 2 2 6 65 66 74
31 8 2 2 6 66 67 75
32 8 2 2 6 67 68 76
33 8 2 2 6 68 69 77
34 8 2 2 6 69 7 78
35 8 2 2 7 7 79 87
36 8 2 2 7 79 80 88
37 8 2 2 7 80 81 89
38 8 2 2 7 81 82 90
39 8 2 2 7 82 83 91
40 8 2 2 7 83 84 92
41 8 2 2 7 84 85 93
42 8 2 2 7 85 86 94
43 8 2 2 7 86 8 95
44 8 2 2 8 8 96 104
45 8 2 2 8 96 97 105
46 8 2 2 8 97 98 106
47 8 2 2 8 98 99 107
48 8 2 2 8 99 100 108
49 8 2 2 8 100 101 109
50 8 2 2 8 101 102 110
51 8 2 2 8 102 103 111
52 8 2 2 8 103 5 112
53 8 2 3 9 9 113 128
54 8 2 3 9 113 114 129
55 8 2 3 9 114 115 130
56 8 2 3 9 115 116 131
57 8 2 3 9 116 117 132
58 8 2 3 9 117 118 133
59 8 2 3 9 118 119 134
60 8 2 3 9 119 120 135
61 8 2 3 9 120 121 136
62 8 2 3 9 121 122 137
63 8 2 3 9 122 123 138
64 8 2 3 9 123 124 139
65 8 2 3 9 124 125 140
66 8 2 3 9 125 126 141
67 8 2 3 9 126 127 142
68 8 2 3 9 127 10 143
69 8 2 3 10 10 144 159
70 8 2 3 10 144 145 160
71 8 2 3 10 145 146 161
72 8 2 3 10 146 147 162
73 8 2 3 10 147 148 163
74 8 2 3 10 148 149 164
75 8 2 3 10 149 150 165
76 8 2 3 10 150 151 166
77 8 2 3 10 151 152 167
78 8 2 3 10 152 153 168
79 8 2 3 10 153 154 169
80 8 2 3 10 154 155 170
81 8 2 3 10 155 156 171
82 8 2 3 10 156 157 172
83 8 2 3 10 157 158 173
84 8 2 3 10 158 11 174
85 8 2 3 11 11 175 190
86 8 2 3 11 175 176 191
87 8 2 3 11 176 177 192
88 8 2 3 11 177 178 193
89 8 2 3 11 178 179 194
90 8 2 3 11 179 180 195
91 8 2 3 11 180 181 196
92 8 2 3 11 181 182 197
93 8 2 3 11 182 183 198
94 8 2 3 11 183 184 199
95 8 2 3 11 184 185 200
96 8 2 3 11 185 186 201
97 8 2 3 11 186 187 202
98 8 2 3 11 187 188 203
99 8 2 3 11 188 189 204
100 8 2 3 11 189 12 205
101 8 2 3 12 12 206 221
102 8 2 3 12 206 207 222
103 8 2 3 12 207 208 223
104 8 2 3 12 208 209 224
105 8 2 3 12 209 210 225
106 8 2 3 12 210 211 226
107 8 2 3 12 211 212 227
108 8 2 3 12 212 213 228
109 8 2 3 12 213 214 229
110 8 2 3 12 214 215 230
111 8 2 3 12 215 216 231
112 8 2 3 12 216 217 232
113 8 2 3 12 217 218 233
114 8 2 3 12 218 219 234
115 8 2 3 12 219 220 235
116 8 2 3 12 220 9 236
117 8 2 4 13 13 237 255
118 8 2 4 13 237 238 256
119 8 2 4 13 238 239 257
120 8 2 4 13 239 240 258
121 8 2 4 13 240 241 259
122 8 2 4 13 241 242 260
123 8 2 4 13 242 243 261
124 8 2 4 13 243 244 262
125 8 2 4 13 244 245 263
126 8 2 4 13 245 246 264
127 8 2 4 13 246 247 265
128 8 2 4 13 247 248 266
129 8 2 4 13 248 249 267
130 8 2 4 13 249 250 268
131 8 2 4 13 250 251 269
132 8 2 4 13 251 252 270
133 8 2 4 13 252 253 271
134 8 2 4 13 253 254 272
135 8 2 4 13 254 14 273
136 8 2 4 14 14 274 292
137 8 2 4 14 274 275 293
138 8 2 4 14 275 276 294
139 8 2 4 14 276 277 295
140 8 2 4 14 277 278 296
141 8 2 4 14 278 279 297
142 8 2 4 14 279 280 298
143 8 2 4 14 280 281 299
144 8 2 4 14 281 282 300
145 8 2 4 14 282 283 301
146 8 2 4 14 283 284 302
147 8 2 4 14 284 285 303
148 8 2 4 14 285 286 304
149 8 2 4 14 286 287 305
150 8 2 4 14 287 288 306
151 8 2 4 14 288 289 307
152 8 2 4 14 289 290 308
153 8 2 4 14 290 291 309
154 8 2 4 14 291 15 310
155 8 2 4 15 15 311 329
156 8 2 4 15 311 312 330
157 8 2 4 15 312 313 331
158 8 2 4 15 313 314 332
159 8 2 4 15 314 315 333
160 8 2 4 15 315 316 334
161 8 2 4 15 316 317 335
162 8 2 4 15 317 318 336
163 8 2 4 15 318 319 337
164 8 2 4 15 319 320 338
165 8 2 4 15 320 321 339
166 8 2 4 15 321 322 340
167 8 2 4 15 322 323 341
168 8 2 4 15 323 324 342
169 8 2 4 15 324 325 343
170 8 2 4 15 325 326 344
171 8 2 4 15 326 327 345
172 8 2 4 15 327 328 346
173 8 2 4 15 328 16 347
174 8 2 4 16 16 348 366
175 8 2 4 16 348 349 367
176 8 2 4 16 349 350 368
177 8 2 4 16 350 351 369
178 8 2 4 16 351 352 370
179 8 2 4 16 352 353 371
180 8 2 4 16 353 354 372
181 8 2 4 16 354 355 373
182 8 2 4 16 355 356 374
183 8 2 4 16 356 357 375
184 8 2 4 16 357 358 376
185 8 2 4 16 358 359 377
186 8 2 4 16 359 360 378
187 8 2 4 16 360 361 379
188 8 2 4 16 361 362 380
189 8 2 4 16 362 363 381
190 8 2 4 16 363 364 382
191 8 2 4 16 364 365 383
192 8 2 4 16 365 13 384
193 9 2 1 1 389 387 399 410 411 412
194 9 2 1 1 387 397 399 413 414 411
195 9 2 1 1 387 389 400 410 415 416
196 9 2 1 1 393 385 394 417 418 419
197 9 2 1 1 391 393 394 420 419 421
198 9 2 1 1 2 24 389 27 422 423
199 9 2 1 1 1 17 391 20 424 425
200 9 2 1 1 3 31 390 34 426 427
201 9 2 1 1 4 38 392 41 428 429
202 9 2 1 1 18 19 385 22 430 431
203 9 2 1 1 25 26 387 29 432 433
204 9 2 1 1 39 40 388 43 434 435
205 9 2 1 1 32 33 386 36 436 437
206 9 2 1 1 397 387 408 413 438 439
207 9 2 1 1 396 394 397 440 441 442
208 9 2 1 1 394 385 399 418 443 444
209 9 2 1 1 399 385 403 443 445 446
210 9 2 1 1 398 390 402 447 448 449
211 9 2 1 1 386 398 402 450 449 451
212 9 2 1 1 391 394 395 421 452 453
213 9 2 1 1 389 399 403 412 446 454
214 9 2 1 1 396 397 398 442 455 456
215 9 2 1 1 395 394 396 452 440 457
216 9 2 1 1 2 389 403 423 454 458
217 9 2 1 1 1 391 405 425 459 460
218 9 2 1 1 3 390 404 427 461 462
219 9 2 1 1 4 392 406 429 463 464
220 9 2 1 1 17 18 393 21 465 466
221 9 2 1 1 24 25 400 28 467 468
222 9 2 1 1 38 39 401 42 469 470
223 9 2 1 1 31 32 402 35 471 472
224 9 2 1 1 389 24 400 422 468 415
225 9 2 1 1 391 17 393 424 466 420
226 9 2 1 1 392 38 401 428 470 473
227 9 2 1 1 390 31 402 426 472 448
228 9 2 1 1 385 19 403 430 474 445
229 9 2 1 1 387 26 404 432 475 476
230 9 2 1 1 388 40 405 434 477 478
231 9 2 1 1 386 33 406 436 479 480
232 9 2 1 1 19 2 403 23 458 474
233 9 2 1 1 26 3 404 30 462 475
234 9 2 1 1 40 1 405 44 460 477
235 9 2 1 1 33 4 406 37 464 479
236 9 2 1 1 18 385 393 431 417 465
237 9 2 1 1 25 387 400 433 416 467
238 9 2 1 1 39 388 401 435 481 469
239 9 2 1 1 32 386 402 437 451 471
240 9 2 1 1 397 394 399 441 444 414
241 9 2 1 1 395 396 409 457 482 483
242 9 2 1 1 390 398 408 447 484 485
243 9 2 1 1 398 397 408 455 439 484
244 9 2 1 1 391 395 405 453 486 459
245 9 2 1 1 395 388 405 487 478 486
246 9 2 1 1 396 407 409 488 489 482
247 9 2 1 1 407 392 409 490 491 489
248 9 2 1 1 388 395 409 487 483 492
249 9 2 1 1 398 386 407 450 493 494
250 9 2 1 1 396 398 407 456 494 488
251 9 2 1 1 406 392 407 463 490 495
252 9 2 1 1 386 406 407 480 495 493
253 9 2 1 1 404 390 408 461 485 496
254 9 2 1 1 387 404 408 476 496 438
255 9 2 1 1 392 401 409 473 497 491
256 9 2 1 1 401 388 409 481 492 497
257 9 2 2 2 502 526 586 606 607 608
258 9 2 2 2 503 527 587 609 610 611
259 9 2 2 2 504 528 588 612 613 614
260 9 2 2 2 505 529 589 615 616 617
261 9 2 2 2 506 542 547 618 619 620
262 9 2 2 2 507 543 549 621 622 623
263 9 2 2 2 508 544 551 624 625 626
264 9 2 2 2 509 545 553 627 628 629
265 9 2 2 2 526 534 586 630 631 607
266 9 2 2 2 527 535 587 632 633 610
267 9 2 2 2 528 536 588 634 635 613
268 9 2 2 2 529 537 589 636 637 616
269 9 2 2 2 542 506 546 618 638 639
270 9 2 2 2 543 507 548 621 640 641
271 9 2 2 2 544 508 550 624 642 643
272 9 2 2 2 545 509 552 627 644 645
273 9 2 2 2 562 574 582 646 647 648
274 9 2 2 2 563 575 583 649 650 651
275 9 2 2 2 564 576 584 652 653 654
276 9 2 2 2 565 577 585 655 656 657
277 9 2 2 2 527 498 530 658 659 660
278 9 2 2 2 528 499 531 661 662 663
279 9 2 2 2 529 500 532 664 665 666
280 9 2 2 2 526 501 533 667 668 669
281 9 2 2 2 542 522 598 670 671 672
282 9 2 2 2 543 523 599 673 674 675
283 9 2 2 2 544 524 600 676 677 678
284 9 2 2 2 545 525 601 679 680 681
285 9 2 2 2 502 1 526 682 683 606
286 9 2 2 2 503 2 527 684 685 609
287 9 2 2 2 504 3 528 686 687 612
288 9 2 2 2 505 4 529 688 689 615
289 9 2 2 2 19 498 527 690 658 691
290 9 2 2 2 26 499 528 692 661 693
291 9 2 2 2 33 500 529 694 664 695
292 9 2 2 2 40 501 526 696 667 697
293 9 2 2 2 554 542 598 698 672 699
294 9 2 2 2 556 543 599 700 675 701
295 9 2 2 2 558 544 600 702 678 703
296 9 2 2 2 560 545 601 704 681 705
297 9 2 2 2 18 17 598 21 706 707
298 9 2 2 2 25 24 599 28 708 709
299 9 2 2 2 32 31 600 35 710 711
300 9 2 2 2 39 38 601 42 712 713
301 9 2 2 2 530 498 538 659 714 715
302 9 2 2 2 531 499 539 662 716 717
303 9 2 2 2 532 500 540 665 718 719
304 9 2 2 2 533 501 541 668 720 721
305 9 2 2 2 522 18 598 722 707 671
306 9 2 2 2 523 25 599 723 709 674
307 9 2 2 2 524 32 600 724 711 677
308 9 2 2 2 525 39 601 725 713 680
309 9 2 2 2 530 538 562 715 726 727
310 9 2 2 2 531 539 563 717 728 729
311 9 2 2 2 532 540 564 719 730 731
312 9 2 2 2 533 541 565 721 732 733
313 9 2 2 2 547 542 554 619 698 734
314 9 2 2 2 549 543 556 622 700 735
315 9 2 2 2 551 544 558 625 702 736
316 9 2 2 2 553 545 560 628 704 737
317 9 2 2 2 514 45 566 738 739 740
318 9 2 2 2 515 62 567 741 742 743
319 9 2 2 2 516 79 568 744 745 746
320 9 2 2 2 517 96 569 747 748 749
321 9 2 2 2 546 518 562 750 751 752
322 9 2 2 2 548 519 563 753 754 755
323 9 2 2 2 550 520 564 756 757 758
324 9 2 2 2 552 521 565 759 760 761
325 9 2 2 2 538 546 562 762 752 726
326 9 2 2 2 539 548 563 763 755 728
327 9 2 2 2 540 550 564 764 758 730
328 9 2 2 2 541 552 565 765 761 732
329 9 2 2 2 574 510 582 766 767 647
330 9 2 2 2 575 511 583 768 769 650
331 9 2 2 2 576 512 584 770 771 653
332 9 2 2 2 577 513 585 772 773 656
333 9 2 2 2 555 514 566 774 740 775
334 9 2 2 2 557 515 567 776 743 777
335 9 2 2 2 559 516 568 778 746 779
336 9 2 2 2 561 517 569 780 749 781
337 9 2 2 2 49 50 518 58 782 783
338 9 2 2 2 66 67 519 75 784 785
339 9 2 2 2 83 84 520 92 786 787
340 9 2 2 2 100 101 521 109 788 789
341 9 2 2 2 5 45 514 53 738 790
342 9 2 2 2 6 62 515 70 741 791
343 9 2 2 2 7 79 516 87 744 792
344 9 2 2 2 8 96 517 104 747 793
345 9 2 2 2 51 52 510 60 794 795
346 9 2 2 2 68 69 511 77 796 797
347 9 2 2 2 85 86 512 94 798 799
348 9 2 2 2 102 103 513 111 800 801
349 9 2 2 2 47 48 506 56 802 803
350 9 2 2 2 64 65 507 73 804 805
351 9 2 2 2 81 82 508 90 806 807
352 9 2 2 2 98 99 509 107 808 809
353 9 2 2 2 554 502 586 810 608 811
354 9 2 2 2 556 503 587 812 611 813
355 9 2 2 2 558 504 588 814 614 815
356 9 2 2 2 560 505 589 816 617 817
357 9 2 2 2 562 518 574 751 818 646
358 9 2 2 2 563 519 575 754 819 649
359 9 2 2 2 564 520 576 757 820 652
360 9 2 2 2 565 521 577 760 821 655
361 9 2 2 2 526 533 534 669 822 630
362 9 2 2 2 527 530 535 660 823 632
363 9 2 2 2 528 531 536 663 824 634
364 9 2 2 2 529 532 537 666 825 636
365 9 2 2 2 45 46 566 54 826 739
366 9 2 2 2 62 63 567 71 827 742
367 9 2 2 2 79 80 568 88 828 745
368 9 2 2 2 96 97 569 105 829 748
369 9 2 2 2 547 554 555 734 830 831
370 9 2 2 2 549 556 557 735 832 833
371 9 2 2 2 551 558 559 736 834 835
372 9 2 2 2 553 560 561 737 836 837
373 9 2 2 2 530 562 582 727 648 838
374 9 2 2 2 531 563 583 729 651 839
375 9 2 2 2 532 564 584 731 654 840
376 9 2 2 2 533 565 585 733 657 841
377 9 2 2 2 17 1 502 20 682 842
378 9 2 2 2 24 2 503 27 684 843
379 9 2 2 2 31 3 504 34 686 844
380 9 2 2 2 38 4 505 41 688 845
381 9 2 2 2 19 18 498 22 846 690
382 9 2 2 2 26 25 499 29 847 692
383 9 2 2 2 33 32 500 36 848 694
384 9 2 2 2 40 39 501 43 849 696
385 9 2 2 2 555 554 586 830 811 850
386 9 2 2 2 557 556 587 832 813 851
387 9 2 2 2 559 558 588 834 815 852
388 9 2 2 2 561 560 589 836 817 853
389 9 2 2 2 514 570 578 854 855 856
390 9 2 2 2 515 571 579 857 858 859
391 9 2 2 2 516 572 580 860 861 862
392 9 2 2 2 517 573 581 863 864 865
393 9 2 2 2 1 40 526 44 697 683
394 9 2 2 2 2 19 527 23 691 685
395 9 2 2 2 3 26 528 30 693 687
396 9 2 2 2 4 33 529 37 695 689
397 9 2 2 2 498 18 522 846 722 866
398 9 2 2 2 499 25 523 847 723 867
399 9 2 2 2 500 32 524 848 724 868
400 9 2 2 2 501 39 525 849 725 869
401 9 2 2 2 538 522 542 870 670 871
402 9 2 2 2 539 523 543 872 673 873
403 9 2 2 2 540 524 544 874 676 875
404 9 2 2 2 541 525 545 876 679 877
405 9 2 2 2 538 542 546 871 639 762
406 9 2 2 2 539 543 548 873 641 763
407 9 2 2 2 540 544 550 875 643 764
408 9 2 2 2 541 545 552 877 645 765
409 9 2 2 2 514 555 570 774 878 854
410 9 2 2 2 515 557 571 776 879 857
411 9 2 2 2 516 559 572 778 880 860
412 9 2 2 2 517 561 573 780 881 863
413 9 2 2 2 546 506 590 638 882 883
414 9 2 2 2 548 507 591 640 884 885
415 9 2 2 2 550 508 592 642 886 887
416 9 2 2 2 552 509 593 644 888 889
417 9 2 2 2 498 522 538 866 870 714
418 9 2 2 2 499 523 539 867 872 716
419 9 2 2 2 500 524 540 868 874 718
420 9 2 2 2 501 525 541 869 876 720
421 9 2 2 2 547 555 566 831 775 890
422 9 2 2 2 549 557 567 833 777 891
423 9 2 2 2 551 559 568 835 779 892
424 9 2 2 2 553 561 569 837 781 893
425 9 2 2 2 518 546 590 750 883 894
426 9 2 2 2 519 548 591 753 885 895
427 9 2 2 2 520 550 592 756 887 896
428 9 2 2 2 521 552 593 759 889 897
429 9 2 2 2 578 570 602 855 898 899
430 9 2 2 2 579 571 603 858 900 901
431 9 2 2 2 580 572 604 861 902 903
432 9 2 2 2 581 573 605 864 904 905
433 9 2 2 2 518 50 574 782 906 818
434 9 2 2 2 519 67 575 784 907 819
435 9 2 2 2 520 84 576 786 908 820
436 9 2 2 2 521 101 577 788 909 821
437 9 2 2 2 5 514 578 790 856 910
438 9 2 2 2 6 515 579 791 859 911
439 9 2 2 2 7 516 580 792 862 912
440 9 2 2 2 8 517 581 793 865 913
441 9 2 2 2 51 510 574 795 766 914
442 9 2 2 2 68 511 575 797 768 915
443 9 2 2 2 85 512 576 799 770 916
444 9 2 2 2 102 513 577 801 772 917
445 9 2 2 2 510 52 579 794 918 919
446 9 2 2 2 511 69 580 796 920 921
447 9 2 2 2 512 86 581 798 922 923
448 9 2 2 2 513 103 578 800 924 925
449 9 2 2 2 506 547 594 620 926 927
450 9 2 2 2 507 549 595 623 928 929
451 9 2 2 2 508 551 596 626 930 931
452 9 2 2 2 509 553 597 629 932 933
453 9 2 2 2 49 518 590 783 894 934
454 9 2 2 2 66 519 591 785 895 935
455 9 2 2 2 83 520 592 787 896 936
456 9 2 2 2 100 521 593 789 897 937
457 9 2 2 2 506 48 590 802 938 882
458 9 2 2 2 507 65 591 804 939 884
459 9 2 2 2 508 82 592 806 940 886
460 9 2 2 2 509 99 593 808 941 888
461 9 2 2 2 534 570 586 942 943 631
462 9 2 2 2 535 571 587 944 945 633
463 9 2 2 2 536 572 588 946 947 635
464 9 2 2 2 537 573 589 948 949 637
465 9 2 2 2 50 51 574 59 914 906
466 9 2 2 2 67 68 575 76 915 907
467 9 2 2 2 84 85 576 93 916 908
468 9 2 2 2 101 102 577 110 917 909
469 9 2 2 2 103 5 578 112 910 924
470 9 2 2 2 52 6 579 61 911 918
471 9 2 2 2 69 7 580 78 912 920
472 9 2 2 2 86 8 581 95 913 922
473 9 2 2 2 502 554 598 810 699 950
474 9 2 2 2 503 556 599 812 701 951
475 9 2 2 2 504 558 600 814 703 952
476 9 2 2 2 505 560 601 816 705 953
477 9 2 2 2 535 530 582 823 838 954
478 9 2 2 2 536 531 583 824 839 955
479 9 2 2 2 537 532 584 825 840 956
480 9 2 2 2 534 533 585 822 841 957
481 9 2 2 2 47 506 594 803 927 958
482 9 2 2 2 64 507 595 805 929 959
483 9 2 2 2 81 508 596 807 931 960
484 9 2 2 2 98 509 597 809 933 961
485 9 2 2 2 46 47 594 55 958 962
486 9 2 2 2 63 64 595 72 959 963
487 9 2 2 2 80 81 596 89 960 964
488 9 2 2 2 97 98 597 106 961 965
489 9 2 2 2 48 49 590 57 934 938
490 9 2 2 2 65 66 591 74 935 939
491 9 2 2 2 82 83 592 91 936 940
492 9 2 2 2 99 100 593 108 937 941
493 9 2 2 2 566 46 594 826 962 966
494 9 2 2 2 567 63 595 827 963 967
495 9 2 2 2 568 80 596 828 964 968
496 9 2 2 2 569 97 597 829 965 969
497 9 2 2 2 570 555 586 878 850 943
498 9 2 2 2 571 557 587 879 851 945
499 9 2 2 2 572 559 588 880 852 947
500 9 2 2 2 573 561 589 881 853 949
501 9 2 2 2 547 566 594 890 966 926
502 9 2 2 2 549 567 595 891 967 928
503 9 2 2 2 551 568 596 892 968 930
504 9 2 2 2 553 569 597 893 969 932
505 9 2 2 2 17 502 598 842 950 706
506 9 2 2 2 24 503 599 843 951 708
507 9 2 2 2 31 504 600 844 952 710
508 9 2 2 2 38 505 601 845 953 712
509 9 2 2 2 570 534 602 942 970 898
510 9 2 2 2 571 535 603 944 971 900
511 9 2 2 2 572 536 604 946 972 902
512 9 2 2 2 573 537 605 948 973 904
513 9 2 2 2 534 585 602 957 974 970
514 9 2 2 2 535 582 603 954 975 971
515 9 2 2 2 536 583 604 955 976 972
516 9 2 2 2 537 584 605 956 977 973
517 9 2 2 2 510 579 603 919 901 978
518 9 2 2 2 511 580 604 921 903 979
519 9 2 2 2 512 581 605 923 905 980
520 9 2 2 2 513 578 602 925 899 981
521 9 2 2 2 582 510 603 767 978 975
522 9 2 2 2 583 511 604 769 979 976
523 9 2 2 2 584 512 605 771 980 977
524 9 2 2 2 585 513 602 773 981 974
525 9 2 3 3 994 1029 1114 1222 1223 1224
526 9 2 3 3 995 1039 1115 1225 1226 1227
527 9 2 3 3 996 1049 1116 1228 1229 1230
528 9 2 3 3 997 1059 1117 1231 1232 1233
529 9 2 3 3 1022 1102 1103 1234 1235 1236
530 9 2 3 3 1023 1104 1105 1237 1238 1239
531 9 2 3 3 1024 1106 1107 1240 1241 1242
532 9 2 3 3 1025 1108 1109 1243 1244 1245
533 9 2 3 3 1068 1090 1099 1246 1247 1248
534 9 2 3 3 1073 1091 1100 1249 1250 1251
535 9 2 3 3 1078 1092 1101 1252 1253 1254
536 9 2 3 3 1083 1093 1098 1255 1256 1257
537 9 2 3 3 1026 986 1027 1258 1259 1260
538 9 2 3 3 1036 987 1037 1261 1262 1263
539 9 2 3 3 1046 988 1047 1264 1265 1266
540 9 2 3 3 1056 989 1057 1267 1268 1269
541 9 2 3 3 1066 982 1067 1270 1271 1272
542 9 2 3 3 1071 983 1072 1273 1274 1275
543 9 2 3 3 1076 984 1077 1276 1277 1278
544 9 2 3 3 1081 985 1082 1279 1280 1281
545 9 2 3 3 1094 998 1118 1282 1283 1284
546 9 2 3 3 1095 999 1120 1285 1286 1287
547 9 2 3 3 1096 1000 1122 1288 1289 1290
548 9 2 3 3 1097 1001 1124 1291 1292 1293
549 9 2 3 3 49 994 1114 1294 1224 1295
550 9 2 3 3 66 995 1115 1296 1227 1297
551 9 2 3 3 83 996 1116 1298 1230 1299
552 9 2 3 3 100 997 1117 1300 1233 1301
553 9 2 3 3 998 1094 1119 1282 1302 1303
554 9 2 3 3 999 1095 1121 1285 1304 1305
555 9 2 3 3 1000 1096 1123 1288 1306 1307
556 9 2 3 3 1001 1097 1125 1291 1308 1309
557 9 2 3 3 47 986 1026 1310 1258 1311
558 9 2 3 3 64 987 1036 1312 1261 1313
559 9 2 3 3 81 988 1046 1314 1264 1315
560 9 2 3 3 98 989 1056 1316 1267 1317
561 9 2 3 3 51 982 1066 1318 1270 1319
562 9 2 3 3 68 983 1071 1320 1273 1321
563 9 2 3 3 85 984 1076 1322 1276 1323
564 9 2 3 3 102 985 1081 1324 1279 1325
565 9 2 3 3 1002 1090 1126 1326 1327 1328
566 9 2 3 3 1003 1091 1127 1329 1330 1331
567 9 2 3 3 1004 1092 1128 1332 1333 1334
568 9 2 3 3 1005 1093 1129 1335 1336 1337
569 9 2 3 3 116 117 1135 132 1338 1339
570 9 2 3 3 147 148 1137 163 1340 1341
571 9 2 3 3 178 179 1139 194 1342 1343
572 9 2 3 3 209 210 1141 225 1344 1345
573 9 2 3 3 1090 1102 1126 1346 1347 1327
574 9 2 3 3 1091 1104 1127 1348 1349 1330
575 9 2 3 3 1092 1106 1128 1350 1351 1333
576 9 2 3 3 1093 1108 1129 1352 1353 1336
577 9 2 3 3 1099 1090 1154 1247 1354 1355
578 9 2 3 3 1100 1091 1155 1250 1356 1357
579 9 2 3 3 1101 1092 1156 1253 1358 1359
580 9 2 3 3 1098 1093 1157 1256 1360 1361
581 9 2 3 3 1035 1085 1181 1362 1363 1364
582 9 2 3 3 1045 1070 1178 1365 1366 1367
583 9 2 3 3 1055 1075 1179 1368 1369 1370
584 9 2 3 3 1065 1080 1180 1371 1372 1373
585 9 2 3 3 1085 1035 1142 1362 1374 1375
586 9 2 3 3 1070 1045 1143 1365 1376 1377
587 9 2 3 3 1075 1055 1144 1368 1378 1379
588 9 2 3 3 1080 1065 1145 1371 1380 1381
589 9 2 3 3 1090 1067 1102 1382 1383 1346
590 9 2 3 3 1091 1072 1104 1384 1385 1348
591 9 2 3 3 1092 1077 1106 1386 1387 1350
592 9 2 3 3 1093 1082 1108 1388 1389 1352
593 9 2 3 3 1027 1032 1086 1390 1391 1392
594 9 2 3 3 1037 1042 1087 1393 1394 1395
595 9 2 3 3 1047 1052 1088 1396 1397 1398
596 9 2 3 3 1057 1062 1089 1399 1400 1401
597 9 2 3 3 1022 1103 1158 1236 1402 1403
598 9 2 3 3 1023 1105 1159 1239 1404 1405
599 9 2 3 3 1024 1107 1160 1242 1406 1407
600 9 2 3 3 1025 1109 1161 1245 1408 1409
601 9 2 3 3 1157 1018 1206 1410 1411 1412
602 9 2 3 3 1154 1019 1207 1413 1414 1415
603 9 2 3 3 1155 1020 1208 1416 1417 1418
604 9 2 3 3 1156 1021 1209 1419 1420 1421
605 9 2 3 3 1086 1010 1218 1422 1423 1424
606 9 2 3 3 1087 1011 1219 1425 1426 1427
607 9 2 3 3 1088 1012 1220 1428 1429 1430
608 9 2 3 3 1089 1013 1221 1431 1432 1433
609 9 2 3 3 1033 46 1186 1434 1435 1436
610 9 2 3 3 1043 63 1187 1437 1438 1439
611 9 2 3 3 1053 80 1188 1440 1441 1442
612 9 2 3 3 1063 97 1189 1443 1444 1445
613 9 2 3 3 1010 1086 1134 1422 1446 1447
614 9 2 3 3 1011 1087 1136 1425 1448 1449
615 9 2 3 3 1012 1088 1138 1428 1450 1451
616 9 2 3 3 1013 1089 1140 1431 1452 1453
617 9 2 3 3 1102 1022 1126 1234 1454 1347
618 9 2 3 3 1104 1023 1127 1237 1455 1349
619 9 2 3 3 1106 1024 1128 1240 1456 1351
620 9 2 3 3 1108 1025 1129 1243 1457 1353
621 9 2 3 3 1014 116 1135 1458 1339 1459
622 9 2 3 3 1015 147 1137 1460 1341 1461
623 9 2 3 3 1016 178 1139 1462 1343 1463
624 9 2 3 3 1017 209 1141 1464 1345 1465
625 9 2 3 3 1090 1002 1154 1326 1466 1354
626 9 2 3 3 1091 1003 1155 1329 1467 1356
627 9 2 3 3 1092 1004 1156 1332 1468 1358
628 9 2 3 3 1093 1005 1157 1335 1469 1360
629 9 2 3 3 1086 1032 1134 1391 1470 1446
630 9 2 3 3 1087 1042 1136 1394 1471 1448
631 9 2 3 3 1088 1052 1138 1397 1472 1450
632 9 2 3 3 1089 1062 1140 1400 1473 1452
633 9 2 3 3 1018 1157 1173 1410 1474 1475
634 9 2 3 3 1019 1154 1170 1413 1476 1477
635 9 2 3 3 1020 1155 1171 1416 1478 1479
636 9 2 3 3 1021 1156 1172 1419 1480 1481
637 9 2 3 3 46 45 1186 54 1482 1435
638 9 2 3 3 63 62 1187 71 1483 1438
639 9 2 3 3 80 79 1188 88 1484 1441
640 9 2 3 3 97 96 1189 105 1485 1444
641 9 2 3 3 1110 1103 1162 1486 1487 1488
642 9 2 3 3 1111 1105 1163 1489 1490 1491
643 9 2 3 3 1112 1107 1164 1492 1493 1494
644 9 2 3 3 1113 1109 1165 1495 1496 1497
645 9 2 3 3 1069 982 1114 1498 1499 1500
646 9 2 3 3 1074 983 1115 1501 1502 1503
647 9 2 3 3 1079 984 1116 1504 1505 1506
648 9 2 3 3 1084 985 1117 1507 1508 1509
649 9 2 3 3 986 46 1033 1510 1434 1511
650 9 2 3 3 987 63 1043 1512 1437 1513
651 9 2 3 3 988 80 1053 1514 1440 1515
652 9 2 3 3 989 97 1063 1516 1443 1517
653 9 2 3 3 1103 1110 1190 1486 1518 1519
654 9 2 3 3 1105 1111 1191 1489 1520 1521
655 9 2 3 3 1107 1112 1192 1492 1522 1523
656 9 2 3 3 1109 1113 1193 1495 1524 1525
657 9 2 3 3 1114 1029 1162 1223 1526 1527
658 9 2 3 3 1115 1039 1163 1226 1528 1529
659 9 2 3 3 1116 1049 1164 1229 1530 1531
660 9 2 3 3 1117 1059 1165 1232 1532 1533
661 9 2 3 3 50 49 1114 58 1295 1534
662 9 2 3 3 67 66 1115 75 1297 1535
663 9 2 3 3 84 83 1116 92 1299 1536
664 9 2 3 3 101 100 1117 109 1301 1537
665 9 2 3 3 48 47 1026 56 1311 1538
666 9 2 3 3 65 64 1036 73 1313 1539
667 9 2 3 3 82 81 1046 90 1315 1540
668 9 2 3 3 99 98 1056 107 1317 1541
669 9 2 3 3 52 51 1066 60 1319 1542
670 9 2 3 3 69 68 1071 77 1321 1543
671 9 2 3 3 86 85 1076 94 1323 1544
672 9 2 3 3 103 102 1081 111 1325 1545
673 9 2 3 3 1130 1014 1135 1546 1459 1547
674 9 2 3 3 1131 1015 1137 1548 1461 1549
675 9 2 3 3 1132 1016 1139 1550 1463 1551
676 9 2 3 3 1133 1017 1141 1552 1465 1553
677 9 2 3 3 1098 1157 1206 1361 1412 1554
678 9 2 3 3 1099 1154 1207 1355 1415 1555
679 9 2 3 3 1100 1155 1208 1357 1418 1556
680 9 2 3 3 1101 1156 1209 1359 1421 1557
681 9 2 3 3 1118 1014 1130 1558 1546 1559
682 9 2 3 3 1120 1015 1131 1560 1548 1561
683 9 2 3 3 1122 1016 1132 1562 1550 1563
684 9 2 3 3 1124 1017 1133 1564 1552 1565
685 9 2 3 3 1135 117 1182 1338 1566 1567
686 9 2 3 3 1137 148 1183 1340 1568 1569
687 9 2 3 3 1139 179 1184 1342 1570 1571
688 9 2 3 3 1141 210 1185 1344 1572 1573
689 9 2 3 3 1027 986 1030 1259 1574 1575
690 9 2 3 3 1037 987 1040 1262 1576 1577
691 9 2 3 3 1047 988 1050 1265 1578 1579
692 9 2 3 3 1057 989 1060 1268 1580 1581
693 9 2 3 3 45 5 1142 53 1582 1583
694 9 2 3 3 62 6 1143 70 1584 1585
695 9 2 3 3 79 7 1144 87 1586 1587
696 9 2 3 3 96 8 1145 104 1588 1589
697 9 2 3 3 1067 982 1069 1271 1498 1590
698 9 2 3 3 1072 983 1074 1274 1501 1591
699 9 2 3 3 1077 984 1079 1277 1504 1592
700 9 2 3 3 1082 985 1084 1280 1507 1593
701 9 2 3 3 1069 1114 1162 1500 1527 1594
702 9 2 3 3 1074 1115 1163 1503 1529 1595
703 9 2 3 3 1079 1116 1164 1506 1531 1596
704 9 2 3 3 1084 1117 1165 1509 1533 1597
705 9 2 3 3 1032 1130 1135 1598 1547 1599
706 9 2 3 3 1042 1131 1137 1600 1549 1601
707 9 2 3 3 1052 1132 1139 1602 1551 1603
708 9 2 3 3 1062 1133 1141 1604 1553 1605
709 9 2 3 3 1110 1146 1190 1606 1607 1518
710 9 2 3 3 1111 1148 1191 1608 1609 1520
711 9 2 3 3 1112 1150 1192 1610 1611 1522
712 9 2 3 3 1113 1152 1193 1612 1613 1524
713 9 2 3 3 1094 1035 1181 1614 1364 1615
714 9 2 3 3 1095 1045 1178 1616 1367 1617
715 9 2 3 3 1096 1055 1179 1618 1370 1619
716 9 2 3 3 1097 1065 1180 1620 1373 1621
717 9 2 3 3 1146 1006 1190 1622 1623 1607
718 9 2 3 3 1148 1007 1191 1624 1625 1609
719 9 2 3 3 1150 1008 1192 1626 1627 1611
720 9 2 3 3 1152 1009 1193 1628 1629 1613
721 9 2 3 3 1010 1147 1218 1630 1631 1423
722 9 2 3 3 1011 1149 1219 1632 1633 1426
723 9 2 3 3 1012 1151 1220 1634 1635 1429
724 9 2 3 3 1013 1153 1221 1636 1637 1432
725 9 2 3 3 1118 998 1166 1283 1638 1639
726 9 2 3 3 1120 999 1167 1286 1640 1641
727 9 2 3 3 1122 1000 1168 1289 1642 1643
728 9 2 3 3 1124 1001 1169 1292 1644 1645
729 9 2 3 3 1146 1147 1194 1646 1647 1648
730 9 2 3 3 1148 1149 1195 1649 1650 1651
731 9 2 3 3 1150 1151 1196 1652 1653 1654
732 9 2 3 3 1152 1153 1197 1655 1656 1657
733 9 2 3 3 1070 1099 1178 1658 1659 1366
734 9 2 3 3 1075 1100 1179 1660 1661 1369
735 9 2 3 3 1080 1101 1180 1662 1663 1372
736 9 2 3 3 1085 1098 1181 1664 1665 1363
737 9 2 3 3 1030 986 1033 1574 1511 1666
738 9 2 3 3 1040 987 1043 1576 1513 1667
739 9 2 3 3 1050 988 1053 1578 1515 1668
740 9 2 3 3 1060 989 1063 1580 1517 1669
741 9 2 3 3 1194 1147 1198 1647 1670 1671
742 9 2 3 3 1195 1149 1199 1650 1672 1673
743 9 2 3 3 1196 1151 1200 1653 1674 1675
744 9 2 3 3 1197 1153 1201 1656 1676 1677
745 9 2 3 3 1027 1030 1032 1575 1678 1390
746 9 2 3 3 1037 1040 1042 1577 1679 1393
747 9 2 3 3 1047 1050 1052 1579 1680 1396
748 9 2 3 3 1057 1060 1062 1581 1681 1399
749 9 2 3 3 1067 1069 1102 1590 1682 1383
750 9 2 3 3 1072 1074 1104 1591 1683 1385
751 9 2 3 3 1077 1079 1106 1592 1684 1387
752 9 2 3 3 1082 1084 1108 1593 1685 1389
753 9 2 3 3 123 124 1022 139 1686 1687
754 9 2 3 3 154 155 1023 170 1688 1689
755 9 2 3 3 185 186 1024 201 1690 1691
756 9 2 3 3 216 217 1025 232 1692 1693
757 9 2 3 3 220 9 1018 236 1694 1695
758 9 2 3 3 127 10 1019 143 1696 1697
759 9 2 3 3 158 11 1020 174 1698 1699
760 9 2 3 3 189 12 1021 205 1700 1701
761 9 2 3 3 115 116 1014 131 1458 1702
762 9 2 3 3 146 147 1015 162 1460 1703
763 9 2 3 3 177 178 1016 193 1462 1704
764 9 2 3 3 208 209 1017 224 1464 1705
765 9 2 3 3 118 119 1010 134 1706 1707
766 9 2 3 3 149 150 1011 165 1708 1709
767 9 2 3 3 180 181 1012 196 1710 1711
768 9 2 3 3 211 212 1013 227 1712 1713
769 9 2 3 3 121 122 1006 137 1714 1715
770 9 2 3 3 152 153 1007 168 1716 1717
771 9 2 3 3 183 184 1008 199 1718 1719
772 9 2 3 3 214 215 1009 230 1720 1721
773 9 2 3 3 125 126 1002 141 1722 1723
774 9 2 3 3 156 157 1003 172 1724 1725
775 9 2 3 3 187 188 1004 203 1726 1727
776 9 2 3 3 218 219 1005 234 1728 1729
777 9 2 3 3 113 114 998 129 1730 1731
778 9 2 3 3 144 145 999 160 1732 1733
779 9 2 3 3 175 176 1000 191 1734 1735
780 9 2 3 3 206 207 1001 222 1736 1737
781 9 2 3 3 1181 1098 1206 1665 1554 1738
782 9 2 3 3 1178 1099 1207 1659 1555 1739
783 9 2 3 3 1179 1100 1208 1661 1556 1740
784 9 2 3 3 1180 1101 1209 1663 1557 1741
785 9 2 3 3 1030 1033 1034 1666 1742 1743
786 9 2 3 3 1040 1043 1044 1667 1744 1745
787 9 2 3 3 1050 1053 1054 1668 1746 1747
788 9 2 3 3 1060 1063 1064 1669 1748 1749
789 9 2 3 3 1034 1033 1035 1742 1750 1751
790 9 2 3 3 1044 1043 1045 1744 1752 1753
791 9 2 3 3 1054 1053 1055 1746 1754 1755
792 9 2 3 3 1064 1063 1065 1748 1756 1757
793 9 2 3 3 1102 1069 1103 1682 1758 1235
794 9 2 3 3 1104 1074 1105 1683 1759 1238
795 9 2 3 3 1106 1079 1107 1684 1760 1241
796 9 2 3 3 1108 1084 1109 1685 1761 1244
797 9 2 3 3 49 48 994 57 1762 1294
798 9 2 3 3 66 65 995 74 1763 1296
799 9 2 3 3 83 82 996 91 1764 1298
800 9 2 3 3 100 99 997 108 1765 1300
801 9 2 3 3 5 103 990 112 1766 1767
802 9 2 3 3 6 52 991 61 1768 1769
803 9 2 3 3 7 69 992 78 1770 1771
804 9 2 3 3 8 86 993 95 1772 1773
805 9 2 3 3 51 50 982 59 1774 1318
806 9 2 3 3 68 67 983 76 1775 1320
807 9 2 3 3 85 84 984 93 1776 1322
808 9 2 3 3 102 101 985 110 1777 1324
809 9 2 3 3 47 46 986 55 1510 1310
810 9 2 3 3 64 63 987 72 1512 1312
811 9 2 3 3 81 80 988 89 1514 1314
812 9 2 3 3 98 97 989 106 1516 1316
813 9 2 3 3 1103 1069 1162 1758 1594 1487
814 9 2 3 3 1105 1074 1163 1759 1595 1490
815 9 2 3 3 1107 1079 1164 1760 1596 1493
816 9 2 3 3 1109 1084 1165 1761 1597 1496
817 9 2 3 3 1034 1035 1094 1751 1614 1778
818 9 2 3 3 1044 1045 1095 1753 1616 1779
819 9 2 3 3 1054 1055 1096 1755 1618 1780
820 9 2 3 3 1064 1065 1097 1757 1620 1781
821 9 2 3 3 982 50 1114 1774 1534 1499
822 9 2 3 3 983 67 1115 1775 1535 1502
823 9 2 3 3 984 84 1116 1776 1536 1505
824 9 2 3 3 985 101 1117 1777 1537 1508
825 9 2 3 3 994 1028 1029 1782 1783 1222
826 9 2 3 3 995 1038 1039 1784 1785 1225
827 9 2 3 3 996 1048 1049 1786 1787 1228
828 9 2 3 3 997 1058 1059 1788 1789 1231
829 9 2 3 3 994 48 1026 1762 1538 1790
830 9 2 3 3 995 65 1036 1763 1539 1791
831 9 2 3 3 996 82 1046 1764 1540 1792
832 9 2 3 3 997 99 1056 1765 1541 1793
833 9 2 3 3 991 52 1066 1768 1542 1794
834 9 2 3 3 992 69 1071 1770 1543 1795
835 9 2 3 3 993 86 1076 1772 1544 1796
836 9 2 3 3 990 103 1081 1766 1545 1797
837 9 2 3 3 990 1083 1085 1798 1799 1800
838 9 2 3 3 991 1068 1070 1801 1802 1803
839 9 2 3 3 992 1073 1075 1804 1805 1806
840 9 2 3 3 993 1078 1080 1807 1808 1809
841 9 2 3 3 1014 1118 1166 1558 1639 1810
842 9 2 3 3 1015 1120 1167 1560 1641 1811
843 9 2 3 3 1016 1122 1168 1562 1643 1812
844 9 2 3 3 1017 1124 1169 1564 1645 1813
845 9 2 3 3 1029 1031 1110 1814 1815 1816
846 9 2 3 3 1039 1041 1111 1817 1818 1819
847 9 2 3 3 1049 1051 1112 1820 1821 1822
848 9 2 3 3 1059 1061 1113 1823 1824 1825
849 9 2 3 3 1034 1094 1118 1778 1284 1826
850 9 2 3 3 1044 1095 1120 1779 1287 1827
851 9 2 3 3 1054 1096 1122 1780 1290 1828
852 9 2 3 3 1064 1097 1124 1781 1293 1829
853 9 2 3 3 994 1026 1028 1790 1830 1782
854 9 2 3 3 995 1036 1038 1791 1831 1784
855 9 2 3 3 996 1046 1048 1792 1832 1786
856 9 2 3 3 997 1056 1058 1793 1833 1788
857 9 2 3 3 990 1081 1083 1797 1834 1798
858 9 2 3 3 991 1066 1068 1794 1835 1801
859 9 2 3 3 992 1071 1073 1795 1836 1804
860 9 2 3 3 993 1076 1078 1796 1837 1807
861 9 2 3 3 1029 1028 1031 1783 1838 1814
862 9 2 3 3 1039 1038 1041 1785 1839 1817
863 9 2 3 3 1049 1048 1051 1787 1840 1820
864 9 2 3 3 1059 1058 1061 1789 1841 1823
865 9 2 3 3 1070 1068 1099 1802 1248 1658
866 9 2 3 3 1075 1073 1100 1805 1251 1660
867 9 2 3 3 1080 1078 1101 1808 1254 1662
868 9 2 3 3 1085 1083 1098 1799 1257 1664
869 9 2 3 3 1158 1103 1190 1402 1519 1842
870 9 2 3 3 1159 1105 1191 1404 1521 1843
871 9 2 3 3 1160 1107 1192 1406 1523 1844
872 9 2 3 3 1161 1109 1193 1408 1525 1845
873 9 2 3 3 1028 1086 1218 1846 1424 1847
874 9 2 3 3 1038 1087 1219 1848 1427 1849
875 9 2 3 3 1048 1088 1220 1850 1430 1851
876 9 2 3 3 1058 1089 1221 1852 1433 1853
877 9 2 3 3 1032 1030 1130 1678 1854 1598
878 9 2 3 3 1042 1040 1131 1679 1855 1600
879 9 2 3 3 1052 1050 1132 1680 1856 1602
880 9 2 3 3 1062 1060 1133 1681 1857 1604
881 9 2 3 3 1030 1034 1130 1743 1858 1854
882 9 2 3 3 1040 1044 1131 1745 1859 1855
883 9 2 3 3 1050 1054 1132 1747 1860 1856
884 9 2 3 3 1060 1064 1133 1749 1861 1857
885 9 2 3 3 45 1142 1186 1583 1862 1482
886 9 2 3 3 62 1143 1187 1585 1863 1483
887 9 2 3 3 79 1144 1188 1587 1864 1484
888 9 2 3 3 96 1145 1189 1589 1865 1485
889 9 2 3 3 1090 1068 1214 1246 1866 1867
890 9 2 3 3 1091 1073 1215 1249 1868 1869
891 9 2 3 3 1092 1078 1216 1252 1870 1871
892 9 2 3 3 1093 1083 1217 1255 1872 1873
893 9 2 3 3 1086 1028 1210 1846 1874 1875
894 9 2 3 3 1087 1038 1211 1848 1876 1877
895 9 2 3 3 1088 1048 1212 1850 1878 1879
896 9 2 3 3 1089 1058 1213 1852 1880 1881
897 9 2 3 3 1027 1086 1210 1392 1875 1882
898 9 2 3 3 1037 1087 1211 1395 1877 1883
899 9 2 3 3 1047 1088 1212 1398 1879 1884
900 9 2 3 3 1057 1089 1213 1401 1881 1885
901 9 2 3 3 1067 1090 1214 1382 1867 1886
902 9 2 3 3 1072 1091 1215 1384 1869 1887
903 9 2 3 3 1077 1092 1216 1386 1871 1888
904 9 2 3 3 1082 1093 1217 1388 1873 1889
905 9 2 3 3 1119 1018 1174 1890 1891 1892
906 9 2 3 3 1121 1019 1175 1893 1894 1895
907 9 2 3 3 1123 1020 1176 1896 1897 1898
908 9 2 3 3 1125 1021 1177 1899 1900 1901
909 9 2 3 3 1034 1118 1130 1826 1559 1858
910 9 2 3 3 1044 1120 1131 1827 1561 1859
911 9 2 3 3 1054 1122 1132 1828 1563 1860
912 9 2 3 3 1064 1124 1133 1829 1565 1861
913 9 2 3 3 990 1085 1142 1800 1375 1902
914 9 2 3 3 991 1070 1143 1803 1377 1903
915 9 2 3 3 992 1075 1144 1806 1379 1904
916 9 2 3 3 993 1080 1145 1809 1381 1905
917 9 2 3 3 1134 1032 1135 1470 1599 1906
918 9 2 3 3 1136 1042 1137 1471 1601 1907
919 9 2 3 3 1138 1052 1139 1472 1603 1908
920 9 2 3 3 1140 1062 1141 1473 1605 1909
921 9 2 3 3 1018 1119 1206 1890 1910 1411
922 9 2 3 3 1019 1121 1207 1893 1911 1414
923 9 2 3 3 1020 1123 1208 1896 1912 1417
924 9 2 3 3 1021 1125 1209 1899 1913 1420
925 9 2 3 3 998 1119 1174 1303 1892 1914
926 9 2 3 3 999 1121 1175 1305 1895 1915
927 9 2 3 3 1000 1123 1176 1307 1898 1916
928 9 2 3 3 1001 1125 1177 1309 1901 1917
929 9 2 3 3 5 990 1142 1767 1902 1582
930 9 2 3 3 6 991 1143 1769 1903 1584
931 9 2 3 3 7 992 1144 1771 1904 1586
932 9 2 3 3 8 993 1145 1773 1905 1588
933 9 2 3 3 1110 1031 1146 1815 1918 1606
934 9 2 3 3 1111 1041 1148 1818 1919 1608
935 9 2 3 3 1112 1051 1150 1821 1920 1610
936 9 2 3 3 1113 1061 1152 1824 1921 1612
937 9 2 3 3 1146 1031 1147 1918 1922 1646
938 9 2 3 3 1148 1041 1149 1919 1923 1649
939 9 2 3 3 1150 1051 1151 1920 1924 1652
940 9 2 3 3 1152 1061 1153 1921 1925 1655
941 9 2 3 3 123 1022 1158 1687 1403 1926
942 9 2 3 3 154 1023 1159 1689 1405 1927
943 9 2 3 3 185 1024 1160 1691 1407 1928
944 9 2 3 3 216 1025 1161 1693 1409 1929
945 9 2 3 3 1006 122 1158 1714 1930 1931
946 9 2 3 3 1007 153 1159 1716 1932 1933
947 9 2 3 3 1008 184 1160 1718 1934 1935
948 9 2 3 3 1009 215 1161 1720 1936 1937
949 9 2 3 3 122 123 1158 138 1926 1930
950 9 2 3 3 153 154 1159 169 1927 1932
951 9 2 3 3 184 185 1160 200 1928 1934
952 9 2 3 3 215 216 1161 231 1929 1936
953 9 2 3 3 1119 1094 1181 1302 1615 1938
954 9 2 3 3 1121 1095 1178 1304 1617 1939
955 9 2 3 3 1123 1096 1179 1306 1619 1940
956 9 2 3 3 1125 1097 1180 1308 1621 1941
957 9 2 3 3 1031 1028 1218 1838 1847 1942
958 9 2 3 3 1041 1038 1219 1839 1849 1943
959 9 2 3 3 1051 1048 1220 1840 1851 1944
960 9 2 3 3 1061 1058 1221 1841 1853 1945
961 9 2 3 3 1026 1027 1210 1260 1882 1946
962 9 2 3 3 1036 1037 1211 1263 1883 1947
963 9 2 3 3 1046 1047 1212 1266 1884 1948
964 9 2 3 3 1056 1057 1213 1269 1885 1949
965 9 2 3 3 1066 1067 1214 1272 1886 1950
966 9 2 3 3 1071 1072 1215 1275 1887 1951
967 9 2 3 3 1076 1077 1216 1278 1888 1952
968 9 2 3 3 1081 1082 1217 1281 1889 1953
969 9 2 3 3 115 1014 1166 1702 1810 1954
970 9 2 3 3 146 1015 1167 1703 1811 1955
971 9 2 3 3 177 1016 1168 1704 1812 1956
972 9 2 3 3 208 1017 1169 1705 1813 1957
973 9 2 3 3 998 114 1166 1730 1958 1638
974 9 2 3 3 999 145 1167 1732 1959 1640
975 9 2 3 3 1000 176 1168 1734 1960 1642
976 9 2 3 3 1001 207 1169 1736 1961 1644
977 9 2 3 3 1134 1135 1182 1906 1567 1962
978 9 2 3 3 1136 1137 1183 1907 1569 1963
979 9 2 3 3 1138 1139 1184 1908 1571 1964
980 9 2 3 3 1140 1141 1185 1909 1573 1965
981 9 2 3 3 127 1019 1170 1697 1477 1966
982 9 2 3 3 158 1020 1171 1699 1479 1967
983 9 2 3 3 189 1021 1172 1701 1481 1968
984 9 2 3 3 220 1018 1173 1695 1475 1969
985 9 2 3 3 1002 126 1170 1722 1970 1971
986 9 2 3 3 1003 157 1171 1724 1972 1973
987 9 2 3 3 1004 188 1172 1726 1974 1975
988 9 2 3 3 1005 219 1173 1728 1976 1977
989 9 2 3 3 1018 9 1174 1694 1978 1891
990 9 2 3 3 1019 10 1175 1696 1979 1894
991 9 2 3 3 1020 11 1176 1698 1980 1897
992 9 2 3 3 1021 12 1177 1700 1981 1900
993 9 2 3 3 113 998 1174 1731 1914 1982
994 9 2 3 3 144 999 1175 1733 1915 1983
995 9 2 3 3 175 1000 1176 1735 1916 1984
996 9 2 3 3 206 1001 1177 1737 1917 1985
997 9 2 3 3 1029 1110 1162 1816 1488 1526
998 9 2 3 3 1039 1111 1163 1819 1491 1528
999 9 2 3 3 1049 1112 1164 1822 1494 1530
1000 9 2 3 3 1059 1113 1165 1825 1497 1532
1001 9 2 3 3 118 1010 1182 1707 1986 1987
1002 9 2 3 3 149 1011 1183 1709 1988 1989
1003 9 2 3 3 180 1012 1184 1711 1990 1991
1004 9 2 3 3 211 1013 1185 1713 1992 1993
1005 9 2 3 3 1022 124 1202 1686 1994 1995
1006 9 2 3 3 1023 155 1203 1688 1996 1997
1007 9 2 3 3 1024 186 1204 1690 1998 1999
1008 9 2 3 3 1025 217 1205 1692 2000 2001
1009 9 2 3 3 125 1002 1202 1723 2002 2003
1010 9 2 3 3 156 1003 1203 1725 2004 2005
1011 9 2 3 3 187 1004 1204 1727 2006 2007
1012 9 2 3 3 218 1005 1205 1729 2008 2009
1013 9 2 3 3 121 1006 1194 1715 2010 2011
1014 9 2 3 3 152 1007 1195 1717 2012 2013
1015 9 2 3 3 183 1008 1196 1719 2014 2015
1016 9 2 3 3 214 1009 1197 1721 2016 2017
1017 9 2 3 3 1010 119 1198 1706 2018 2019
1018 9 2 3 3 1011 150 1199 1708 2020 2021
1019 9 2 3 3 1012 181 1200 1710 2022 2023
1020 9 2 3 3 1013 212 1201 1712 2024 2025
1021 9 2 3 3 114 115 1166 130 1954 1958
1022 9 2 3 3 145 146 1167 161 1955 1959
1023 9 2 3 3 176 177 1168 192 1956 1960
1024 9 2 3 3 207 208 1169 223 1957 1961
1025 9 2 3 3 1126 1022 1202 1454 1995 2026
1026 9 2 3 3 1127 1023 1203 1455 1997 2027
1027 9 2 3 3 1128 1024 1204 1456 1999 2028
1028 9 2 3 3 1129 1025 1205 1457 2001 2029
1029 9 2 3 3 1002 1126 1202 1328 2026 2002
1030 9 2 3 3 1003 1127 1203 1331 2027 2004
1031 9 2 3 3 1004 1128 1204 1334 2028 2006
1032 9 2 3 3 1005 1129 1205 1337 2029 2008
1033 9 2 3 3 1147 1010 1198 1630 2019 1670
1034 9 2 3 3 1149 1011 1199 1632 2021 1672
1035 9 2 3 3 1151 1012 1200 1634 2023 1674
1036 9 2 3 3 1153 1013 1201 1636 2025 1676
1037 9 2 3 3 1010 1134 1182 1447 1962 1986
1038 9 2 3 3 1011 1136 1183 1449 1963 1988
1039 9 2 3 3 1012 1138 1184 1451 1964 1990
1040 9 2 3 3 1013 1140 1185 1453 1965 1992
1041 9 2 3 3 1154 1002 1170 1466 1971 1476
1042 9 2 3 3 1155 1003 1171 1467 1973 1478
1043 9 2 3 3 1156 1004 1172 1468 1975 1480
1044 9 2 3 3 1157 1005 1173 1469 1977 1474
1045 9 2 3 3 1006 1146 1194 1622 1648 2010
1046 9 2 3 3 1007 1148 1195 1624 1651 2012
1047 9 2 3 3 1008 1150 1196 1626 1654 2014
1048 9 2 3 3 1009 1152 1197 1628 1657 2016
1049 9 2 3 3 126 127 1170 142 1966 1970
1050 9 2 3 3 157 158 1171 173 1967 1972
1051 9 2 3 3 188 189 1172 204 1968 1974
1052 9 2 3 3 219 220 1173 235 1969 1976
1053 9 2 3 3 9 113 1174 128 1982 1978
1054 9 2 3 3 10 144 1175 159 1983 1979
1055 9 2 3 3 11 175 1176 190 1984 1980
1056 9 2 3 3 12 206 1177 221 1985 1981
1057 9 2 3 3 1028 1026 1210 1830 1946 1874
1058 9 2 3 3 1038 1036 1211 1831 1947 1876
1059 9 2 3 3 1048 1046 1212 1832 1948 1878
1060 9 2 3 3 1058 1056 1213 1833 1949 1880
1061 9 2 3 3 1068 1066 1214 1835 1950 1866
1062 9 2 3 3 1073 1071 1215 1836 1951 1868
1063 9 2 3 3 1078 1076 1216 1837 1952 1870
1064 9 2 3 3 1083 1081 1217 1834 1953 1872
1065 9 2 3 3 1119 1181 1206 1938 1738 1910
1066 9 2 3 3 1121 1178 1207 1939 1739 1911
1067 9 2 3 3 1123 1179 1208 1940 1740 1912
1068 9 2 3 3 1125 1180 1209 1941 1741 1913
1069 9 2 3 3 117 118 1182 133 1987 1566
1070 9 2 3 3 148 149 1183 164 1989 1568
1071 9 2 3 3 179 180 1184 195 1991 1570
1072 9 2 3 3 210 211 1185 226 1993 1572
1073 9 2 3 3 1035 1033 1186 1750 1436 2030
1074 9 2 3 3 1045 1043 1187 1752 1439 2031
1075 9 2 3 3 1055 1053 1188 1754 1442 2032
1076 9 2 3 3 1065 1063 1189 1756 1445 2033
1077 9 2 3 3 1006 1158 1190 1931 1842 1623
1078 9 2 3 3 1007 1159 1191 1933 1843 1625
1079 9 2 3 3 1008 1160 1192 1935 1844 1627
1080 9 2 3 3 1009 1161 1193 1937 1845 1629
1081 9 2 3 3 120 121 1194 136 2011 2034
1082 9 2 3 3 151 152 1195 167 2013 2035
1083 9 2 3 3 182 183 1196 198 2015 2036
1084 9 2 3 3 213 214 1197 229 2017 2037
1085 9 2 3 3 119 120 1198 135 2038 2018
1086 9 2 3 3 150 151 1199 166 2039 2020
1087 9 2 3 3 181 182 1200 197 2040 2022
1088 9 2 3 3 212 213 1201 228 2041 2024
1089 9 2 3 3 1142 1035 1186 1374 2030 1862
1090 9 2 3 3 1143 1045 1187 1376 2031 1863
1091 9 2 3 3 1144 1055 1188 1378 2032 1864
1092 9 2 3 3 1145 1065 1189 1380 2033 1865
1093 9 2 3 3 124 125 1202 140 2003 1994
1094 9 2 3 3 155 156 1203 171 2005 1996
1095 9 2 3 3 186 187 1204 202 2007 1998
1096 9 2 3 3 217 218 1205 233 2009 2000
1097 9 2 3 3 1147 1031 1218 1922 1942 1631
1098 9 2 3 3 1149 1041 1219 1923 1943 1633
1099 9 2 3 3 1151 1051 1220 1924 1944 1635
1100 9 2 3 3 1153 1061 1221 1925 1945 1637
1101 9 2 3 3 120 1194 1198 2034 1671 2038
1102 9 2 3 3 151 1195 1199 2035 1673 2039
1103 9 2 3 3 182 1196 1200 2036 1675 2040
1104 9 2 3 3 213 1197 1201 2037 1677 2041
1105 9 2 4 4 291 2051 2059 2158 2159 2160
1106 9 2 4 4 328 2052 2060 2161 2162 2163
1107 9 2 4 4 365 2050 2061 2164 2165 2166
1108 9 2 4 4 254 2053 2058 2167 2168 2169
1109 9 2 4 4 248 2045 2074 2170 2171 2172
1110 9 2 4 4 285 2042 2075 2173 2174 2175
1111 9 2 4 4 322 2043 2076 2176 2177 2178
1112 9 2 4 4 359 2044 2077 2179 2180 2181
1113 9 2 4 4 242 2046 2066 2182 2183 2184
1114 9 2 4 4 279 2047 2067 2185 2186 2187
1115 9 2 4 4 316 2048 2068 2188 2189 2190
1116 9 2 4 4 353 2049 2069 2191 2192 2193
1117 9 2 4 4 290 291 2059 309 2160 2194
1118 9 2 4 4 327 328 2060 346 2163 2195
1119 9 2 4 4 364 365 2061 383 2166 2196
1120 9 2 4 4 253 254 2058 272 2169 2197
1121 9 2 4 4 247 248 2074 266 2172 2198
1122 9 2 4 4 284 285 2075 303 2175 2199
1123 9 2 4 4 321 322 2076 340 2178 2200
1124 9 2 4 4 358 359 2077 377 2181 2201
1125 9 2 4 4 2046 242 2146 2182 2202 2203
1126 9 2 4 4 2047 279 2147 2185 2204 2205
1127 9 2 4 4 2048 316 2148 2188 2206 2207
1128 9 2 4 4 2049 353 2149 2191 2208 2209
1129 9 2 4 4 241 242 2066 260 2184 2210
1130 9 2 4 4 278 279 2067 297 2187 2211
1131 9 2 4 4 315 316 2068 334 2190 2212
1132 9 2 4 4 352 353 2069 371 2193 2213
1133 9 2 4 4 242 243 2146 261 2214 2202
1134 9 2 4 4 279 280 2147 298 2215 2204
1135 9 2 4 4 316 317 2148 335 2216 2206
1136 9 2 4 4 353 354 2149 372 2217 2208
1137 9 2 4 4 2042 285 2151 2173 2218 2219
1138 9 2 4 4 2043 322 2152 2176 2220 2221
1139 9 2 4 4 2044 359 2153 2179 2222 2223
1140 9 2 4 4 2045 248 2150 2170 2224 2225
1141 9 2 4 4 2051 291 2155 2158 2226 2227
1142 9 2 4 4 2052 328 2156 2161 2228 2229
1143 9 2 4 4 2050 365 2154 2164 2230 2231
1144 9 2 4 4 2053 254 2157 2167 2232 2233
1145 9 2 4 4 241 2066 2134 2210 2234 2235
1146 9 2 4 4 278 2067 2135 2211 2236 2237
1147 9 2 4 4 315 2068 2136 2212 2238 2239
1148 9 2 4 4 352 2069 2137 2213 2240 2241
1149 9 2 4 4 2059 157 2099 2242 2243 2244
1150 9 2 4 4 2060 188 2100 2245 2246 2247
1151 9 2 4 4 2061 219 2101 2248 2249 2250
1152 9 2 4 4 2058 126 2098 2251 2252 2253
1153 9 2 4 4 2074 121 2090 2254 2255 2256
1154 9 2 4 4 2075 152 2091 2257 2258 2259
1155 9 2 4 4 2076 183 2092 2260 2261 2262
1156 9 2 4 4 2077 214 2093 2263 2264 2265
1157 9 2 4 4 2066 116 2089 2266 2267 2268
1158 9 2 4 4 2067 147 2086 2269 2270 2271
1159 9 2 4 4 2068 178 2087 2272 2273 2274
1160 9 2 4 4 2069 209 2088 2275 2276 2277
1161 9 2 4 4 285 286 2151 304 2278 2218
1162 9 2 4 4 322 323 2152 341 2279 2220
1163 9 2 4 4 359 360 2153 378 2280 2222
1164 9 2 4 4 248 249 2150 267 2281 2224
1165 9 2 4 4 237 2142 2154 2282 2283 2284
1166 9 2 4 4 311 2144 2155 2285 2286 2287
1167 9 2 4 4 348 2145 2156 2288 2289 2290
1168 9 2 4 4 274 2143 2157 2291 2292 2293
1169 9 2 4 4 247 2074 2126 2198 2294 2295
1170 9 2 4 4 284 2075 2127 2199 2296 2297
1171 9 2 4 4 321 2076 2128 2200 2298 2299
1172 9 2 4 4 358 2077 2129 2201 2300 2301
1173 9 2 4 4 14 274 2157 292 2293 2302
1174 9 2 4 4 13 237 2154 255 2284 2303
1175 9 2 4 4 15 311 2155 329 2287 2304
1176 9 2 4 4 16 348 2156 366 2290 2305
1177 9 2 4 4 365 13 2154 384 2303 2230
1178 9 2 4 4 254 14 2157 273 2302 2232
1179 9 2 4 4 291 15 2155 310 2304 2226
1180 9 2 4 4 328 16 2156 347 2305 2228
1181 9 2 4 4 287 2139 2151 2306 2307 2308
1182 9 2 4 4 324 2140 2152 2309 2310 2311
1183 9 2 4 4 361 2141 2153 2312 2313 2314
1184 9 2 4 4 250 2138 2150 2315 2316 2317
1185 9 2 4 4 2066 2089 2134 2268 2318 2234
1186 9 2 4 4 2067 2086 2135 2271 2319 2236
1187 9 2 4 4 2068 2087 2136 2274 2320 2238
1188 9 2 4 4 2069 2088 2137 2277 2321 2240
1189 9 2 4 4 2074 2090 2126 2256 2322 2294
1190 9 2 4 4 2075 2091 2127 2259 2323 2296
1191 9 2 4 4 2076 2092 2128 2262 2324 2298
1192 9 2 4 4 2077 2093 2129 2265 2325 2300
1193 9 2 4 4 127 126 2058 142 2251 2326
1194 9 2 4 4 158 157 2059 173 2242 2327
1195 9 2 4 4 189 188 2060 204 2245 2328
1196 9 2 4 4 220 219 2061 235 2248 2329
1197 9 2 4 4 122 121 2074 137 2254 2330
1198 9 2 4 4 153 152 2075 168 2257 2331
1199 9 2 4 4 184 183 2076 199 2260 2332
1200 9 2 4 4 215 214 2077 230 2263 2333
1201 9 2 4 4 117 116 2066 132 2266 2334
1202 9 2 4 4 148 147 2067 163 2269 2335
1203 9 2 4 4 179 178 2068 194 2272 2336
1204 9 2 4 4 210 209 2069 225 2275 2337
1205 9 2 4 4 290 2059 2118 2194 2338 2339
1206 9 2 4 4 327 2060 2119 2195 2340 2341
1207 9 2 4 4 364 2061 2120 2196 2342 2343
1208 9 2 4 4 253 2058 2121 2197 2344 2345
1209 9 2 4 4 2090 120 2094 2346 2347 2348
1210 9 2 4 4 2091 151 2095 2349 2350 2351
1211 9 2 4 4 2092 182 2096 2352 2353 2354
1212 9 2 4 4 2093 213 2097 2355 2356 2357
1213 9 2 4 4 2086 146 2103 2358 2359 2360
1214 9 2 4 4 2087 177 2104 2361 2362 2363
1215 9 2 4 4 2088 208 2105 2364 2365 2366
1216 9 2 4 4 2089 115 2102 2367 2368 2369
1217 9 2 4 4 156 2082 2099 2370 2371 2372
1218 9 2 4 4 187 2083 2100 2373 2374 2375
1219 9 2 4 4 218 2084 2101 2376 2377 2378
1220 9 2 4 4 125 2085 2098 2379 2380 2381
1221 9 2 4 4 119 2062 2094 2382 2383 2384
1222 9 2 4 4 150 2063 2095 2385 2386 2387
1223 9 2 4 4 181 2064 2096 2388 2389 2390
1224 9 2 4 4 212 2065 2097 2391 2392 2393
1225 9 2 4 4 124 2073 2085 2394 2395 2396
1226 9 2 4 4 155 2070 2082 2397 2398 2399
1227 9 2 4 4 186 2071 2083 2400 2401 2402
1228 9 2 4 4 217 2072 2084 2403 2404 2405
1229 9 2 4 4 114 2078 2102 2406 2407 2408
1230 9 2 4 4 145 2079 2103 2409 2410 2411
1231 9 2 4 4 176 2080 2104 2412 2413 2414
1232 9 2 4 4 207 2081 2105 2415 2416 2417
1233 9 2 4 4 118 2046 2062 2418 2419 2420
1234 9 2 4 4 149 2047 2063 2421 2422 2423
1235 9 2 4 4 180 2048 2064 2424 2425 2426
1236 9 2 4 4 211 2049 2065 2427 2428 2429
1237 9 2 4 4 123 2045 2073 2430 2431 2432
1238 9 2 4 4 154 2042 2070 2433 2434 2435
1239 9 2 4 4 185 2043 2071 2436 2437 2438
1240 9 2 4 4 216 2044 2072 2439 2440 2441
1241 9 2 4 4 9 2050 2054 2442 2443 2444
1242 9 2 4 4 11 2051 2055 2445 2446 2447
1243 9 2 4 4 12 2052 2056 2448 2449 2450
1244 9 2 4 4 10 2053 2057 2451 2452 2453
1245 9 2 4 4 113 2054 2078 2454 2455 2456
1246 9 2 4 4 175 2055 2080 2457 2458 2459
1247 9 2 4 4 206 2056 2081 2460 2461 2462
1248 9 2 4 4 144 2057 2079 2463 2464 2465
1249 9 2 4 4 2058 2098 2121 2253 2466 2344
1250 9 2 4 4 2059 2099 2118 2244 2467 2338
1251 9 2 4 4 2060 2100 2119 2247 2468 2340
1252 9 2 4 4 2061 2101 2120 2250 2469 2342
1253 9 2 4 4 244 2130 2146 2470 2471 2472
1254 9 2 4 4 281 2131 2147 2473 2474 2475
1255 9 2 4 4 318 2132 2148 2476 2477 2478
1256 9 2 4 4 355 2133 2149 2479 2480 2481
1257 9 2 4 4 2117 240 2134 2482 2483 2484
1258 9 2 4 4 2114 277 2135 2485 2486 2487
1259 9 2 4 4 2115 314 2136 2488 2489 2490
1260 9 2 4 4 2116 351 2137 2491 2492 2493
1261 9 2 4 4 2089 2117 2134 2494 2484 2318
1262 9 2 4 4 2086 2114 2135 2495 2487 2319
1263 9 2 4 4 2087 2115 2136 2496 2490 2320
1264 9 2 4 4 2088 2116 2137 2497 2493 2321
1265 9 2 4 4 2106 246 2126 2498 2499 2500
1266 9 2 4 4 2107 283 2127 2501 2502 2503
1267 9 2 4 4 2108 320 2128 2504 2505 2506
1268 9 2 4 4 2109 357 2129 2507 2508 2509
1269 9 2 4 4 2090 2106 2126 2510 2500 2322
1270 9 2 4 4 2091 2107 2127 2511 2503 2323
1271 9 2 4 4 2092 2108 2128 2512 2506 2324
1272 9 2 4 4 2093 2109 2129 2513 2509 2325
1273 9 2 4 4 2110 252 2121 2514 2515 2516
1274 9 2 4 4 2111 289 2118 2517 2518 2519
1275 9 2 4 4 2112 326 2119 2520 2521 2522
1276 9 2 4 4 2113 363 2120 2523 2524 2525
1277 9 2 4 4 2099 2111 2118 2526 2519 2467
1278 9 2 4 4 2100 2112 2119 2527 2522 2468
1279 9 2 4 4 2101 2113 2120 2528 2525 2469
1280 9 2 4 4 2098 2110 2121 2529 2516 2466
1281 9 2 4 4 238 2122 2142 2530 2531 2532
1282 9 2 4 4 275 2123 2143 2533 2534 2535
1283 9 2 4 4 312 2124 2144 2536 2537 2538
1284 9 2 4 4 349 2125 2145 2539 2540 2541
1285 9 2 4 4 249 250 2150 268 2317 2281
1286 9 2 4 4 286 287 2151 305 2308 2278
1287 9 2 4 4 323 324 2152 342 2311 2279
1288 9 2 4 4 360 361 2153 379 2314 2280
1289 9 2 4 4 288 2111 2139 2542 2543 2544
1290 9 2 4 4 325 2112 2140 2545 2546 2547
1291 9 2 4 4 362 2113 2141 2548 2549 2550
1292 9 2 4 4 251 2110 2138 2551 2552 2553
1293 9 2 4 4 126 125 2098 141 2381 2252
1294 9 2 4 4 157 156 2099 172 2372 2243
1295 9 2 4 4 188 187 2100 203 2375 2246
1296 9 2 4 4 219 218 2101 234 2378 2249
1297 9 2 4 4 146 145 2103 161 2411 2359
1298 9 2 4 4 177 176 2104 192 2414 2362
1299 9 2 4 4 208 207 2105 223 2417 2365
1300 9 2 4 4 115 114 2102 130 2408 2368
1301 9 2 4 4 120 119 2094 135 2384 2347
1302 9 2 4 4 151 150 2095 166 2387 2350
1303 9 2 4 4 182 181 2096 197 2390 2353
1304 9 2 4 4 213 212 2097 228 2393 2356
1305 9 2 4 4 121 120 2090 136 2346 2255
1306 9 2 4 4 152 151 2091 167 2349 2258
1307 9 2 4 4 183 182 2092 198 2352 2261
1308 9 2 4 4 214 213 2093 229 2355 2264
1309 9 2 4 4 147 146 2086 162 2358 2270
1310 9 2 4 4 178 177 2087 193 2361 2273
1311 9 2 4 4 209 208 2088 224 2364 2276
1312 9 2 4 4 116 115 2089 131 2367 2267
1313 9 2 4 4 156 155 2082 171 2399 2370
1314 9 2 4 4 187 186 2083 202 2402 2373
1315 9 2 4 4 218 217 2084 233 2405 2376
1316 9 2 4 4 125 124 2085 140 2396 2379
1317 9 2 4 4 9 220 2050 236 2554 2442
1318 9 2 4 4 10 127 2053 143 2555 2451
1319 9 2 4 4 11 158 2051 174 2556 2445
1320 9 2 4 4 12 189 2052 205 2557 2448
1321 9 2 4 4 123 122 2045 138 2558 2430
1322 9 2 4 4 154 153 2042 169 2559 2433
1323 9 2 4 4 185 184 2043 200 2560 2436
1324 9 2 4 4 216 215 2044 231 2561 2439
1325 9 2 4 4 118 117 2046 133 2562 2418
1326 9 2 4 4 149 148 2047 164 2563 2421
1327 9 2 4 4 180 179 2048 195 2564 2424
1328 9 2 4 4 211 210 2049 226 2565 2427
1329 9 2 4 4 119 118 2062 134 2420 2382
1330 9 2 4 4 150 149 2063 165 2423 2385
1331 9 2 4 4 181 180 2064 196 2426 2388
1332 9 2 4 4 212 211 2065 227 2429 2391
1333 9 2 4 4 155 154 2070 170 2435 2397
1334 9 2 4 4 186 185 2071 201 2438 2400
1335 9 2 4 4 217 216 2072 232 2441 2403
1336 9 2 4 4 124 123 2073 139 2432 2394
1337 9 2 4 4 113 9 2054 128 2444 2454
1338 9 2 4 4 144 10 2057 159 2453 2463
1339 9 2 4 4 175 11 2055 190 2447 2457
1340 9 2 4 4 206 12 2056 221 2450 2460
1341 9 2 4 4 114 113 2078 129 2456 2406
1342 9 2 4 4 145 144 2079 160 2465 2409
1343 9 2 4 4 176 175 2080 191 2459 2412
1344 9 2 4 4 207 206 2081 222 2462 2415
1345 9 2 4 4 2051 158 2059 2556 2327 2159
1346 9 2 4 4 2052 189 2060 2557 2328 2162
1347 9 2 4 4 2050 220 2061 2554 2329 2165
1348 9 2 4 4 2053 127 2058 2555 2326 2168
1349 9 2 4 4 2042 153 2075 2559 2331 2174
1350 9 2 4 4 2043 184 2076 2560 2332 2177
1351 9 2 4 4 2044 215 2077 2561 2333 2180
1352 9 2 4 4 2045 122 2074 2558 2330 2171
1353 9 2 4 4 2046 117 2066 2562 2334 2183
1354 9 2 4 4 2047 148 2067 2563 2335 2186
1355 9 2 4 4 2048 179 2068 2564 2336 2189
1356 9 2 4 4 2049 210 2069 2565 2337 2192
1357 9 2 4 4 2142 2054 2154 2566 2567 2283
1358 9 2 4 4 2144 2055 2155 2568 2569 2286
1359 9 2 4 4 2145 2056 2156 2570 2571 2289
1360 9 2 4 4 2143 2057 2157 2572 2573 2292
1361 9 2 4 4 2138 2073 2150 2574 2575 2316
1362 9 2 4 4 2139 2070 2151 2576 2577 2307
1363 9 2 4 4 2140 2071 2152 2578 2579 2310
1364 9 2 4 4 2141 2072 2153 2580 2581 2313
1365 9 2 4 4 245 2106 2130 2582 2583 2584
1366 9 2 4 4 282 2107 2131 2585 2586 2587
1367 9 2 4 4 319 2108 2132 2588 2589 2590
1368 9 2 4 4 356 2109 2133 2591 2592 2593
1369 9 2 4 4 2130 2062 2146 2594 2595 2471
1370 9 2 4 4 2131 2063 2147 2596 2597 2474
1371 9 2 4 4 2132 2064 2148 2598 2599 2477
1372 9 2 4 4 2133 2065 2149 2600 2601 2480
1373 9 2 4 4 276 2114 2123 2602 2603 2604
1374 9 2 4 4 313 2115 2124 2605 2606 2607
1375 9 2 4 4 350 2116 2125 2608 2609 2610
1376 9 2 4 4 239 2117 2122 2611 2612 2613
1377 9 2 4 4 2122 2078 2142 2614 2615 2531
1378 9 2 4 4 2123 2079 2143 2616 2617 2534
1379 9 2 4 4 2124 2080 2144 2618 2619 2537
1380 9 2 4 4 2125 2081 2145 2620 2621 2540
1381 9 2 4 4 2111 2082 2139 2622 2623 2543
1382 9 2 4 4 2112 2083 2140 2624 2625 2546
1383 9 2 4 4 2113 2084 2141 2626 2627 2549
1384 9 2 4 4 2110 2085 2138 2628 2629 2552
1385 9 2 4 4 2106 2094 2130 2630 2631 2583
1386 9 2 4 4 2107 2095 2131 2632 2633 2586
1387 9 2 4 4 2108 2096 2132 2634 2635 2589
1388 9 2 4 4 2109 2097 2133 2636 2637 2592
1389 9 2 4 4 2117 2102 2122 2638 2639 2612
1390 9 2 4 4 2114 2103 2123 2640 2641 2603
1391 9 2 4 4 2115 2104 2124 2642 2643 2606
1392 9 2 4 4 2116 2105 2125 2644 2645 2609
1393 9 2 4 4 243 244 2146 262 2472 2214
1394 9 2 4 4 280 281 2147 299 2475 2215
1395 9 2 4 4 317 318 2148 336 2478 2216
1396 9 2 4 4 354 355 2149 373 2481 2217
1397 9 2 4 4 237 238 2142 256 2532 2282
1398 9 2 4 4 274 275 2143 293 2535 2291
1399 9 2 4 4 311 312 2144 330 2538 2285
1400 9 2 4 4 348 349 2145 367 2541 2288
1401 9 2 4 4 240 241 2134 259 2235 2483
1402 9 2 4 4 277 278 2135 296 2237 2486
1403 9 2 4 4 314 315 2136 333 2239 2489
1404 9 2 4 4 351 352 2137 370 2241 2492
1405 9 2 4 4 2054 2050 2154 2443 2231 2567
1406 9 2 4 4 2055 2051 2155 2446 2227 2569
1407 9 2 4 4 2056 2052 2156 2449 2229 2571
1408 9 2 4 4 2057 2053 2157 2452 2233 2573
1409 9 2 4 4 2070 2042 2151 2434 2219 2577
1410 9 2 4 4 2071 2043 2152 2437 2221 2579
1411 9 2 4 4 2072 2044 2153 2440 2223 2581
1412 9 2 4 4 2073 2045 2150 2431 2225 2575
1413 9 2 4 4 2062 2046 2146 2419 2203 2595
1414 9 2 4 4 2063 2047 2147 2422 2205 2597
1415 9 2 4 4 2064 2048 2148 2425 2207 2599
1416 9 2 4 4 2065 2049 2149 2428 2209 2601
1417 9 2 4 4 2078 2054 2142 2455 2566 2615
1418 9 2 4 4 2080 2055 2144 2458 2568 2619
1419 9 2 4 4 2081 2056 2145 2461 2570 2621
1420 9 2 4 4 2079 2057 2143 2464 2572 2617
1421 9 2 4 4 2082 2070 2139 2398 2576 2623
1422 9 2 4 4 2083 2071 2140 2401 2578 2625
1423 9 2 4 4 2084 2072 2141 2404 2580 2627
1424 9 2 4 4 2085 2073 2138 2395 2574 2629
1425 9 2 4 4 2090 2094 2106 2348 2630 2510
1426 9 2 4 4 2091 2095 2107 2351 2632 2511
1427 9 2 4 4 2092 2096 2108 2354 2634 2512
1428 9 2 4 4 2093 2097 2109 2357 2636 2513
1429 9 2 4 4 2094 2062 2130 2383 2594 2631
1430 9 2 4 4 2095 2063 2131 2386 2596 2633
1431 9 2 4 4 2096 2064 2132 2389 2598 2635
1432 9 2 4 4 2097 2065 2133 2392 2600 2637
1433 9 2 4 4 2086 2103 2114 2360 2640 2495
1434 9 2 4 4 2087 2104 2115 2363 2642 2496
1435 9 2 4 4 2088 2105 2116 2366 2644 2497
1436 9 2 4 4 2089 2102 2117 2369 2638 2494
1437 9 2 4 4 2099 2082 2111 2371 2622 2526
1438 9 2 4 4 2100 2083 2112 2374 2624 2527
1439 9 2 4 4 2101 2084 2113 2377 2626 2528
1440 9 2 4 4 2098 2085 2110 2380 2628 2529
1441 9 2 4 4 2102 2078 2122 2407 2614 2639
1442 9 2 4 4 2103 2079 2123 2410 2616 2641
1443 9 2 4 4 2104 2080 2124 2413 2618 2643
1444 9 2 4 4 2105 2081 2125 2416 2620 2645
1445 9 2 4 4 287 288 2139 306 2544 2306
1446 9 2 4 4 324 325 2140 343 2547 2309
1447 9 2 4 4 361 362 2141 380 2550 2312
1448 9 2 4 4 250 251 2138 269 2553 2315
1449 9 2 4 4 246 247 2126 265 2295 2499
1450 9 2 4 4 283 284 2127 302 2297 2502
1451 9 2 4 4 320 321 2128 339 2299 2505
1452 9 2 4 4 357 358 2129 376 2301 2508
1453 9 2 4 4 244 245 2130 263 2584 2470
1454 9 2 4 4 281 282 2131 300 2587 2473
1455 9 2 4 4 318 319 2132 337 2590 2476
1456 9 2 4 4 355 356 2133 374 2593 2479
1457 9 2 4 4 252 253 2121 271 2345 2515
1458 9 2 4 4 289 290 2118 308 2339 2518
1459 9 2 4 4 326 327 2119 345 2341 2521
1460 9 2 4 4 363 364 2120 382 2343 2524
1461 9 2 4 4 238 239 2122 257 2613 2530
1462 9 2 4 4 275 276 2123 294 2604 2533
1463 9 2 4 4 312 313 2124 331 2607 2536
1464 9 2 4 4 349 350 2125 368 2610 2539
1465 9 2 4 4 251 252 2110 270 2514 2551
1466 9 2 4 4 288 289 2111 307 2517 2542
1467 9 2 4 4 325 326 2112 344 2520 2545
1468 9 2 4 4 362 363 2113 381 2523 2548
1469 9 2 4 4 276 277 2114 295 2485 2602
1470 9 2 4 4 313 314 2115 332 2488 2605
1471 9 2 4 4 350 351 2116 369 2491 2608
1472 9 2 4 4 239 240 2117 258 2482 2611
1473 9 2 4 4 245 246 2106 264 2498 2582
1474 9 2 4 4 282 283 2107 301 2501 2585
1475 9 2 4 4 319 320 2108 338 2504 2588
1476 9 2 4 4 356 357 2109 375 2507 2591
$EndElements
