$MeshFormat
2.2 0 8
$EndMeshFormat
$PhysicalNames
4
1 1 "circle_1"
1 2 "circle_2"
2 1 "layer_1"
2 2 "layer_2"
$EndPhysicalNames
$Nodes
2381
1 1 0 0
2 0 1 0
3 -1 0 0
4 0 -1 0
5 1.2 0 0
6 0 1.2 0
7 -1.2 0 0
8 0 -1.2 0
9 0.9951847266502585 0.09801714055230534 0
10 0.9807852803038259 0.1950903225158687 0
11 0.9569403355024331 0.2902846780119318 0
12 0.9238795320817892 0.3826834334019886 0
13 0.8819212636904032 0.4713967380569389 0
14 0.8314696113679687 0.5555702344182949 0
15 0.7730104520841969 0.6343932857215511 0
16 0.7071067795733449 0.7071067827997501 0
17 0.634393282646958 0.7730104546074502 0
18 0.5555702316245595 0.8314696132346829 0
19 0.471396735522105 0.8819212650453002 0
20 0.3826834312318057 0.9238795329807084 0
21 0.2902846763682919 0.9569403360010258 0
22 0.1950903214145686 0.980785280522888 0
23 0.0980171400302339 0.995184726701678 0
24 0.9987954561994985 0.04906767444291347 0
25 0.9891765099106494 0.1467304748202867 0
26 0.9700312530367453 0.2429801805332318 0
27 0.9415440648594281 0.336889854296601 0
28 0.9039892925759739 0.4275550945878088 0
29 0.8577286092024649 0.5141027455242827 0
30 0.8032075303965546 0.59569930595416 0
31 0.7409511239079225 0.6715589564435773 0
32 0.6715589532405178 0.7409511268110064 0
33 0.595699303015035 0.8032075325763582 0
34 0.5141027428632455 0.8577286107974291 0
35 0.4275550922138776 0.9039892936987598 0
36 0.3368898523763408 0.9415440655465082 0
37 0.2429801791404075 0.9700312533856296 0
38 0.146730474000355 0.9891765100322748 0
39 0.04906767417906031 0.9987954562124607 0
40 -0.09801714055230534 0.9951847266502585 0
41 -0.1950903225158687 0.9807852803038259 0
42 -0.2902846780119318 0.9569403355024331 0
43 -0.3826834334019886 0.9238795320817892 0
44 -0.4713967380569389 0.8819212636904032 0
45 -0.5555702344182949 0.8314696113679687 0
46 -0.6343932857215511 0.7730104520841969 0
47 -0.7071067827997501 0.7071067795733449 0
48 -0.7730104546074502 0.634393282646958 0
49 -0.8314696132346829 0.5555702316245595 0
50 -0.8819212650453002 0.471396735522105 0
51 -0.9238795329807084 0.3826834312318057 0
52 -0.9569403360010258 0.2902846763682919 0
53 -0.980785280522888 0.1950903214145686 0
54 -0.995184726701678 0.0980171400302339 0
55 -0.04906767444291347 0.9987954561994985 0
56 -0.1467304748202867 0.9891765099106494 0
57 -0.2429801805332318 0.9700312530367453 0
58 -0.336889854296601 0.9415440648594281 0
59 -0.4275550945878088 0.9039892925759739 0
60 -0.5141027455242827 0.8577286092024649 0
61 -0.59569930595416 0.8032075303965546 0
62 -0.6715589564435773 0.7409511239079225 0
63 -0.7409511268110064 0.6715589532405178 0
64 -0.8032075325763582 0.595699303015035 0
65 -0.8577286107974291 0.5141027428632455 0
66 -0.9039892936987598 0.4275550922138776 0
67 -0.9415440655465082 0.3368898523763408 0
68 -0.9700312533856296 0.2429801791404075 0
69 -0.9891765100322748 0.146730474000355 0
70 -0.9987954562124607 0.04906767417906031 0
71 -0.9951847266502585 -0.09801714055230534 0
72 -0.9807852803038259 -0.1950903225158687 0
73 -0.9569403355024331 -0.2902846780119318 0
74 -0.9238795320817892 -0.3826834334019886 0
75 -0.8819212636904032 -0.4713967380569389 0
76 -0.8314696113679687 -0.5555702344182949 0
77 -0.7730104520841969 -0.6343932857215511 0
78 -0.7071067795733449 -0.7071067827997501 0
79 -0.634393282646958 -0.7730104546074502 0
80 -0.5555702316245595 -0.8314696132346829 0
81 -0.471396735522105 -0.8819212650453002 0
82 -0.3826834312318057 -0.9238795329807084 0
83 -0.2902846763682919 -0.9569403360010258 0
84 -0.1950903214145686 -0.980785280522888 0
85 -0.0980171400302339 -0.995184726701678 0
86 -0.9987954561994985 -0.04906767444291347 0
87 -0.9891765099106494 -0.1467304748202867 0
88 -0.9700312530367453 -0.2429801805332318 0
89 -0.9415440648594281 -0.336889854296601 0
90 -0.9039892925759739 -0.4275550945878088 0
91 -0.8577286092024649 -0.5141027455242827 0
92 -0.8032075303965546 -0.59569930595416 0
93 -0.7409511239079225 -0.6715589564435773 0
94 -0.6715589532405178 -0.7409511268110064 0
95 -0.595699303015035 -0.8032075325763582 0
96 -0.5141027428632455 -0.8577286107974291 0
97 -0.4275550922138776 -0.9039892936987598 0
98 -0.3368898523763408 -0.9415440655465082 0
99 -0.2429801791404075 -0.9700312533856296 0
100 -0.146730474000355 -0.9891765100322748 0
101 -0.04906767417906031 -0.9987954562124607 0
102 0.09801714055230534 -0.9951847266502585 0
103 0.1950903225158687 -0.9807852803038259 0
104 0.2902846780119318 -0.9569403355024331 0
105 0.3826834334019886 -0.9238795320817892 0
106 0.4713967380569389 -0.8819212636904032 0
107 0.5555702344182949 -0.8314696113679687 0
108 0.6343932857215511 -0.7730104520841969 0
109 0.7071067827997501 -0.7071067795733449 0
110 0.7730104546074502 -0.634393282646958 0
111 0.8314696132346829 -0.5555702316245595 0
112 0.8819212650453002 -0.471396735522105 0
113 0.9238795329807084 -0.3826834312318057 0
114 0.9569403360010258 -0.2902846763682919 0
115 0.980785280522888 -0.1950903214145686 0
116 0.995184726701678 -0.0980171400302339 0
117 0.04906767444291347 -0.9987954561994985 0
118 0.1467304748202867 -0.9891765099106494 0
119 0.2429801805332318 -0.9700312530367453 0
120 0.336889854296601 -0.9415440648594281 0
121 0.4275550945878088 -0.9039892925759739 0
122 0.5141027455242827 -0.8577286092024649 0
123 0.59569930595416 -0.8032075303965546 0
124 0.6715589564435773 -0.7409511239079225 0
125 0.7409511268110064 -0.6715589532405178 0
126 0.8032075325763582 -0.595699303015035 0
127 0.8577286107974291 -0.5141027428632455 0
128 0.9039892936987598 -0.4275550922138776 0
129 0.9415440655465082 -0.3368898523763408 0
130 0.9700312533856296 -0.2429801791404075 0
131 0.9891765100322748 -0.146730474000355 0
132 0.9987954562124607 -0.04906767417906031 0
133 1.195901391588091 0.09909521480711542 0
134 1.1836335640003 0.197513508834073 0
135 1.163280318927193 0.294582585358755 0
136 1.134980689665415 0.3896393641389662 0
137 1.0989279914179 0.4820345108788579 0
138 1.055368500681335 0.5711368730607668 0
139 1.004599772905729 0.6563377912917683 0
140 0.9469686099193285 0.7370552569702318 0
141 0.8828686910982089 0.8127378878079546 0
142 0.8127378841131532 0.8828686944995131 0
143 0.7370552534493765 0.9469686126597203 0
144 0.6563377880937947 1.00459977499507 0
145 0.5711368701177179 1.055368502274034 0
146 0.4820345081317588 1.098927992622889 0
147 0.3896393618302382 1.134980690458003 0
148 0.2945825836850971 1.163280319351021 0
149 0.1975135077541312 1.18363356418051 0
150 0.0990952142455736 1.195901391634621 0
151 1.198974910059607 0.04958996922319465 0
152 1.190784695638859 0.148431157889005 0
153 1.174460214254136 0.2462584112962008 0
154 1.150112978663842 0.3424034700597879 0
155 1.117909305191229 0.4362095658818847 0
156 1.078069177608685 0.5270359079703513 0
157 1.030864744361442 0.614262060388414 0
158 0.976618459572359 0.6972921800956271 0
159 0.9157008803271336 0.7755590872190928 0
160 0.8485281355439832 0.8485281393037308 0
161 0.7755590835888454 0.9157008834017963 0
162 0.6972921767923524 0.9766184619308518 0
163 0.6142620573085817 1.030864746196623 0
164 0.5270359051281456 1.078069178998155 0
165 0.4362095633014746 1.117909306198109 0
166 0.3424034681242318 1.150112979240082 0
167 0.2462584098975061 1.174460214547411 0
168 0.1484311569663943 1.190784695753862 0
169 0.04958996895271595 1.198974910070794 0
170 -0.09909521480711542 1.195901391588091 0
171 -0.197513508834073 1.1836335640003 0
172 -0.294582585358755 1.163280318927193 0
173 -0.3896393641389662 1.134980689665415 0
174 -0.4820345108788579 1.0989279914179 0
175 -0.5711368730607668 1.055368500681335 0
176 -0.6563377912917683 1.004599772905729 0
177 -0.7370552569702318 0.9469686099193285 0
178 -0.8127378878079546 0.8828686910982089 0
179 -0.8828686944995131 0.8127378841131532 0
180 -0.9469686126597203 0.7370552534493765 0
181 -1.00459977499507 0.6563377880937947 0
182 -1.055368502274034 0.5711368701177179 0
183 -1.098927992622889 0.4820345081317588 0
184 -1.134980690458003 0.3896393618302382 0
185 -1.163280319351021 0.2945825836850971 0
186 -1.18363356418051 0.1975135077541312 0
187 -1.195901391634621 0.0990952142455736 0
188 -0.04958996922319465 1.198974910059607 0
189 -0.148431157889005 1.190784695638859 0
190 -0.2462584112962008 1.174460214254136 0
191 -0.3424034700597879 1.150112978663842 0
192 -0.4362095658818847 1.117909305191229 0
193 -0.5270359079703513 1.078069177608685 0
194 -0.614262060388414 1.030864744361442 0
195 -0.6972921800956271 0.976618459572359 0
196 -0.7755590872190928 0.9157008803271336 0
197 -0.8485281393037308 0.8485281355439832 0
198 -0.9157008834017963 0.7755590835888454 0
199 -0.9766184619308518 0.6972921767923524 0
200 -1.030864746196623 0.6142620573085817 0
201 -1.078069178998155 0.5270359051281456 0
202 -1.117909306198109 0.4362095633014746 0
203 -1.150112979240082 0.3424034681242318 0
204 -1.174460214547411 0.2462584098975061 0
205 -1.190784695753862 0.1484311569663943 0
206 -1.198974910070794 0.04958996895271595 0
207 -1.195901391588091 -0.09909521480711542 0
208 -1.1836335640003 -0.197513508834073 0
209 -1.163280318927193 -0.294582585358755 0
210 -1.134980689665415 -0.3896393641389662 0
211 -1.0989279914179 -0.4820345108788579 0
212 -1.055368500681335 -0.5711368730607668 0
213 -1.004599772905729 -0.6563377912917683 0
214 -0.9469686099193285 -0.7370552569702318 0
215 -0.8828686910982089 -0.8127378878079546 0
216 -0.8127378841131532 -0.8828686944995131 0
217 -0.7370552534493765 -0.9469686126597203 0
218 -0.6563377880937947 -1.00459977499507 0
219 -0.5711368701177179 -1.055368502274034 0
220 -0.4820345081317588 -1.098927992622889 0
221 -0.3896393618302382 -1.134980690458003 0
222 -0.2945825836850971 -1.163280319351021 0
223 -0.1975135077541312 -1.18363356418051 0
224 -0.0990952142455736 -1.195901391634621 0
225 -1.198974910059607 -0.04958996922319465 0
226 -1.190784695638859 -0.148431157889005 0
227 -1.174460214254136 -0.2462584112962008 0
228 -1.150112978663842 -0.3424034700597879 0
229 -1.117909305191229 -0.4362095658818847 0
230 -1.078069177608685 -0.5270359079703513 0
231 -1.030864744361442 -0.614262060388414 0
232 -0.976618459572359 -0.6972921800956271 0
233 -0.9157008803271336 -0.7755590872190928 0
234 -0.8485281355439832 -0.8485281393037308 0
235 -0.7755590835888454 -0.9157008834017963 0
236 -0.6972921767923524 -0.9766184619308518 0
237 -0.6142620573085817 -1.030864746196623 0
238 -0.5270359051281456 -1.078069178998155 0
239 -0.4362095633014746 -1.117909306198109 0
240 -0.3424034681242318 -1.150112979240082 0
241 -0.2462584098975061 -1.174460214547411 0
242 -0.1484311569663943 -1.190784695753862 0
243 -0.04958996895271595 -1.198974910070794 0
244 0.09909521480711542 -1.195901391588091 0
245 0.197513508834073 -1.1836335640003 0
246 0.294582585358755 -1.163280318927193 0
247 0.3896393641389662 -1.134980689665415 0
248 0.4820345108788579 -1.0989279914179 0
249 0.5711368730607668 -1.055368500681335 0
250 0.6563377912917683 -1.004599772905729 0
251 0.7370552569702318 -0.9469686099193285 0
252 0.8127378878079546 -0.8828686910982089 0
253 0.8828686944995131 -0.8127378841131532 0
254 0.9469686126597203 -0.7370552534493765 0
255 1.00459977499507 -0.6563377880937947 0
256 1.055368502274034 -0.5711368701177179 0
257 1.098927992622889 -0.4820345081317588 0
258 1.134980690458003 -0.3896393618302382 0
259 1.163280319351021 -0.2945825836850971 0
260 1.18363356418051 -0.1975135077541312 0
261 1.195901391634621 -0.0990952142455736 0
262 0.04958996922319465 -1.198974910059607 0
263 0.148431157889005 -1.190784695638859 0
264 0.2462584112962008 -1.174460214254136 0
265 0.3424034700597879 -1.150112978663842 0
266 0.4362095658818847 -1.117909305191229 0
267 0.5270359079703513 -1.078069177608685 0
268 0.614262060388414 -1.030864744361442 0
269 0.6972921800956271 -0.976618459572359 0
270 0.7755590872190928 -0.9157008803271336 0
271 0.8485281393037308 -0.8485281355439832 0
272 0.9157008834017963 -0.7755590835888454 0
273 0.9766184619308518 -0.6972921767923524 0
274 1.030864746196623 -0.6142620573085817 0
275 1.078069178998155 -0.5270359051281456 0
276 1.117909306198109 -0.4362095633014746 0
277 1.150112979240082 -0.3424034681242318 0
278 1.174460214547411 -0.2462584098975061 0
279 1.190784695753862 -0.1484311569663943 0
280 1.198974910070794 -0.04958996895271595 0
281 0.9040245402342271 -0.1306520474837781 0
282 -0.9089585175066595 0.1302314717549747 0
283 -0.1269756525564658 -0.9106261529306174 0
284 0.137173903846641 0.9045388721807361 0
285 0.5352908371665899 -0.7360752684399909 0
286 -0.7361095535349937 -0.5405507439230058 0
287 0.7339772669332185 0.5443546430756352 0
288 -0.5450953069582436 0.7379606869690007 0
289 0.798416446118516 -0.4619455472086692 0
290 0.466272910231344 0.7834089954216937 0
291 -0.4730036692190066 -0.7808780541341954 0
292 -0.7840503656333153 0.468901320558369 0
293 0.2244096963172428 -0.9063832664495948 0
294 0.886422077746652 0.2220371723140563 0
295 -0.896202979002761 -0.2376410400331939 0
296 -0.2220371723140563 0.886422077746652 0
297 0.8591692769495043 -0.3070518824538156 0
298 -0.311904450576328 -0.8625747748091969 0
299 0.3257673511685908 0.8693760949902634 0
300 -0.8638812416467726 0.3065470605635589 0
301 0.926003004996391 0.03310709319502417 0
302 0.03078339750453717 -0.9212604808377521 0
303 -0.04103906239077321 0.9062022417660157 0
304 -0.9014251411047753 -0.03768803536502163 0
305 0.6739407483293777 -0.6051137043274861 0
306 0.6060999759038896 0.6690734146548769 0
307 -0.617670359833299 -0.6774867504673918 0
308 -0.6836918433342487 0.6012038895027414 0
309 0.4007988194677555 -0.8246681916635538 0
310 0.8308774298916412 0.4048665603230904 0
311 -0.8241975252520772 -0.3884910120519484 0
312 -0.3931312853658036 0.8312735057409635 0
313 0.9058972809240267 0.1261519285848857 0
314 0.8143727933629135 0.1522722313169377 0
315 0.7916306690958523 0.2452379823966234 0
316 0.7226165448420878 0.1778379505611861 0
317 0.6974373700952776 0.2715785397006699 0
318 0.6282984183586424 0.2030700808989395 0
319 0.6542249696638477 0.1086418791294109 0
320 0.5593600304567339 0.1336110475898261 0
321 0.5334680767416234 0.2282786680982447 0
322 0.4644601905639368 0.1585693067843705 0
323 0.4903675458951495 0.0639235610399463 0
324 0.3954462374440127 0.08882881396338302 0
325 0.3695421293898176 0.1834854121961876 0
326 0.300522559760862 0.1137277307467707 0
327 0.3264276070420762 0.01907380938199019 0
328 0.231502301079358 0.04396793178983183 0
329 0.2055975270676084 0.1386226754378803 0
330 0.1365767958256308 0.06886146676354371 0
331 0.1624816489344078 -0.02579304256821835 0
332 0.06755600667532556 -0.0008999148444477495 0
333 0.0416511764790817 0.09375466282266201 0
334 -0.02736965241408753 0.02399316289539994 0
335 -0.001464815565067552 -0.07066139496314325 0
336 -0.09639048617300001 -0.04576835155278028 0
337 -0.1222953211083437 0.04888621205596871 0
338 -0.07048565013334779 -0.1404229118204522 0
339 -0.1913161582040704 -0.02087531235351951 0
340 -0.2172209933762261 0.07377925054078852 0
341 -0.286241831068046 0.004017724364288812 0
342 -0.3121466663669127 0.09867228683550196 0
343 -0.2431258285143152 0.1684338135123458 0
344 -0.3811675041832892 0.02891076029593971 0
345 -0.3552626688193925 -0.06574380198124607 0
346 -0.3380515016664074 0.1933268493078542 0
347 -0.269030663822318 0.263088375944155 0
348 -0.4501883420206375 -0.04085076628167313 0
349 -0.4242835066528785 -0.1355053285759221 0
350 -0.3639563370221934 0.2879814116022604 0
351 -0.2949354991715419 0.3577429382676041 0
352 -0.2000098259379083 0.3328499026244287 0
353 -0.2259146613064173 0.4275044649437286 0
354 -0.1309889880746281 0.4026114293023434 0
355 0.02444002317992653 -0.1653159471330152 0
356 -0.04458081380226557 -0.2350774711566787 0
357 0.05034485925313771 -0.259970507236062 0
358 -0.01867597846714216 -0.3297320335046052 0
359 0.07624969471484686 -0.3546250691550191 0
360 0.007228856890451989 -0.4243865956979035 0
361 -0.08769681625950443 -0.3994935600603043 0
362 0.1021545300650265 -0.4492796313566481 0
363 0.1711753679291346 -0.3795181047126757 0
364 -0.432977174849184 0.2182198849716416 0
365 -0.156893823436582 0.4972659916114255 0
366 -0.06196815021626388 0.472372955974288 0
367 -0.06179198093803027 -0.4941481222730429 0
368 -0.1567176540570441 -0.4692550866331726 0
369 0.197080203266264 -0.4741726670116327 0
370 0.2661010411389995 -0.4044111403888591 0
371 -0.5192091798723741 -0.1106122928985151 0
372 -0.493304344403799 -0.2052668552300854 0
373 -0.5451140152257794 -0.01595773062681978 0
374 0.1280593653903695 -0.543934193620826 0
375 -0.4588820102103592 0.3128744472294022 0
376 -0.32084033453127 0.4523975005452922 0
377 -0.527902848052126 0.2431129205686641 0
378 -0.08787298558161567 0.5670275182622324 0
379 0.007052687625144133 0.5421344826258445 0
380 0.03295752297277678 0.4474799203600943 0
381 0.1019783607946265 0.5172414469881895 0
382 -0.1308128187436992 -0.563909648846002 0
383 -0.225738491847625 -0.5390166132003336 0
384 0.2920058764671489 -0.4990657026816945 0
385 0.3610267143236246 -0.4293041760492161 0
386 0.3351218789996089 -0.3346496137761526 0
387 0.4300475521642931 -0.3595426494256546 0
388 -0.2516433271784444 -0.4443620509876346 0
389 -0.320664164975532 -0.5141235775776525 0
390 0.1278831961515952 0.4225868847512181 0
391 0.1969040339476381 0.4923484113808658 0
392 0.4041427168368944 -0.2648880871742803 0
393 0.4990683899937227 -0.2897811228331879 0
394 -0.1395064871298011 -0.2101844360022407 0
395 -0.1827986587897211 0.5919205539183916 0
396 0.1709991985943532 0.5870029736014595 0
397 0.2659248717216558 0.5621099379996809 0
398 0.2918297070985333 0.4674553757848688 0
399 -0.61413485305874 -0.08571925724271759 0
400 -0.6400396884102144 0.008935305010195816 0
401 0.3608505448637822 0.5372169024085699 0
402 -0.01885214771333088 0.6367890448609584 0
403 0.5249732253128838 -0.3844356850607654 0
404 0.5937936018716583 -0.314475825615991 0
405 0.5680558175921355 -0.2199865407953872 0
406 -0.5538076834501126 0.337767482812466 0
407 0.3869315496549577 -0.5239587383281823 0
408 0.3179107117907569 -0.5937202649982753 0
409 0.3867553802716879 0.4425623402823823 0
410 0.05886235834226313 0.352825358108432 0
411 -0.346569000321003 -0.4194690153562109 0
412 -0.41558983812846 -0.4892305419547396 0
413 0.3092170436676691 -0.2399950515076236 0
414 -0.2947593296415558 -0.6087781397890114 0
415 -0.6228285213384793 0.2680059560300792 0
416 0.4557762180272308 0.5123238668391468 0
417 0.6627754610818435 -0.2446757343232533 0
418 0.6370646602946763 -0.1502131465114406 0
419 0.2400200363570181 0.6567645001907048 0
420 -0.7090605262270069 -0.06082622159163954 0
421 -0.6831556909051801 -0.1554807838430546 0
422 0.4816810534388132 0.4176693046942704 0
423 0.5421796997413809 -0.1253603038198887 0
424 0.3177345428027383 0.3728008136657593 0
425 0.1450943632713875 0.6816575357813883 0
426 -0.1050841527145696 0.3079568670138441 0
427 -0.03588714564883252 -0.5888026844800057 0
428 -0.1049079834143034 -0.6585642110374955 0
429 -0.009982310338205801 -0.6834572466575544 0
430 -0.3293578334217974 -0.1603983642230097 0
431 0.1193656971036097 -0.1902089806834865 0
432 -0.4847868455927304 0.4075290094644847 0
433 -0.5797125188284555 0.4324220450463347 0
434 -0.5106916809546223 0.5021835717084148 0
435 0.3782378815186063 -0.1702335248991118 0
436 0.153788031580901 0.327932322543617 0
437 -0.441494673475067 -0.3945759796962905 0
438 -0.5105155113159084 -0.4643375063129663 0
439 -0.2775481625520966 -0.3497074887645265 0
440 -0.5364203466684208 -0.3696829440284751 0
441 -0.7349653615318459 0.03382834063157733 0
442 0.5507018912115889 0.487430831263301 0
443 -0.4827057456135916 -0.5584707317785305 0
444 0.4298713826459014 0.6069784290325489 0
445 0.618401873771303 -0.4075488215385925 0
446 0.5506285565264288 -0.4787935974269445 0
447 0.7319882644844121 -0.1751041352157417 0
448 0.7061155539360859 -0.08048135673075792 0
449 0.4128002438598622 -0.6185775432029373 0
450 -0.6028693098161005 -0.4387406061152628 0
451 -0.6309173741735372 -0.3446725976368934 0
452 0.5780179739772728 0.3931827155557481 0
453 -0.6659445237606273 0.1035898671856097 0
454 -0.5019980127371212 0.1484583582640557 0
455 0.08476719375800866 0.2581707958099312 0
456 0.2833122083369172 -0.1453404892326617 0
457 -0.07862132256168665 -0.7517627415959744 0
458 -0.1732825186375476 -0.7258611645657216 0
459 -0.7567818636598043 0.1296017880945272 0
460 0.3404704388488414 -0.6850652355480544 0
461 0.2483323558616712 -0.6629301929666909 0
462 0.2135655765760218 0.7493231560350275 0
463 0.3074919136882265 0.7206193100411957 0
464 -0.7780813640967226 -0.1305877481827395 0
465 -0.7471053997030377 -0.2238544559761136 0
466 0.01736711297488439 -0.772603099916914 0
467 0.08518412747769318 -0.7074321641880705 0
468 0.1097267735706256 -0.7966470966210952 0
469 0.2699406477938496 -0.7543216716382632 0
470 0.1188147642524209 0.7680161671949015 0
471 -0.7101167281338433 -0.4302420080911086 0
472 0.6509662460860407 0.4663423206599047 0
473 0.6197227290096066 0.5571923579414876 0
474 0.6446857224979575 -0.5066299460183684 0
475 0.5767828959792327 -0.5737448094884197 0
476 -0.6071706436883552 0.5335944706812505 0
477 -0.5308988403610371 0.5919575623414967 0
478 -0.4407212304317985 0.5711316697836942 0
479 -0.6824428634328839 0.4655945925314666 0
480 0.7580315379409459 -0.2722922183847927 0
481 -0.8369950465481881 0.06077200969068808 0
482 0.4317514972947474 -0.7234987856988654 0
483 0.803025587284565 -0.1066582068319251 0
484 0.773590542152975 -0.01287795705839709 0
485 -0.4804894601688235 0.6754776826502376 0
486 -0.3726500051854119 0.6417066250501352 0
487 0.7438524610267639 0.434096975560911 0
488 0.6743107145318989 0.3674495541900645 0
489 -0.04268360555883505 -0.8488991969755805 0
490 0.7456305813163892 0.08244166633674158 0
491 0.5852775533763561 0.03900334442650042 0
492 0.6029986292009808 0.2978657803523518 0
493 0.4385593134742374 0.2532336931605325 0
494 0.4213523081528846 -0.005822489093628619 0
495 0.5162735791741636 -0.03072196784384904 0
496 0.3436380744924618 0.2781419516971643 0
497 0.2746178104464433 0.2083824695785156 0
498 -0.6911679702274524 0.1984309102376958 0
499 -0.791776910796965 0.2337489085519862 0
500 0.1796927161227455 0.2332772973320021 0
501 -0.7136842291852884 0.2953832900743479 0
502 0.5078975437669261 0.3230229900665993 0
503 -0.5968101211214176 0.1733824739784434 0
504 0.8268414874173573 -0.2030669208909557 0
505 0.7766249292362646 -0.3677041481268608 0
506 -0.6487333569533614 0.3626605182846174 0
507 -0.1997259394308036 -0.63326041323486 0
508 -0.268516140173205 -0.7021424418086866 0
509 -0.3593057044620581 -0.6765211337789829 0
510 -0.8039861993345899 -0.03593318593609088 0
511 0.05010622951716716 0.70516791628352 0
512 0.0224486630233724 0.8071728392120998 0
513 -0.1136016516267317 -0.3048389978805151 0
514 -0.4760931773758386 0.05380379599855278 0
515 0.352332682903427 -0.07558010318102479 0
516 0.3346875494177798 0.6308870118151972 0
517 0.4039665472300951 0.7016329912184838 0
518 0.498049503998554 0.679087915314869 0
519 -0.3886217705610196 -0.58346179261349 0
520 -0.4575232248039712 -0.6724171122376449 0
521 0.03313369219287075 -0.5190411579203695 0
522 -0.4070723395297922 0.1235653226122576 0
523 0.5267036167994618 0.585347802507705 0
524 0.2142913704503888 -0.2151020159232074 0
525 -0.148200155488121 0.1435407772658556 0
526 -0.05327448565550734 0.1186477314734058 0
527 0.01574635281939962 0.1884092599432007 0
528 -0.1654113228993261 -0.1155298748565045 0
529 -0.234432160300013 -0.1852914002100388 0
530 0.1106719603454124 0.1635160263515367 0
531 0.1883865266287998 -0.1204474788722445 0
532 -0.1137778209315225 0.6616820805435838 0
533 -0.2087034941417294 0.6865751162270266 0
534 -0.1387880853528941 0.7530182692570336 0
535 -0.2375718694430227 0.7901272565880809 0
536 -0.3026919414291703 0.7094808485310271 0
537 -0.3898611723878965 0.3826359738662795 0
538 0.09346084782616695 -0.09555445984409258 0
539 -0.04475698308289349 0.7314436071197148 0
540 0.4472576470812621 -0.1004731003060107 0
541 0.07606311534822459 0.6116655666902266 0
542 0.455910803467982 -0.4541477700321469 0
543 -0.2518194966423296 0.5221590272397477 0
544 -0.0360633148639903 0.3777183936960686 0
545 0.222808869390508 0.3976938492224631 0
546 -0.5709999231051663 0.07870201163500626 0
547 -0.2603369957854409 -0.09063683821000496 0
548 -0.3034529980427637 -0.2550529264977604 0
549 -0.3983786711730024 -0.2301598908797922 0
550 0.2574071624874976 -0.0506865621137212 0
551 0.240196205827945 -0.3097565781092316 0
552 0.1452705325465104 -0.2848635426366137 0
553 0.473157025460667 -0.1951204466379777 0
554 -0.01015847999207054 0.2830638298822754 0
555 0.222892118923062 -0.5687352961903219 0
556 -0.5682221960347322 -0.5321467106192151 0
557 -0.1741049906284611 0.2381953401804675 0
558 -0.1826224893997996 -0.3746005244097486 0
559 -0.07917931823378729 0.2133023020347942 0
560 -0.5882300176458514 -0.1803738195222382 0
561 -0.2085273248418676 -0.2799459622941383 0
562 0.4817665434734619 -0.5487523750144048 0
563 -0.728931029766589 -0.3209600660362903 0
564 -0.4156077389544292 0.4771549647001174 0
565 0.1538959218379653 -0.6383284808582816 0
566 0.05906727515197672 -0.6134993212875179 0
567 -0.2775681276694366 0.6164823722998112 0
568 -0.3724738356929791 -0.3248144531645782 0
569 -0.3465344889024459 0.5468386932697996 0
570 0.1762533049909594 -0.7287310708628195 0
571 -0.4673995088955674 -0.2999214175093492 0
572 -0.6567774490447152 -0.250061684156043 0
573 -0.5622860468347565 -0.2750200965958087 0
574 0.2487134447933023 0.3030384515880715 0
575 0.4127109847078108 0.3479051822611179 0
576 0.6793408081605621 0.01352060912953376 0
577 0.6110419757805374 -0.05570880355831704 0
578 0.5075452113523081 -0.6432917916077979 0
579 0.6861455093613484 -0.338604573241667 0
580 -0.8173176812605149 -0.2802569241501561 0
581 0.8634763227075481 -0.03481840909020806 0
582 -0.3306953455700093 -0.7686411008718563 0
583 -0.7415935905720944 0.3852533680266151 0
584 -0.07736322478185914 0.8231925221696531 0
585 -0.3931374919471322 0.7376192111959589 0
586 -0.2423879652860526 -0.7947509021155776 0
587 0.3640458282435481 0.7874127961978197 0
588 0.04982097320410998 0.9040170905133714 0
589 0.6058432935581348 -0.6730571342535392 0
590 -0.5984065947188584 0.6600445034003241 0
591 0.1283686280783677 -0.8934511169802363 0
592 -0.1353872989256412 0.9127070295605091 0
593 -0.9064632454191754 -0.1432413317552758 0
594 0.3011775931941418 -0.8488753446588326 0
595 0.8581998971761411 0.3132658041948341 0
596 -0.3108461787288204 0.8687568679766897 0
597 -0.7967629363958573 -0.4772501473082594 0
598 -0.4731367528192061 0.7826203269357555 0
599 -0.9285126863722601 0.05026651722217501 0
600 -0.2187293498040032 -0.8866535927476217 0
601 0.2344990055993486 0.8884308324772198 0
602 -0.8889346928846353 0.219331948140733 0
603 -0.6841563037784497 -0.6108739013265944 0
604 -0.8303119016898211 0.3898766618506233 0
605 0.7395908826359139 -0.5403534168407913 0
606 -0.5467271166576206 -0.7268145931903383 0
607 -0.7383217482532027 0.5421039443341851 0
608 -0.146719011035493 -0.8181832875222039 0
609 0.6851407857874257 0.6206818517682486 0
610 0.7106442272702171 -0.4371310754958249 0
611 -0.3961432220341987 -0.8264571031039303 0
612 0.4756690564056018 -0.7936058730580442 0
613 -0.5422019318179296 -0.6256255744606645 0
614 0.7660514236362626 0.3394159027276989 0
615 0.5520771808810611 0.7472100786467145 0
616 -0.654185458647494 -0.5196709225184116 0
617 0.8354733116404001 0.05682860945915425 0
618 -0.0473786001281995 -0.9351941114891256 0
619 0.9048097176104901 -0.2266430349756811 0
620 -0.1622295301634947 0.8330934310643858 0
621 0.1804383545450633 0.8248719653112242 0
622 0.1984443633469846 -0.8189230872121047 0
623 -0.3274757533827898 0.7874515380065441 0
624 -0.8340329807548018 0.1573586252193668 0
625 0.8485740794517431 -0.3998564322145504 0
626 -0.4033342332178487 -0.744982900825322 0
627 -0.7865454142607351 0.3244780552012861 0
628 -0.8453433648559472 -0.100953358801343 0
629 0.8078622229945661 0.4842139837458729 0
630 0.3496858739622729 -0.7632075963716783 0
631 0.2709680049701331 0.8066723591754582 0
632 -0.6132872500223809 -0.5931607718784555 0
633 -0.8279821621018775 -0.1879313922975844 0
634 -0.8870156325547907 -0.3172611123030776 0
635 0.04939847014826371 -0.8439262966311951 0
636 0.9415210679154939 -0.04625804594810679 0
637 0.4034795360825638 0.8526632774964014 0
638 0.09690848413572507 0.8435844484851781 0
639 -0.6771520817055905 0.5331488313705838 0
640 0.2855591204939957 -0.8015985081485479 0
641 0.2341925055704171 -0.786622379425184 0
642 0.2498109782705632 -0.8338992159354687 0
643 -0.4652634470114889 -0.7266475831859202 0
644 -0.5021251707307959 -0.6996158527139915 0
645 -0.5098653929383136 -0.7538463236622668 0
646 0.6129113524567481 0.6131328862981822 0
647 0.5664017963516756 0.627210608581291 0
648 0.5732131729045342 0.5712700802245962 0
649 -0.6454312435113019 0.567399180091996 0
650 -0.6027886192036067 0.5968194870407872 0
651 -0.6410492190265535 0.6306241964515327 0
652 -0.7671571266929602 -0.4093665100715285 0
653 -0.7195238789502161 -0.3756010370636995 0
654 -0.7765642775093331 -0.3547255390441194 0
655 0.2627936447556923 -0.8776293055542137 0
656 0.2114270298321137 -0.8626531768308497 0
657 -0.5690347420246962 0.5627760165113735 0
658 -0.5646527175399477 0.6260010328709104 0
659 -0.8692100938264817 0.01154198716283322 0
660 -0.8527056702196827 -0.03681061065055626 0
661 -0.8204906229413891 0.0124194118772986 0
662 -0.7231131408344185 -0.4853963760070572 0
663 -0.7534398322648503 -0.453746077699684 0
664 -0.7664362449654255 -0.5089004456156326 0
665 0.5520747399512218 0.674080664984873 0
666 0.5123765603990078 0.632217858911287 0
667 -0.6951475060912439 -0.5301108332207087 0
668 -0.6821510933906687 -0.4749564653047601 0
669 -0.5127923835635335 0.7067191848096191 0
670 -0.571750950838551 0.6990025951846623 0
671 -0.5394480274438409 0.6677610930252809 0
672 -0.8827538664602241 0.05551926345643154 0
673 -0.9149689137385177 0.006289240928576689 0
674 -0.5056941502649304 0.6337176224958672 0
675 0.6921383025669356 -0.5234916814295798 0
676 0.7251175549530655 -0.4887422461683081 0
677 0.6776649748840873 -0.4718805107570966 0
678 -0.009295199683700406 0.8566875404890577 0
679 -0.05920114358631617 0.8646973819678344 0
680 -0.02745728087924337 0.8151826806908764 0
681 0.03613481811374119 0.8555949648627357 0
682 0.004390955406668381 0.9051096661396936 0
683 -0.4381689512184276 -0.7629304774797587 0
684 -0.4304287290109099 -0.7087000065314835 0
685 -0.4998625783109504 -0.6490213433491547 0
686 -0.5444645242377751 -0.6762200838255014 0
687 -0.8104802308239673 -0.4328705796801039 0
688 0.02491048660205499 0.9520085452566858 0
689 0.07391905661717194 0.9496009086075248 0
690 0.6924717565096297 0.5053484818677699 0
691 0.6768499979714125 0.5507735005085614 0
692 0.6353444875478236 0.5117673393006961 0
693 0.7690036643772149 -0.5011494820247302 0
694 0.7545303366943665 -0.449538311352247 0
695 0.6564750381789425 -0.690081956913442 0
696 0.6201182896398429 -0.7230337931688681 0
697 -0.6527566887593043 0.6835756414868345 0
698 -0.6163999402202047 0.7165274777422606 0
699 -0.4768131064940148 0.7290490047929965 0
700 -0.5091160298887248 0.7602905069523781 0
701 -0.4368134760579779 0.7065484469230983 0
702 -0.4331371223831691 0.7601197690658572 0
703 0.6974093535564023 0.4502196481104078 0
704 0.7389148639799912 0.4892258093182731 0
705 -0.7731243555135519 -0.3006084950932232 0
706 -0.820757603256296 -0.3343739681010522 0
707 0.6593132354136676 -0.5558718251729273 0
708 0.6107343092385951 -0.5401873777533941 0
709 0.6253618221543051 -0.5894292569079529 0
710 0.8086004074452251 -0.2896720504193042 0
711 0.8430053821834308 -0.2550594016723857 0
712 0.7924365126791516 -0.2376795696378742 0
713 0.4162751583812515 -0.7740834886812096 0
714 0.3907186856285101 -0.7433531910352719 0
715 0.3752423467150142 -0.7939378940176161 0
716 0.4382339379366786 -0.8091370323607989 0
717 0.4537102768501746 -0.7585523293784548 0
718 -0.7332466145330996 0.4672479565449178 0
719 -0.7103823058430433 0.5038492684328258 0
720 -0.761186056943259 0.505502632446277 0
721 -0.2298045208785395 0.8382746671673664 0
722 -0.2664416755214383 0.8775894728616709 0
723 -0.2742090240859216 0.8294420622823853 0
724 0.8601350371434701 0.1392120799509117 0
725 0.8249230525016568 0.1045504203880459 0
726 0.8706852962822134 0.09149026902201995 0
727 -0.2305586575450279 -0.8407022474315997 0
728 -0.1827241804197481 -0.8524184401349129 0
729 -0.1945534881607728 -0.8064670948188908 0
730 0.4351197287307196 0.7425209933200887 0
731 0.4510080256143245 0.6903604532666764 0
732 0.482161207114949 0.7312484553682814 0
733 0.3254317335782074 -0.8060414705152554 0
734 0.3098132608780613 -0.7587646340049707 0
735 0.1190477008244966 -0.8450491068006658 0
736 0.1634064957126762 -0.8561871020961704 0
737 0.1540855684588051 -0.8077850919166 0
738 0.1175955219384375 0.9498617994412071 0
739 0.09349743852537551 0.9042779813470538 0
740 -0.02051953119538661 0.9531011208830078 0
741 -0.8278290762218687 0.2701479845577726 0
742 -0.8764079672657039 0.262939504352146 0
743 -0.8403558018408002 0.2265404283463596 0
744 0.7067658154826457 -0.5727335605841387 0
745 0.6524317573985161 0.5889371048548682 0
746 0.6456203808456576 0.6448776332115628 0
747 -0.6797974725692372 0.4993717119510252 0
748 -0.7077369149793966 0.5376263878523844 0
749 0.7673282335886052 -0.3199981832558267 0
750 0.8178971030928844 -0.3373780152903382 0
751 0.690523765564564 -0.6561102419504155 0
752 0.6398920209437562 -0.6390854192905127 0
753 0.5848420614440705 -0.7545428602620939 0
754 0.5705670653623623 -0.7045662013467651 0
755 -0.6953993130669994 0.6541553345380431 0
756 -0.5897442963398973 0.7554855695265988 0
757 -0.6691708812129719 -0.565272411922503 0
758 -0.6487217769004153 -0.602017336602525 0
759 -0.6337363543349375 -0.5564158471984335 0
760 0.6261643442545859 0.3803161348729063 0
761 0.5905083015891268 0.34552424795405 0
762 0.6386546718664399 0.3326576672712082 0
763 -0.005950104027148941 -0.8850798389066663 0
764 0.04009093382640044 -0.8825933887344737 0
765 0.00335743229471433 -0.8464127468033877 0
766 -0.04503110284351727 -0.8920466542323531 0
767 -0.00829760131183116 -0.9282272961634388 0
768 0.8535250637593961 -0.1186551271578516 0
769 0.8149335373509612 -0.1548625638614404 0
770 0.8654330138257922 -0.1668594841873669 0
771 0.07956262185944463 -0.8202866966261452 0
772 0.0888835491133157 -0.8686887068057156 0
773 -0.7101329286567217 -0.5757123226248001 0
774 0.8249152831359967 0.2792518932957287 0
775 0.8121256604062018 0.3263408534612665 0
776 0.7788410463660574 0.2923269425621612 0
777 -0.7628219781027048 0.427077344292492 0
778 -0.7120182270024891 0.4254239802790408 0
779 0.9159501429602088 0.07962951088995492 0
780 0.8807381583183955 0.04496785132708921 0
781 0.4835211672306686 -0.7297870270694282 0
782 0.5214180242594491 -0.6896835300238944 0
783 0.4696483543235278 -0.6833952886533317 0
784 -0.5821987382454599 -0.702150671828865 0
785 -0.5799361458256143 -0.6515561624640281 0
786 0.7095590263603221 0.5825182474219419 0
787 0.7873649454592025 0.4194817679420007 0
788 0.7549519423315132 0.3867564391443049 0
789 0.7984644267639518 0.3721412315253947 0
790 0.6858740423135883 0.3195140469453672 0
791 0.6502179996481292 0.2847221600265109 0
792 0.7090815877793315 0.4007732648754878 0
793 0.7201810690840807 0.3534327284588817 0
794 0.6144921100316567 0.4297625181078264 0
795 0.6626384803089698 0.4168959374249846 0
796 0.2074686800722059 0.8566513988942219 0
797 0.2257031797575982 0.8157721622433411 0
798 0.2527335052847409 0.847551595826339 0
799 0.5790885783924753 0.7081417466507958 0
800 0.5250633424398075 0.7131489969807918 0
801 -0.3191609660558051 0.8281042029916169 0
802 -0.2825238114129063 0.7887893972973126 0
803 -0.1728525011802345 -0.8986398728391196 0
804 -0.1368473317959794 -0.8644047202264107 0
805 -0.08821318065820721 0.9094546356632625 0
806 -0.1063752618537502 0.8679497758650812 0
807 0.8837504314708876 -0.08273522828699309 0
808 0.8332509549960565 -0.07073830796106659 0
809 0.8185334324302616 -0.02384818307430258 0
810 0.8494748171739741 0.01100510018447309 0
811 0.8045319268966875 0.02197532620037859 0
812 -0.78916116252885 0.2791134818766361 0
813 -0.8252133279537539 0.3155125578824225 0
814 0.7883080647187699 -0.0597680819451611 0
815 0.1763891621978052 -0.8999171917149156 0
816 0.8819894972799972 -0.2668474587147484 0
817 0.8658256025139237 -0.2148549779333184 0
818 0.2801331783839697 0.8789034637337416 0
819 0.298367678069362 0.8380242270828608 0
820 0.8445386635338912 0.3590661822589623 0
821 0.7220885236511472 -0.3054483958132299 0
822 0.7313852192988065 -0.3531543606842639 0
823 0.5091750455562025 0.7653095370342041 0
824 0.6999277754901184 0.09554177273307622 0
825 0.6667828889122049 0.06108124412947231 0
826 0.7124856947384757 0.04798113773313766 0
827 0.759610561734682 0.03478185463917224 0
828 0.7264656751567685 0.000321326035568335 0
829 0.6884207572529677 0.1432399148452985 0
830 0.7341235630792384 0.1301398084489638 0
831 0.5682333529713022 0.2630722242252982 0
832 0.5554480864839535 0.3104443852094756 0
833 0.5206828102542748 0.275650829082422 0
834 0.5429577588720995 0.3581028528111737 0
835 0.5808832475501329 0.2156743744985921 0
836 0.6156485237798116 0.2504679306256457 0
837 0.4688129436635241 -0.01827222846873883 0
838 0.4343049776170733 -0.05314779469981967 0
839 0.4817656131277128 -0.06559753407492988 0
840 0.619751261520102 0.07382261177795564 0
841 0.6323091807684591 0.02626197677801709 0
842 0.5292266394577723 -0.07804113583186889 0
843 0.4947186734113215 -0.1129167020629497 0
844 0.4558599270240171 0.02905053597315884 0
845 0.5033205625346566 0.01660079659804863 0
846 0.5378225496357528 0.05146345273322336 0
847 0.5507755662752598 0.004140688291325689 0
848 0.5248637881759417 0.09876730431488623 0
849 0.572318791916545 0.08630719600816328 0
850 0.5981597645784468 -0.00835272956590831 0
851 0.6451913919705498 -0.02109409721439164 0
852 0.4860136951079305 0.2407561806293886 0
853 0.4732284286205818 0.2881283416135659 0
854 0.5636577774773506 -0.04321538570108304 0
855 0.4989641336527801 0.1934239874413076 0
856 0.4515097520190871 0.2059014999724515 0
857 0.3738899575974804 0.006625660144180787 0
858 0.3393801449727516 -0.02825314689951729 0
859 0.3868424955281558 -0.0407012961373267 0
860 0.3997951649923446 -0.08802660174351776 0
861 0.3609369222430445 0.0539513116726866 0
862 0.4083992727984487 0.0415031624348772 0
863 0.4603042642373684 0.3354640861638586 0
864 0.4256351490910241 0.3005694377108252 0
865 0.3306863086476 0.3254713826814618 0
866 0.2832239937980203 0.3379196326269154 0
867 0.296175759642882 0.2905902016426179 0
868 0.3910986939833496 0.2656878224288484 0
869 0.3781745296001363 0.3130235669791411 0
870 0.2530600434142352 0.1261752030923255 0
871 0.2875701851036526 0.1610551001626432 0
872 0.2401076687570258 0.1735025725081979 0
873 0.3091279424694525 0.24326221063784 0
874 0.2616656276198728 0.2557104605832936 0
875 0.2271552632845944 0.2208298834552589 0
876 0.1926451215951769 0.1859499863849412 0
877 -0.566760101139284 0.3850947639294004 0
878 -0.6142229378909085 0.3975412816654761 0
879 -0.601270520201737 0.3502140005485417 0
880 0.3350323445753398 0.1486065714714791 0
881 0.3220799699181305 0.1959339408873516 0
882 0.1322299549403771 0.2457240465709667 0
883 0.09771957705171055 0.210843411080734 0
884 0.145182338234079 0.1983966618417694 0
885 -0.5753656846953026 0.2555594382993717 0
886 -0.6098193212299485 0.2206942150042613 0
887 -0.5623564845867718 0.2082476972735538 0
888 -0.6569982457829658 0.2332184331338875 0
889 -0.643989045674435 0.1859066921080696 0
890 -0.6310776911306697 0.4490083187889007 0
891 -0.6655881101931227 0.414127555408042 0
892 -0.5149504303946235 0.1957856394163599 0
893 -0.5494040669292695 0.1609204161212496 0
894 -0.6682563752618839 0.2816946230522136 0
895 -0.7024260997063704 0.2469071001560219 0
896 -0.5883181023942959 0.3028867194212727 0
897 -0.6357809391459204 0.3153332371573483 0
898 0.9605938658233247 0.06556211687366476 0
899 0.9630015024981955 0.01655354659751208 0
900 0.06440026902842126 -0.9582226037440054 0
901 0.01539169875226859 -0.960630240418876 0
902 -0.06952810147153927 0.9506934842081372 0
903 -0.9483049338775169 -0.06785258795866349 0
904 -0.9507125705523877 -0.01884401768251082 0
905 -0.583905022113292 0.1260422428067249 0
906 -0.5364989679211438 0.113580184949531 0
907 -0.4890455950564799 0.1011310771313042 0
908 -0.5235465502405025 0.06625290381677952 0
909 0.1192776126694548 0.2930515591767742 0
910 0.1667403738518233 0.2806048099378096 0
911 0.1581347437065104 0.1510693508947085 0
912 0.01562704090191814 0.6709784805722392 0
913 0.002674623217136837 0.7183057617016174 0
914 -0.03180456539811219 0.6841163259903367 0
915 0.05025677328870414 0.223290027876566 0
916 0.06320915658240603 0.1759626431473687 0
917 -0.2602489107445904 -0.5738973764946724 0
918 -0.2472426345361797 -0.6210192765119358 0
919 -0.2127322156392143 -0.5861385132175968 0
920 0.5454305357924424 -0.7837724399039798 0
921 0.7534938595087077 0.5893739643985931 0
922 0.7827234391505936 0.549962438746965 0
923 -0.7545600028095953 -0.5874720148222785 0
924 -0.7837895824514812 -0.5480604891706504 0
925 -0.5503327706882692 0.7847151491684847 0
926 -0.6225037333452833 -0.2152177518391406 0
927 -0.6095317479397359 -0.2625408903759258 0
928 -0.5752580322403039 -0.2276969580590235 0
929 -0.2816377349073804 -0.6554602907988489 0
930 -0.2341210398020043 -0.6677014275217733 0
931 -0.4415827584528154 0.0886845593054052 0
932 -0.4545351761334567 0.1360118404381566 0
933 0.9216812066245426 0.256160925162994 0
934 0.933603679025239 0.2085637474149625 0
935 0.2573471871645873 -0.9316618009760139 0
936 0.2097500094165557 -0.9435842733767104 0
937 -0.256160925162994 0.9216812066245426 0
938 -0.2085637474149625 0.933603679025239 0
939 -0.926571657252597 -0.2639628590225628 0
940 -0.9384941296532935 -0.2163656812745313 0
941 0.03627744627026978 0.7561703777478099 0
942 -0.01115416002976054 0.7693082231659073 0
943 0.3652227637552745 0.3603529979634386 0
944 0.745009901212679 -0.2236981768002672 0
945 0.7794148759508848 -0.1890855280533487 0
946 -0.4491477918710258 -0.523850636866635 0
947 -0.4356637580873056 -0.5709662621960102 0
948 -0.4021058043447397 -0.5363461672841148 0
949 0.02860548381744685 0.6242273057755925 0
950 0.06308467243269587 0.6584167414868733 0
951 -0.1865042290341756 -0.6795607889002908 0
952 -0.2208993294053763 -0.7140018031872041 0
953 0.3953609637548418 0.5720976657205594 0
954 0.3822794660318406 0.618932720423873 0
955 0.347769047140781 0.5840519571118836 0
956 0.4169189649379983 0.6543057101255163 0
957 0.3693270483239375 0.6662600015168405 0
958 -0.4701144852087814 -0.6154439220080876 0
959 -0.4230724976824954 -0.6279394524255675 0
960 0.2142030804580239 0.2681578744600368 0
961 0.2012507381871017 0.3154853870658443 0
962 -0.2689425791713884 -0.2201721633538996 0
963 -0.2559901614423157 -0.2674994443959494 0
964 -0.2214797425709403 -0.2326186812520886 0
965 -0.6438474116091262 -0.2973671408964682 0
966 -0.5966017105041468 -0.3098463471163511 0
967 -0.1782756552956621 -0.5514631310231678 0
968 -0.1652693790872514 -0.598585031040431 0
969 0.7675069258844885 -0.1408811710238334 0
970 -0.005899730044093374 0.5894617637434014 0
971 0.04155790148668436 0.5769000246580356 0
972 -0.4286303407795639 0.04135727814724624 0
973 -0.3941199218565407 0.07623804145409867 0
974 0.4360977787623472 -0.8532947276769784 0
975 0.3917411264348721 -0.8742738618726715 0
976 0.8563993467910223 0.4381316491900147 0
977 0.8773784809867151 0.3937749968625395 0
978 -0.4322640117113712 0.8565973847156834 0
979 -0.3879073593838961 0.8775765189113763 0
980 -0.8530593944712402 -0.4299438750544436 0
981 -0.8740385286669332 -0.3855872227269685 0
982 0.2919173847647869 -0.01580637636586551 0
983 0.3048699226954623 -0.063133332647373 0
984 -0.6745501073186106 -0.02594545829072186 0
985 -0.6875025249710301 0.02138182282088658 0
986 -0.7220129438794264 -0.0134989404800311 0
987 -0.1611525730582911 0.1908680587231616 0
988 -0.1136897368609542 0.1784215396503249 0
989 -0.1266421544311242 0.2257488211076309 0
990 -0.5796244341422597 -0.05083849393476868 0
991 -0.5925768518179969 -0.00351121280831198 0
992 -0.6270872707344772 -0.03839197611626089 0
993 0.2789649540607171 0.03152087058591101 0
994 0.2444547317834278 -0.003359315161944688 0
995 -0.785980204040017 0.0473001751611327 0
996 -0.769475780433218 -0.001052422652256774 0
997 0.6973818627831279 -0.2098899347694975 0
998 0.7104034995113947 -0.258483976354023 0
999 0.1409776436141674 -0.5911313372395538 0
1000 0.09356332027117309 -0.5787167574541719 0
1001 0.106481598494971 -0.6259139010728998 0
1002 -0.7004549426462365 0.06870910390859351 0
1003 -0.7113631937102158 0.1165958276400685 0
1004 -0.7458736125958251 0.08171506436305227 0
1005 -0.09176465298799505 -0.7051634763167349 0
1006 -0.1390952510259255 -0.6922126878016086 0
1007 -0.1259519205996171 -0.738811953080848 0
1008 -0.6529921060854209 0.05626258609790275 0
1009 -0.6812087930693249 0.3290219041794826 0
1010 -0.2905005802974302 -0.3023802076311434 0
1011 -0.2430377436969821 -0.3148267255293324 0
1012 0.3210897315530031 0.6757531609281965 0
1013 0.3557292304591608 0.7111261506298397 0
1014 0.03730435688296906 0.2706173128461034 0
1015 0.00279393641366454 0.235736544912738 0
1016 -0.09204365046603336 -0.2226309535794597 0
1017 -0.1265540693782664 -0.2575117169413779 0
1018 -0.07909123271449867 -0.2699582345185969 0
1019 0.719051909210249 -0.1277927459732498 0
1020 0.7545705706103254 -0.09356978178134151 0
1021 -0.07492056789893978 0.5197002371182602 0
1022 -0.02745773129555987 0.5072537193000662 0
1023 -0.04041014897823577 0.5545810004440385 0
1024 -0.7968884551039962 0.09518689889260765 0
1025 -0.5408552657511192 0.2904402016905651 0
1026 -0.3739637375115388 -0.6299914631962364 0
1027 -0.4084144646330146 -0.674469123008314 0
1028 -0.5934415812584053 0.4830082578637926 0
1029 -0.6448067535606195 0.4995945316063586 0
1030 0.1925571998142028 0.6692110179860465 0
1031 0.2267928064665199 0.7030438281128661 0
1032 0.1793299699237046 0.7154903459082079 0
1033 -0.4976511786232084 -0.02840424845424645 0
1034 -0.463140759698238 0.006476514858439822 0
1035 -0.510603596300809 0.0189230326858665 0
1036 -0.1395945716715154 0.2730761035971558 0
1037 -0.09213173547417847 0.2606295845243192 0
1038 -0.005811654588212825 0.1062011971480339 0
1039 0.02869876464924066 0.1410819613829313 0
1040 -0.01876406641805386 0.1535284957083032 0
1041 -0.5580569691654729 0.03137214050409324 0
1042 -0.4846987609465058 -0.0757315295900941 0
1043 -0.5321615975490768 -0.06328501176266742 0
1044 0.5852123101105977 0.5223115946023943 0
1045 0.5387027540055254 0.536389316885503 0
1046 0.2184620351580045 0.5745564558005702 0
1047 0.2529724540393369 0.6094372190951929 0
1048 0.2055096174756856 0.6218837368960821 0
1049 0.6499200606882599 -0.197444440417347 0
1050 0.6845264623895442 -0.1626586408635912 0
1051 -0.4459295925297716 0.2655471661005219 0
1052 -0.4933924291312426 0.2779936838990331 0
1053 -0.480440011450655 0.2306664027701529 0
1054 0.5120208076533033 -0.3371084039469767 0
1055 0.5593834135922711 -0.3494557553383782 0
1056 0.5464309959326905 -0.3021284742245894 0
1057 0.1661901704142213 0.7586696616149645 0
1058 0.1319545637619042 0.7248368514881449 0
1059 -0.7239749169436283 0.1640163491661115 0
1060 -0.7414724405122086 0.216089909394841 0
1061 -0.7742793872283846 0.1816753483232567 0
1062 -0.05744514687625461 -0.6710107288475249 0
1063 -0.04430181644994623 -0.7176099941267644 0
1064 0.1580467809328704 0.6343302546914239 0
1065 -0.1092548174975372 -0.4817016044531078 0
1066 -0.1437652364003716 -0.5165823677395873 0
1067 -0.09630239984086472 -0.5290288855595224 0
1068 -0.6055198057576904 0.04381865832260103 0
1069 -0.6184722234328968 0.09114593941030798 0
1070 -0.05336256664747328 0.6019082815615955 0
1071 0.1494411973711323 0.5047949291845277 0
1072 0.1839516162709957 0.5396756924911627 0
1073 0.1364887796944899 0.5521222102948244 0
1074 -0.5063448468302358 0.3253209650209341 0
1075 -0.3855143382577957 0.2057733671397479 0
1076 -0.4200247571894881 0.1708926037919496 0
1077 -0.3725619205980998 0.1584460859600559 0
1078 -0.03062710479340113 -0.7621829207564442 0
1079 -0.06065246406026086 -0.8003309692857774 0
1080 -0.01265824629197533 -0.8107511484462473 0
1081 -0.08334998219626585 -0.5763561666630039 0
1082 -0.1178604010790013 -0.6112369299417488 0
1083 -0.07039756453156798 -0.6236834477587506 0
1084 -0.4674875937931526 0.1833391216178486 0
1085 -0.04023397968452622 -0.4119400778791039 0
1086 -0.07474439859876734 -0.4468208411666736 0
1087 -0.02728156202378914 -0.4592673589854732 0
1088 0.007140762032497083 0.05887391285903097 0
1089 -0.04032206903479743 0.07132044718440288 0
1090 0.5809247097318969 -0.2672311832056891 0
1091 0.6282845314767509 -0.2795757799696221 0
1092 0.6154156393369895 -0.2323311375593202 0
1093 0.313387708292719 0.5496634202041254 0
1094 0.3003062105697178 0.5964984749074391 0
1095 -0.1094309868264229 0.4848194737928567 0
1096 -0.1223834045090988 0.5321467549368289 0
1097 -0.1523169614225535 -0.6459123121361778 0
1098 -0.143941405755605 0.4499387104568845 0
1099 -0.096478569145446 0.4374921926383157 0
1100 -0.2818949968609052 -0.1728448822165242 0
1101 -0.3164054157322805 -0.2077256453603851 0
1102 -0.1999217415996696 -0.1504106375332716 0
1103 -0.2128741593423835 -0.1030833565332547 0
1104 -0.247384578042727 -0.1379641192100219 0
1105 -0.2948474146036191 -0.1255176012165073 0
1106 -0.005723560788345088 -0.3770593146012543 0
1107 -0.0531863973633233 -0.3646127967824547 0
1108 -0.03162839613470387 -0.2824047523306419 0
1109 -0.06613881504693696 -0.3172855156925601 0
1110 0.4170951345005938 -0.3122153682999674 0
1111 0.4645579710790079 -0.3246618861294213 0
1112 0.4516055534153086 -0.2773346050037341 0
1113 0.1105787393098061 0.6466615512358075 0
1114 0.1235311569712889 0.5993342701458431 0
1115 -0.4156779231019633 -0.005970002992866708 0
1116 0.2737559750226223 0.6886919051159502 0
1117 0.2605287451321241 0.7349712330381116 0
1118 -0.346657085275101 0.06379152356572083 0
1119 -0.3596095029483524 0.1111188047238798 0
1120 0.02878685812385234 -0.3421785513298121 0
1121 0.04173927580264942 -0.3895058324264613 0
1122 -0.2732013284115785 -0.526570095388993 0
1123 -0.3077117473085439 -0.561450858683332 0
1124 -0.3270325170518069 -0.6426496367839971 0
1125 -0.3139109223176315 -0.6893317877938347 0
1126 0.5716875495420934 -0.395992253299679 0
1127 0.6060977378214807 -0.3610123235772917 0
1128 -0.01450531362174355 0.4599264381671911 0
1129 0.02000510529896046 0.4948072014929694 0
1130 -0.7565233627807983 -0.0483797037638652 0
1131 -0.368127001551996 -0.501677059766196 0
1132 -0.3546429677682758 -0.5487926850955712 0
1133 0.00288202272543607 -0.2475239891963704 0
1134 0.01583444039299777 -0.2948512703703336 0
1135 0.115106947727698 -0.496606912488737 0
1136 0.06764411112894861 -0.4841603946385088 0
1137 0.0805965287916201 -0.5314876757705977 0
1138 0.4775103887385885 -0.37198916724321 0
1139 -0.04892765086903378 -0.05821487325796176 0
1140 -0.08343806815317389 -0.09309563168661623 0
1141 -0.03597523284920767 -0.1055421533917977 0
1142 -0.02302281347671063 -0.1528694294767337 0
1143 -0.05753323196780668 -0.1877501914885654 0
1144 -0.01007039531116952 -0.2001967091448469 0
1145 0.313563877731312 -0.4168576582190376 0
1146 0.3480742966616167 -0.3819768949126843 0
1147 0.3006114600693042 -0.3695303770825059 0
1148 -0.6785562469940398 0.1510103887116528 0
1149 -0.1783637405516983 -0.06820259360501199 0
1150 -0.2258265769947557 -0.05575607528176223 0
1151 0.2790534588030742 -0.4517384215352768 0
1152 0.3265162953953867 -0.4641849393654552 0
1153 0.4127477642999342 -0.1353533126025613 0
1154 0.4256974534896366 -0.1826769857685448 0
1155 0.4602073362709646 -0.1477967734719942 0
1156 -0.3510039193443004 0.2406541304550573 0
1157 -0.3984667559356887 0.253100648286951 0
1158 -0.32509908401666 0.1459995680716781 0
1159 -0.251731412222136 0.03889848745253867 0
1160 -0.2646838298715694 0.08622576868814524 0
1161 -0.2991942487174793 0.05134500559989538 0
1162 0.231414452834647 0.5272291746902733 0
1163 0.1668285337769992 -0.2026554983033469 0
1164 0.2013389485395943 -0.167774747397726 0
1165 0.1538761118662047 -0.1553282297778655 0
1166 0.1710871614466196 0.103742071100712 0
1167 0.1236243780855217 0.1161887465575402 0
1168 0.5076683626010239 -0.1602403752289333 0
1169 -0.04901573254012709 0.4250456748351783 0
1170 -0.001552895945606765 0.4125991570280815 0
1171 0.1754340877816038 -0.07312026072023141 0
1172 0.1279712483802873 -0.06067375120615547 0
1173 0.1409236872274834 -0.1080009693581685 0
1174 -0.4114191736162763 0.3004279294158313 0
1175 0.06746794188370163 0.4823606836741419 0
1176 0.05451552420988531 0.529687964807017 0
1177 0.1969919750068829 0.009087444610806739 0
1178 0.2099444057109527 -0.03823980234096978 0
1179 0.3955371332439589 -0.3944234127374353 0
1180 0.382584715581951 -0.3470961316009036 0
1181 -0.5666720164655571 -0.09816577507061633 0
1182 0.5335621037929291 -0.2548838318142875 0
1183 -0.06631498432242666 0.6492355627022711 0
1184 -0.1008254032565691 0.6143547994029082 0
1185 0.07616156841224708 0.1286353445870994 0
1186 -0.6615976896428735 -0.07327273941717856 0
1187 0.4639604433222277 0.643033172173709 0
1188 -0.1049960686315745 -0.1753036739113465 0
1189 0.02009317713061902 0.01154662402547609 0
1190 -0.01441723398957754 -0.02333411603387165 0
1191 0.03304559555512901 -0.0357806549037955 0
1192 -0.6313773224410224 0.1384861705820266 0
1193 0.4083133814455065 0.5247703846238583 0
1194 0.4428238003365661 0.5596511479358479 0
1195 0.04590994065751995 0.4001526392342631 0
1196 0.01139952173913641 0.3652718759022503 0
1197 0.1195400246578292 -0.6728803225231761 0
1198 0.07212570131483495 -0.6604657427377942 0
1199 0.07190286014176811 -0.1777624639082508 0
1200 0.1064132724648883 -0.1428817202637895 0
1201 0.05895043550304674 -0.1304352034885539 0
1202 -0.1222072351582743 -0.4343743233467385 0
1203 -0.3337046676256676 0.01646424233011426 0
1204 0.01148760380742949 -0.1179886710480792 0
1205 0.09760029639427734 0.6934127260324542 0
1206 -0.1654994070062682 0.367730665963386 0
1207 -0.1525469893262389 0.3204033848191364 0
1208 -0.1180365703945989 0.3552841481580937 0
1209 0.0459980161305497 -0.08310792740361791 0
1210 -0.277636247440614 0.1335530501739239 0
1211 -0.2905886650903613 0.1808803314101 0
1212 -0.07483248676121562 0.03643968747568432 0
1213 -0.08778490338192552 0.08376697176468727 0
1214 -0.1568057396562071 0.0140054498512246 0
1215 -0.1697581572422849 0.06133273129837861 0
1216 -0.2042685757901482 0.0264519690936345 0
1217 0.4429791778161376 -0.4068452097289008 0
1218 0.4904420143904329 -0.4192917275464562 0
1219 -0.2387789946360582 -0.008428793994615349 0
1220 0.218638204534067 -0.3919646225507674 0
1221 0.2531486234834722 -0.3570838592490454 0
1222 0.2056857868785398 -0.3446373414109536 0
1223 -0.04883956329343139 -0.5414754033765243 0
1224 -0.1007373205718142 0.1310942543696307 0
1225 -0.06622690194464731 0.1659750167541 0
1226 0.08911398615235627 0.08130806479310286 0
1227 0.1841277855976993 -0.4268453858621542 0
1228 0.2315906222026317 -0.439291903700246 0
1229 -0.4630526747221842 -0.476784024133853 0
1230 -0.49661062846475 -0.5114041190457483 0
1231 0.1149307784731108 0.4699141658697038 0
1232 0.1623936150496166 0.457467648066042 0
1233 -0.06188006929354378 -0.01088759432869017 0
1234 -0.1912280729523346 -0.5041358499167531 0
1235 -0.1438533221885352 -0.0333218319531499 0
1236 -0.1309009045361631 -0.08064911320464237 0
1237 -0.02311089742803042 0.330391111789172 0
1238 0.02435193917509629 0.3179445939953537 0
1239 -0.4587939255283388 -0.1703860919030038 0
1240 -0.4458415077884007 -0.2177133730549388 0
1241 -0.4113310889129405 -0.1828326097278572 0
1242 -0.1352477382982324 0.09621349466091217 0
1243 -0.1827105744321735 0.1086600139033221 0
1244 0.5032390546194099 0.4998773490512239 0
1245 0.4912399174133463 0.5488358346734259 0
1246 0.6715901071153811 -0.1153472516210993 0
1247 -0.3078879168514059 0.4050702194064481 0
1248 -0.3553507534595832 0.4175167372057858 0
1249 -0.3423983357797192 0.3701894560669418 0
1250 0.3696322979182516 -0.2997688504752164 0
1251 0.1927333691872277 -0.2973100603729226 0
1252 0.1582229502378225 -0.3321908236746447 0
1253 0.06329727698399229 -0.3072977881955405 0
1254 0.1107601136306786 -0.3197443058958164 0
1255 0.09780769589982405 -0.2724170249363378 0
1256 -0.2301734109452707 0.1211065320265671 0
1257 0.08902073807142553 0.564453506839208 0
1258 0.07181477605013589 0.3054980769591816 0
1259 -0.2129622436221628 0.3801771837840787 0
1260 -0.1784518246905227 0.415057947123036 0
1261 -0.07057373378927997 0.3428376303549563 0
1262 -0.0835261514693092 0.390164911499206 0
1263 -0.5192972645214216 0.3726482461384754 0
1264 -0.532249682210593 0.4199755272554097 0
1265 0.3739791319892912 -0.4766314571886991 0
1266 0.4214211765614699 -0.4890532541801646 0
1267 0.4084687588958033 -0.4417259730406815 0
1268 0.08050842725074625 -0.04822718734427017 0
1269 -0.1093429036406719 0.001558930251594218 0
1270 -0.1262829531422082 0.7073501749003087 0
1271 -0.07926740200720797 0.6965628438316493 0
1272 -0.09177253421789378 0.7422309381883743 0
1273 0.1840395484524944 0.05641469927668777 0
1274 0.1495292223800193 0.02153421209766268 0
1275 -0.3035410827443627 0.2282076126260046 0
1276 -0.3164935004222557 0.2755348937732077 0
1277 0.9496046334679525 -0.114334593757006 0
1278 0.9424049103785576 -0.1628711844491734 0
1279 -0.1124963962933498 -0.9529054398161477 0
1280 -0.1610329869855172 -0.9457057167267527 0
1281 0.1661321126306048 0.9426620763518121 0
1282 -0.9520716221041687 0.1141243058926043 0
1283 -0.9448718990147738 0.1626608965847717 0
1284 0.2788772894100946 0.5147826568922749 0
1285 0.3263401259811578 0.5023361390967194 0
1286 -0.1870574082831847 0.2855226214024481 0
1287 -0.1914042423714996 0.4623852282775771 0
1288 0.2873537928873989 0.643825756002951 0
1289 -0.3768206700373379 -0.1479518463994659 0
1290 -0.3638682522973999 -0.195279127551401 0
1291 0.1020664012504782 0.03398077595954798 0
1292 0.1150188278048667 -0.01334647870633305 0
1293 0.584515215148866 -0.4431712094827685 0
1294 0.5976571395121932 -0.4927117717226565 0
1295 0.6315437981346302 -0.4570893837784805 0
1296 0.08042035956218599 0.4350334025556562 0
1297 -0.01432914437257975 -0.5065946400967063 0
1298 0.02018127454166137 -0.4717138768091365 0
1299 0.6025602389434059 -0.1850998436534139 0
1300 -0.3682150865013408 -0.01841652084265318 0
1301 -0.402725505420015 -0.0532972841314596 0
1302 0.5378008909196563 -0.431614641243855 0
1303 0.5032696799972054 -0.4664706837295457 0
1304 0.4782874997226816 0.596163115770127 0
1305 0.1496173666656452 -0.4617261491841405 0
1306 0.1625697843283168 -0.5090534303162293 0
1307 0.3291905753197992 -0.6393927502731649 0
1308 0.283121533826214 -0.6283252289824831 0
1309 0.2944013973552563 -0.6739977142573726 0
1310 0.03739244121653212 -0.2126432271845386 0
1311 -0.1612406575366259 0.6741285983853051 0
1312 -0.1737457897473117 0.7197966927420301 0
1313 0.5206064215264012 -0.2075534937166825 0
1314 0.4861127077271948 -0.2424507847355828 0
1315 -0.04466889911292892 0.2481830659585348 0
1316 -0.03171648270719384 0.2008557809889975 0
1317 -0.7527305699911266 0.2645660993131671 0
1318 0.08485527817837368 -0.2250897439597743 0
1319 0.13231811482506 -0.2375362616600501 0
1320 -0.117948486516337 -0.1279763933384783 0
1321 0.3566798802522818 -0.2524415693409519 0
1322 0.3911902991777503 -0.217560806036696 0
1323 0.3437274625931377 -0.2051142882033677 0
1324 0.1237125313219907 -0.3670715869338473 0
1325 0.2591365018277604 -0.7086259323024771 0
1326 0.3052055433213455 -0.7196934535931588 0
1327 -0.5452020998915389 0.4673028083773748 0
1328 -0.5589311623214888 0.5178890211948326 0
1329 0.3047821249506358 0.4201280947253141 0
1330 0.2573192882445207 0.432574612503666 0
1331 0.2702717060966231 0.3852473314441112 0
1332 0.2443668705230857 0.4799018935828673 0
1333 0.209856451669073 0.4450211303016645 0
1334 -0.1006492339431181 -0.3521662789704097 0
1335 0.1797809514984496 -0.2499827792799106 0
1336 0.05460359157720363 0.04642737398910713 0
1337 -0.3416905501012877 -0.5961199662012506 0
1338 -0.3509158346078831 -0.2426064086887763 0
1339 0.3394687130610533 -0.5115122205049384 0
1340 0.2962646260022931 -0.1926677703701427 0
1341 0.248801789393653 -0.1802212525779346 0
1342 0.261754207059029 -0.2275485337154155 0
1343 0.6008340686488147 0.4768865759616028 0
1344 0.2445430398667064 -0.4866191848466636 0
1345 -0.3897730877361355 -0.1006245652785841 0
1346 -0.3423102511205949 -0.1130710831021279 0
1347 0.373802962567735 0.4898896213454761 0
1348 0.4212657991494594 0.4774431035607645 0
1349 -0.5393688536753203 -0.4982421084660907 0
1350 -0.525463970824162 -0.5453087211988727 0
1351 0.2185499140734832 0.09129530361385604 0
1352 0.26601243042011 0.07884783126830125 0
1353 0.8401688555819081 -0.4666711413653871 0
1354 0.8149430296765995 -0.5087578894166144 0
1355 0.4688348228767245 0.832665130233497 0
1356 0.5109215709279518 0.8074393043281883 0
1357 -0.4722002023705558 -0.8313996595897478 0
1358 -0.5142869504217831 -0.8061738336844392 0
1359 -0.8329858153393077 0.470149028040237 0
1360 -0.8077599894339991 0.5122357760914642 0
1361 0.2228968445581487 -0.08556702049298284 0
1362 -0.02293472799351916 -0.63612996556878 0
1363 0.2358493674828585 -0.1328939840524531 0
1364 -0.2474726625547251 0.3452964204460164 0
1365 -0.2604250802389796 0.3926237016056663 0
1366 0.529849513708043 0.4054260101250092 0
1367 0.4947892986028697 0.3703461473804348 0
1368 -0.3077998323024167 -0.07819032009562552 0
1369 0.2876590424137769 -0.3222030959426921 0
1370 -0.1956629920012181 0.1559872953891007 0
1371 -0.001376726727980886 -0.5539219212001876 0
1372 0.3307750449277617 -0.1577870070658868 0
1373 0.322169461333639 -0.2873223326418881 0
1374 -0.4718344279015448 0.3602017283469434 0
1375 -0.3207522499437192 -0.03086303880847863 0
1376 -0.1524589050145636 -0.1628571554293726 0
1377 -0.1869693237149071 -0.1977379181061398 0
1378 0.09337277724692918 0.387706121429825 0
1379 0.1063251949615821 0.3403788403260245 0
1380 0.1408356138662481 0.3752596036474176 0
1381 0.3652852822110166 -0.1229068140400683 0
1382 0.3178224456201721 -0.1104602962068433 0
1383 -0.1353358221856684 0.579474036090312 0
1384 -0.1482882398606218 0.6268013172309876 0
1385 0.1753460327710516 0.4101403669868406 0
1386 -0.437235924336758 -0.08817804742879762 0
1387 -0.4717463432626263 -0.1230588107372186 0
1388 0.2272437881391669 -0.2624292970162195 0
1389 0.3392925436851106 0.4550088580336256 0
1390 0.05469169347773923 -0.4368331135272758 0
1391 0.08920211238993667 -0.4019523502558336 0
1392 -0.2560782461683166 0.2157610947282504 0
1393 0.3522449615372131 0.4076815769740708 0
1394 -0.1698462411131516 0.5445932727649085 0
1395 -0.2386909095130347 -0.4916893320939841 0
1396 -0.2861537460769882 -0.4792428142826435 0
1397 -0.3336165826482674 -0.4667962964669317 0
1398 -0.3810794192247314 -0.4543497786554753 0
1399 0.08446049688479405 0.7365920417392108 0
1400 -0.4281644846931139 0.5241433172419059 0
1401 -0.3810711139284375 0.5119968289849586 0
1402 -0.3936278596671222 0.5589851815267469 0
1403 0.1366649489970805 -0.4143988680346619 0
1404 -0.05762131635332009 0.2955103484480597 0
1405 -0.2733774979188436 0.4399509827445104 0
1406 -0.2732894134267434 -0.04330955692285807 0
1407 0.4342182168552506 0.4301158224883264 0
1408 0.468728635733022 0.4649965857667085 0
1409 -0.2043566600394558 0.5097125094255867 0
1410 -0.2388670789743734 0.4748317460917382 0
1411 0.5551177586667582 -0.172673422307638 0
1412 -0.1740169059858344 -0.2450651991481895 0
1413 0.2704014153569094 -0.5812277805942987 0
1414 0.2356122373923666 -0.6158327445785063 0
1415 0.1882984504857045 0.3628130858830401 0
1416 0.274706624747807 -0.2748758148084276 0
1417 -0.3294459180968676 0.3228621749349322 0
1418 -0.3769087547050449 0.3353086927342699 0
1419 -0.28198308149693 0.3104156571058795 0
1420 -0.2345202448801131 0.2979691392842919 0
1421 -0.2863299155867998 0.4872782638925199 0
1422 -0.4243715912991278 0.3477552105478408 0
1423 0.3565901019411397 0.2308136819466759 0
1424 0.1754757421567157 -0.556334744905574 0
1425 0.209986161094663 -0.5214539816009773 0
1426 -0.1610644882342997 -0.2923924800873267 0
1427 -0.3854262534329908 -0.2774871720221852 0
1428 -0.3379634168678714 -0.2899336898311693 0
1429 0.4386498711487807 -0.230004266906129 0
1430 0.2703596854122074 -0.09801352567319147 0
1431 -0.2991061637497237 -0.4319155331719228 0
1432 -0.2645957448652705 -0.3970347698760806 0
1433 -0.3120585814365498 -0.3845882520603687 0
1434 0.003692401318339296 -0.7280301732872342 0
1435 -0.5062567621380866 -0.1579395740643003 0
1436 -0.1481120705132657 -0.3397197611451318 0
1437 -0.1955749071208336 -0.3272732433519434 0
1438 -0.4606053453003111 0.6233046762169658 0
1439 -0.4066856178086052 0.6064191474169147 0
1440 -0.4265697326771177 0.6585921538501864 0
1441 0.4688386734707219 -0.5014500725232758 0
1442 0.5161975499999454 -0.5137729862206746 0
1443 -0.2300853259759481 -0.3621540065871375 0
1444 0.04610048367242374 -0.5662702396039437 0
1445 0.3134750834014691 0.06640077006438044 0
1446 0.07063171363789668 0.7875945032035007 0
1447 -0.394031836898035 -0.4070224975262507 0
1448 -0.4285422558017635 -0.4419032608255151 0
1449 -0.2041804906177443 -0.4568085688104036 0
1450 -0.1957510764657252 0.6392478350727091 0
1451 0.908054806475265 -0.2986682794110538 0
1452 0.8915244049651063 -0.3448676568428107 0
1453 -0.3010945634723099 -0.9097575554051114 0
1454 -0.3472939409040668 -0.8932271538949526 0
1455 0.3080260137684414 0.9131582154956446 0
1456 0.3542253912001982 0.8966278139854859 0
1457 -0.9104107888238993 0.2984158684659254 0
1458 -0.8938803873137404 0.3446152458976823 0
1459 -0.2173090777160253 0.5570397905790696 0
1460 -0.1881799773979584 0.7715727629225573 0
1461 -0.2231376817923761 0.7383511864075538 0
1462 -0.5696448282422606 -0.404211775071869 0
1463 -0.583668860420979 -0.3571777708326842 0
1464 -0.6168933419948188 -0.3917066018760781 0
1465 -0.6011824353522957 -0.1330465383824779 0
1466 -0.5537195987591128 -0.1454930562103767 0
1467 -0.6961081085660935 -0.1081535027173471 0
1468 -0.7435709451618647 -0.09570698488718954 0
1469 -0.7306185275009514 -0.143034266012897 0
1470 -0.7910337817156563 -0.0832604670594152 0
1471 -0.2701319054360965 0.749804052559554 0
1472 -0.2556977177854498 0.6980279823790269 0
1473 -0.4803519266496832 -0.2525941363697173 0
1474 -0.4328890900342849 -0.2650406541945707 0
1475 0.7398530480445304 -0.0466796568945775 0
1476 0.3766353413543518 -0.6518213893754958 0
1477 0.3861109680717944 -0.70428201062346 0
1478 0.4222758705773048 -0.6710381644509014 0
1479 0.3524211307228573 -0.5588395016632288 0
1480 0.3653554778253095 -0.6061489041006063 0
1481 0.39986589675741 -0.5712681407655598 0
1482 -0.3682240367428496 0.4647762326227048 0
1483 -0.333687411716858 0.4996180969075459 0
1484 -0.4760050923954877 -0.4294567430046284 0
1485 0.5896221800180286 -0.1377867251656647 0
1486 -0.6705170511536902 -0.387457302864001 0
1487 -0.6564930189749719 -0.4344913071031857 0
1488 -0.2086154095713882 0.2033145768464066 0
1489 0.516191472325201 0.4525500679787857 0
1490 -0.4977392632736763 0.4548562905864497 0
1491 0.5643599325944308 0.4403067734095246 0
1492 -0.2215678272253896 0.2506418580623113 0
1493 -0.4889575100717439 -0.3821294618623828 0
1494 -0.5234679289921647 -0.4170102251707207 0
1495 0.2574489976951054 -0.5339004994360081 0
1496 0.5637057262528308 -0.5262692034576821 0
1497 0.3049582941289529 -0.5463929838399849 0
1498 -0.4373240089903134 0.3950824916653821 0
1499 -0.6486452719819601 -0.1206000205428861 0
1500 -0.6356928542755158 -0.1679273016826464 0
1501 -0.135159652829652 -0.3870470422350265 0
1502 -0.1696700717284219 -0.4219278055214606 0
1503 0.447283393666662 -0.5836649591086711 0
1504 0.4343490465642098 -0.5363555566712935 0
1505 -0.217132908289122 -0.4094812876986916 0
1506 -0.5566924105660045 -0.4515390562141146 0
1507 -0.4858100353964178 0.5815446160625954 0
1508 -0.7625933818998801 -0.1772211020794265 0
1509 -0.7151305453041089 -0.1896676199095841 0
1510 -0.5207952606578297 0.5470705670249557 0
1511 0.2122928304263153 -0.6958306319147551 0
1512 0.2230969763924045 -0.7415263712505413 0
1513 -0.4027344556711628 0.4298954692831984 0
1514 -0.4757064556932104 0.5366576207460545 0
1515 -0.5407671810248251 -0.1928203373761618 0
1516 0.5292747197263473 -0.5612485922514122 0
1517 -0.3376709733072911 0.6755937367905811 0
1518 -0.3251090664274242 0.6290944986749731 0
1519 -0.2901300345493034 0.6629816104154191 0
1520 -0.5855457529254164 -0.485443658367239 0
1521 0.05127562022628879 -0.7400176320524923 0
1522 0.06354694327275498 -0.7846250982690046 0
1523 0.09745545052415937 -0.7520396304045829 0
1524 0.4040507214320275 0.21835955267836 0
1525 -0.243135810905583 0.6515287442634189 0
1526 -0.3250109991225378 -0.3372609709645523 0
1527 0.03760090856974369 -0.6954447054228124 0
1528 -0.4199366722942732 -0.3123679353369637 0
1529 -0.2301833932295788 0.6042014631091014 0
1530 -0.2646938121558831 0.5693206997697795 0
1531 -0.5277951956192777 -0.240143475912947 0
1532 -0.5148427778651619 -0.287470757052579 0
1533 -0.3120513082859412 0.5816605327848055 0
1534 -0.2991769927723877 0.5344988602547737 0
1535 -0.6799242019700631 -0.3328163318365919 0
1536 -0.359521418006991 -0.3721417342603945 0
1537 0.01159006475157209 -0.6011510028837619 0
1538 0.1883940203805136 -0.6035318885243017 0
1539 0.1429900392807925 -0.7626890837419573 0
1540 0.1307187162343263 -0.718081617525445 0
1541 -0.4501972922735798 0.442341987082301 0
1542 0.1650746134144623 -0.6835297758605505 0
1543 0.2011141388498182 -0.6506293369124863 0
1544 -0.6928542394056521 -0.2855108750961667 0
1545 0.3479843986024374 0.1012782723550768 0
1546 -0.4631497099545257 0.4896692682042661 0
1547 0.02454248240688546 -0.6484782839725362 0
1548 -0.3595922470439289 0.5942726591599674 0
1549 -0.406984254584023 -0.3596952164304343 0
1550 0.7234756014684139 -0.6197534934872221 0
1551 0.6202466292754238 0.7210419346311636 0
1552 0.6566033777386173 0.6880900987273135 0
1553 -0.6260318212401286 -0.725248602537421 0
1554 -0.6623885697033219 -0.692296766633571 0
1555 -0.7283511489708494 0.6177985860748497 0
1556 -0.4544470911853172 -0.3472486986028199 0
1557 -0.7019414243738764 -0.2369580700660783 0
1558 -0.6699665699749477 -0.2027712339995488 0
1559 0.2357611570919051 0.3503661504052673 0
1560 -0.5019099277819941 -0.3348021807689121 0
1561 -0.7380182147348133 -0.2724072610062019 0
1562 -0.5493531967515886 -0.3223515203121419 0
1563 0.447196019073312 0.3827872434776942 0
1564 0.3997331824897493 0.3952337612717501 0
1565 0.4170011599768772 0.171027359490279 0
1566 0.3824941834169152 0.1361571130797853 0
1567 0.4299532140039748 0.1236990603738767 0
1568 0.4429068916695811 0.07637618750166467 0
1569 0.4774138682295431 0.1112464339121584 0
1570 0.5119101105103353 0.1460901771870983 0
1571 0.5464140535991786 0.1809448578440354 0
1572 0.5766108377609591 -0.09053455368910289 0
1573 0.6240533180376069 -0.1029609750348788 0
1574 0.6067925000602907 0.1211264633596185 0
1575 0.5938292244076881 0.1683405642443828 0
1576 0.692728181048324 -0.03348037380061208 0
1577 0.6585787648583117 -0.06809508014453748 0
1578 0.641261694011245 0.1558559800141752 0
1579 0.6754574816003651 0.1904540157300628 0
1580 0.66286789422696 0.2373243102998047 0
1581 0.7100269574686827 0.224708245130928 0
1582 0.7684946691025006 0.1650550909390618 0
1583 0.7800016873396514 0.1173569488268396 0
1584 0.7571236069689701 0.2115379664789047 0
1585 0.744534019595565 0.2584082610486467 0
1586 0.4601727276060852 -0.6309346674053676 0
1587 0.494655877412885 -0.5960220833111014 0
1588 0.5421640536657704 -0.6085183005481087 0
1589 0.4151593692374461 0.7854108958097568 0
1590 0.3840061877368216 0.7445228937081517 0
1591 0.8030017312293829 0.1987551068567806 0
1592 0.5913130947686838 -0.6234009718709794 0
1593 0.3509882063309487 -0.8367717681611933 0
1594 -0.8759033051375613 -0.1220973452783094 0
1595 -0.8672227037605265 -0.1655863620264301 0
1596 -0.8366627634789123 -0.1444423755494637 0
1597 0.674460485221596 -0.2916401537824602 0
1598 0.6522736915663256 -0.3730766973901298 0
1599 0.6399695556165034 -0.326540199428829 0
1600 0.8947396638519696 -0.0008556579475919521 0
1601 -0.6804219625199196 0.5671763604366626 0
1602 -0.6421613626969729 0.5333716510259172 0
1603 0.8503974355547828 0.187154701815497 0
1604 0.8390263734212522 0.2336375773553399 0
1605 -0.6951634737627279 0.3739569431556162 0
1606 -0.8729767820274238 0.09550174072283141 0
1607 -0.9187356019394598 0.09024899448857487 0
1608 0.5054799467860958 -0.7648405707490176 0
1609 -0.7822115404817762 -0.2520556900631348 0
1610 -0.06106010393237632 0.777318064644684 0
1611 -0.1488084145445679 0.8729002303124475 0
1612 -0.1197963774726769 0.8281429766170194 0
1613 -0.3479147166881512 0.7235500298634929 0
1614 -0.382893748566272 0.689662918123047 0
1615 -0.8355140136514949 0.1090653174550275 0
1616 -0.8714957491307307 0.1437950484871708 0
1617 0.07957601279145243 -0.9073557989089942 0
1618 -0.2771462079311903 -0.8286628384623873 0
1619 -0.2653169001901656 -0.8746141837784093 0
1620 -0.3450005250160337 -0.7225811173254196 0
1621 -0.2996057428716072 -0.7353917713402714 0
1622 -0.7276389098786914 0.3403183290504815 0
1623 -0.0848296290576504 -0.8797626749530989 0
1624 -0.094701308297164 -0.8335412422488921 0
1625 -0.9013331122109682 -0.1904411858942348 0
1626 -0.8620925705523192 -0.2127862161653891 0
1627 0.66452305052076 -0.4223399485172087 0
1628 -0.1126701667985898 -0.7849730145590892 0
1629 0.8723109874613966 0.2676514882544452 0
1630 -0.3212998980731687 -0.8156079378405265 0
1631 -0.286541655428031 -0.781696001493717 0
1632 -0.2554520527296288 -0.7484466719621321 0
1633 -0.1080756550673766 0.7881053957133434 0
1634 -0.2078352419618001 -0.7603060333406496 0
1635 -0.5552120639263309 -0.5788861425399399 0
1636 -0.5124538387157607 -0.5920481531195975 0
1637 -0.8614838368197186 0.1883452866800499 0
1638 -0.8129049457758835 0.1955537668856765 0
1639 -0.1999006998032587 0.8116103438262334 0
1640 -0.1921333512387755 0.8597577544055189 0
1641 0.3357688709658873 0.7540160531195077 0
1642 0.7905519464783946 0.06963513789794791 0
1643 -0.8733842529803613 -0.06932069708318234 0
1644 -0.8246647820952686 -0.06844327236871695 0
1645 -0.6285273842317973 -0.4792057643168373 0
1646 0.5566942524552214 -0.6581744629306685 0
1647 0.8961596793353394 0.174094550449471 0
1648 0.7875206876773904 -0.414824847667765 0
1649 0.7436345782532409 -0.4024176118113428 0
1650 -0.1600007648365203 -0.7720222260439628 0
1651 0.187348834168972 -0.7738270790374622 0
1652 -0.7954074222073031 0.143480206656947 0
1653 0.3450781564055572 -0.7241364159598664 0
1654 0.03338279156157405 -0.8082646982740546 0
1655 -0.856760330131638 -0.2589489820916749 0
1656 -0.8226499216811962 -0.2340941582238702 0
1657 -0.3931343886564679 0.7844463584684611 0
1658 -0.4331340190925048 0.8069469163383595 0
1659 -0.3813199688399533 -0.7107520173021524 0
1660 -0.7501148217230118 0.309930672637817 0
1661 0.9433412806139263 0.1606211255503772 0
1662 0.1617294752971182 -0.9371181986420312 0
1663 -0.1787122356198488 0.8995645536535806 0
1664 -0.165238810720755 0.9467461549321675 0
1665 -0.9436242628615007 -0.1691658271355722 0
1666 0.9075701163392871 0.3017752411033829 0
1667 0.2957311356030368 -0.9029078400806329 0
1668 -0.3005654283703761 0.9128486017395614 0
1669 -0.9642563431861301 0.02513325861108751 0
1670 -0.9618487065369691 0.07414182862620446 0
1671 -0.6956315416758974 -0.6589903420631722 0
1672 -0.7285833779313233 -0.6226335935240728 0
1673 0.3419305132980652 -0.8863774383703109 0
1674 0.8910397146289651 0.3479746187984114 0
1675 -0.351988732047312 0.8500151868588266 0
1676 -0.3467648060654045 0.8963182000292395 0
1677 0.9505410037871426 0.1120845345685955 0
1678 0.1131928843153365 -0.9443179218152473 0
1679 -0.1167022197389733 0.9539458781053838 0
1680 -0.950823986034717 -0.1206292361537906 0
1681 -0.9039441932619754 -0.0904646835601487 0
1682 -0.4722667454380725 0.8322707953130793 0
1683 -0.8393421000431303 -0.4743234426825991 0
1684 -0.814116273881913 -0.5164101908632771 0
1685 -0.5143534936187505 0.8070449691518621 0
1686 -0.2069098356092859 -0.9337194366352548 0
1687 0.1858364547229948 0.8964848523289779 0
1688 0.2147946635069586 0.9346080565000539 0
1689 -0.2545070130861475 -0.9217969643743238 0
1690 0.2623918409838202 0.9226855842391228 0
1691 -0.8989466051956474 0.1747817099478539 0
1692 -0.9348599867037617 0.2072111347776508 0
1693 -0.9229375144428306 0.2548083122545124 0
1694 -0.8770957173352647 0.3862800465412145 0
1695 -0.8561165833675606 0.4306366986863642 0
1696 -0.8470965716682968 0.3482118612070911 0
1697 -0.8071811336615682 0.4293889912044961 0
1698 0.7855302479352984 -0.5479618242326754 0
1699 0.756300668621682 -0.5873733497438747 0
1700 -0.55114867414109 -0.7791421032125105 0
1701 -0.5905601996522893 -0.7499125238988942 0
1702 -0.7848956807439429 0.5488370879793723 0
1703 -0.7556661014303265 0.5882486134905716 0
1704 -0.6509133318058744 -0.6441803258969931 0
1705 -0.7110067957937257 0.5716539169184632 0
1706 0.7290756189358113 0.6275375687448999 0
1707 0.6961237826803852 0.6638943172839994 0
1708 -0.3150838474059801 0.7484661932687856 0
1709 -0.3603066226649611 0.7625353746012515 0
1710 -0.7859527461309577 0.3875650149386192 0
1711 0.9044171289223586 -0.1786475412297296 0
1712 0.7317443968657701 0.3054972212141844 0
1713 -0.6112038273411131 -0.5259088165688134 0
1714 -0.5907547230285566 -0.5626537412488353 0
1715 0.3449065897060695 0.8283944455940415 0
1716 0.3175069166068406 0.797042577686639 0
1717 -0.3540238363052634 -0.8445159389565635 0
1718 -0.3894133266330022 -0.8751683180423193 0
1719 -0.4337699787781519 -0.8541891840746152 0
1720 -0.4345734456266026 -0.8036675786190628 0
1721 0.5156196454119484 -0.8125377422130065 0
1722 0.4735328972312703 -0.8377635683742237 0
1723 -0.7875437809024576 -0.205892924136849 0
1724 0.6983948683157828 -0.387867824368746 0
1725 0.8234952627851295 -0.4309009897116098 0
1726 0.8125995043440039 -0.3837802901707056 0
1727 0.5538237062528103 0.7893398459406987 0
1728 0.5932352317640095 0.7601102666270824 0
1729 0.8538716782006237 -0.3534541573341831 0
1730 -0.08717712634233263 -0.9229101322098715 0
1731 -0.02368930006409975 -0.9675970557445628 0
1732 -0.0726978700792167 -0.9651894190954018 0
1733 -0.3603035193742967 0.8093625218737538 0
1734 -0.363419283802104 -0.7975491019878933 0
1735 0.9427974990666891 -0.2108666781951248 0
1736 0.930875026805758 -0.2584638556719865 0
1737 -0.1505088077581944 0.7930558501607097 0
1738 0.2892299593291798 0.763645834608327 0
1739 0.775857342010665 0.4591554796533919 0
1740 0.7709197449638923 0.514284313410754 0
1741 0.8193698264431036 0.4445402720344817 0
1742 -0.8916093057787758 -0.2774510761681357 0
1743 -0.8521666569076527 -0.2987590182266169 0
1744 0.8862268062162257 -0.391269931723178 0
1745 0.8652476722485216 -0.4356265838683278 0
1746 0.8196659171812675 0.5198921090820838 0
1747 0.8448917433424847 0.4778053609014059 0
1748 -0.9219779840286119 -0.3037728951575047 0
1749 -0.8556065789034339 -0.352876062177513 0
1750 -0.9054475823182899 -0.3499722728525331 0
1751 0.3646234436255773 0.8610196862433324 0
1752 0.3930814836571848 0.8882714052385549 0
1753 0.4374381358023344 0.8672922712708508 0
1754 0.4348762231569539 0.8180361364590476 0
1755 0.9337620364559425 -0.006575476376541309 0
1756 0.970760533957747 -0.02312902297405339 0
1757 0.968352897308586 -0.07213759298917034 0
1758 0.9227728040748605 -0.08845504671594245 0
1759 0.383762682163056 0.8200380368471105 0
1760 0.902498695311521 -0.04053822751915742 0
1761 -0.3997387276260237 -0.7857200019646262 0
1762 0.1588061291958522 0.8647054187459802 0
1763 -0.367014789393929 -0.7568120008485892 0
1764 0.1970019655605425 0.7870975606731259 0
1765 0.1496265593987421 0.7964440662530629 0
1766 0.2422667907730774 0.7779977576052428 0
1767 0.107861624194073 0.8058003078400398 0
1768 0.05967857357954874 0.825378643848639 0
1769 -0.5777445909201553 -0.60939317316956 0
1770 -0.8117123644763349 -0.1157705534920413 0
1771 -0.8030317630993 -0.159259570240162 0
1772 -0.8084286579752781 0.3571773585259547 0
1773 -0.7640695024164148 0.3548657116139506 0
1774 0.117041193991183 0.8740616603329572 0
1775 0.1386734193403942 0.8342282068982012 0
1776 0.07336472866991753 0.8738007694992748 0
1777 -0.6154788049278399 -0.6353237611729237 0
1778 -0.9295918250391015 0.5571758956736662 0
1779 -0.5571758956736662 -0.9295918250391015 0
1780 0.9295918250391015 -0.5571758956736662 0
1781 0.5571758956736662 0.9295918250391016 0
1782 0.9295918236986455 0.557175898808849 0
1783 -0.557175898808849 0.9295918236986455 0
1784 -0.9295918236986455 -0.557175898808849 0
1785 0.557175898808849 -0.9295918236986455 0
1786 1.082477696618223 -0.05317871901737869 0
1787 -1.082477696618223 0.05317871901737869 0
1788 -0.05317871901737869 -1.082477696618223 0
1789 0.0531787190173786 1.082477696618223 0
1790 1.074757144951741 0.0528052269099777 0
1791 -1.074757144951741 -0.0528052269099777 0
1792 0.0528052269099777 -1.074757144951741 0
1793 -0.05280522690997771 1.074757144951741 0
1794 0.1513663815180964 1.077750012947846 0
1795 -1.077750012947846 0.1513663815180965 0
1796 -0.1513663815180965 -1.077750012947846 0
1797 1.077750012947846 -0.1513663815180965 0
1798 0.8644970690174865 0.6411715824993671 0
1799 -0.6411715824993671 0.8644970690174865 0
1800 -0.8644970690174865 -0.6411715824993671 0
1801 0.6411715824993671 -0.8644970690174865 0
1802 0.9802112289118518 0.4729091761475707 0
1803 -0.4729091761475707 0.9802112289118518 0
1804 -0.9802112289118518 -0.4729091761475707 0
1805 0.4729091761475707 -0.9802112289118518 0
1806 -0.9728398666661369 0.4601083071012437 0
1807 -0.4601083071012437 -0.9728398666661369 0
1808 0.9728398666661369 -0.4601083071012437 0
1809 0.4601083071012437 0.9728398666661369 0
1810 0.6415412831565965 0.8791370331847027 0
1811 -0.8791370331847027 0.6415412831565965 0
1812 -0.6415412831565965 -0.8791370331847027 0
1813 0.8791370331847027 -0.6415412831565965 0
1814 1.06108075918411 0.1575130273240812 0
1815 -0.1575130273240811 1.06108075918411 0
1816 -1.06108075918411 -0.1575130273240811 0
1817 0.1575130273240811 -1.06108075918411 0
1818 -1.010401772685313 0.3614000355797348 0
1819 -0.3614000355797348 -1.010401772685313 0
1820 1.010401772685313 -0.3614000355797348 0
1821 0.3614000355797348 1.010401772685313 0
1822 -0.3623480848605837 1.007171212960676 0
1823 -1.007171212960676 -0.3623480848605837 0
1824 0.3623480848605837 -1.007171212960676 0
1825 1.007171212960676 0.3623480848605838 0
1826 0.717853569473331 0.7947761640368876 0
1827 -0.7947761640368876 0.717853569473331 0
1828 -0.717853569473331 -0.7947761640368876 0
1829 0.7947761640368876 -0.717853569473331 0
1830 0.7906395675258755 0.7169591095433556 0
1831 -0.7169591095433556 0.7906395675258755 0
1832 -0.7906395675258755 -0.7169591095433556 0
1833 0.7169591095433556 -0.7906395675258755 0
1834 0.2577643555874009 1.037539602952688 0
1835 -1.037539602952688 0.257764355587401 0
1836 -0.257764355587401 -1.037539602952688 0
1837 1.037539602952688 -0.257764355587401 0
1838 1.034466235319403 0.2594358602864945 0
1839 -0.2594358602864945 1.034466235319402 0
1840 -1.034466235319402 -0.2594358602864945 0
1841 0.2594358602864945 -1.034466235319402 0
1842 0.7992544910635071 0.8003725158032295 0
1843 -0.8003725158032295 0.7992544910635071 0
1844 -0.7992544910635071 -0.8003725158032295 0
1845 0.8003725158032295 -0.7992544910635071 0
1846 0.3258181710548994 1.083874195963267 0
1847 -1.083874195963267 0.3258181710548994 0
1848 -0.3258181710548994 -1.083874195963267 0
1849 1.083874195963267 -0.3258181710548994 0
1850 -0.3270445940663793 1.082618821830641 0
1851 -1.082618821830641 -0.3270445940663793 0
1852 0.3270445940663793 -1.082618821830641 0
1853 1.082618821830641 0.3270445940663794 0
1854 -1.110674600722157 0.2282742853027399 0
1855 -0.2282742853027399 -1.110674600722157 0
1856 1.110674600722157 -0.2282742853027399 0
1857 0.2282742853027396 1.110674600722157 0
1858 1.108371621812527 0.2244845302725053 0
1859 -0.2244845302725052 1.108371621812527 0
1860 -1.108371621812527 -0.2244845302725052 0
1861 0.2244845302725052 -1.108371621812527 0
1862 0.7250780487960211 0.8705219856172544 0
1863 -0.8705219856172544 0.7250780487960211 0
1864 -0.7250780487960211 -0.8705219856172544 0
1865 0.8705219856172544 -0.7250780487960211 0
1866 0.8706070148916012 0.7226654158656941 0
1867 -0.7226654158656941 0.8706070148916012 0
1868 -0.8706070148916012 -0.7226654158656941 0
1869 0.7226654158656941 -0.8706070148916012 0
1870 1.051995862126171 0.4205500167364227 0
1871 -0.4205500167364226 1.051995862126171 0
1872 -1.051995862126171 -0.4205500167364226 0
1873 0.4205500167364226 -1.051995862126171 0
1874 0.4330733553861498 1.045531571695808 0
1875 -1.045531571695808 0.4330733553861499 0
1876 -0.4330733553861499 -1.045531571695808 0
1877 1.045531571695808 -0.4330733553861499 0
1878 1.125150031613519 0.1108176057652486 0
1879 -0.1108176057652486 1.125150031613519 0
1880 -1.125150031613519 -0.1108176057652486 0
1881 0.1108176057652486 -1.125150031613519 0
1882 0.9394136607252017 0.627696142570026 0
1883 -0.627696142570026 0.9394136607252017 0
1884 -0.9394136607252017 -0.627696142570026 0
1885 0.627696142570026 -0.9394136607252017 0
1886 0.5323771510524826 0.9960075985782739 0
1887 -0.9960075985782739 0.5323771510524825 0
1888 -0.5323771510524825 -0.9960075985782739 0
1889 0.9960075985782739 -0.5323771510524825 0
1890 1.129207190993656 5.731543650320348e-11 0
1891 -1.129207190993656 -5.731543650320348e-11 0
1892 5.731543650320348e-11 -1.129207190993656 0
1893 -5.731547931778432e-11 1.129207190993656 0
1894 -1.139189544126422 0.07613696663147615 0
1895 -1.080113854783034 0.1022725502677376 0
1896 -1.136825702291234 0.1252307978818351 0
1897 -0.07613696663147615 -1.139189544126422 0
1898 -0.1022725502677376 -1.080113854783034 0
1899 -0.1252307978818351 -1.136825702291234 0
1900 1.139189544126422 -0.07613696663147615 0
1901 1.080113854783034 -0.1022725502677376 0
1902 1.136825702291234 -0.1252307978818351 0
1903 0.07613696663147611 1.139189544126422 0
1904 0.1022725502677375 1.080113854783035 0
1905 0.125230797881835 1.136825702291234 0
1906 0.6067568418837305 0.9670958000170857 0
1907 0.5993585894151314 0.9043644291119022 0
1908 0.6489395356251957 0.9418684040898864 0
1909 -0.9670958000170857 0.6067568418837305 0
1910 -0.9043644291119022 0.5993585894151314 0
1911 -0.9418684040898864 0.6489395356251957 0
1912 -0.6067568418837305 -0.9670958000170857 0
1913 -0.5993585894151314 -0.9043644291119022 0
1914 -0.6489395356251957 -0.9418684040898864 0
1915 0.9670958000170857 -0.6067568418837305 0
1916 0.9043644291119022 -0.5993585894151314 0
1917 0.9418684040898864 -0.6489395356251957 0
1918 0.9924801621899904 0.5641563859348079 0
1919 0.9549015263052486 0.5150425374782098 0
1920 1.017789864796594 0.5220230246041687 0
1921 -0.5641563859348079 0.9924801621899904 0
1922 -0.5150425374782098 0.9549015263052486 0
1923 -0.5220230246041687 1.017789864796594 0
1924 -0.9924801621899904 -0.5641563859348079 0
1925 -0.9549015263052486 -0.5150425374782098 0
1926 -1.017789864796594 -0.5220230246041687 0
1927 0.5641563859348079 -0.9924801621899904 0
1928 0.5150425374782098 -0.9549015263052486 0
1929 0.5220230246041687 -1.017789864796594 0
1930 -1.130691788564178 0.1744399446361138 0
1931 -0.1744399446361138 -1.130691788564178 0
1932 1.130691788564178 -0.1744399446361138 0
1933 0.1744399446361138 1.130691788564178 0
1934 0.6892982683029865 0.9130528229222115 0
1935 -0.9130528229222115 0.6892982683029865 0
1936 -0.6892982683029865 -0.9130528229222115 0
1937 0.9130528229222115 -0.6892982683029865 0
1938 0.9973910807032684 0.5994165078153963 0
1939 0.9345027422119236 0.5924360206894375 0
1940 -0.5994165078153963 0.9973910807032684 0
1941 -0.5924360206894375 0.9345027422119236 0
1942 -0.9973910807032684 -0.5994165078153963 0
1943 -0.9345027422119236 -0.5924360206894375 0
1944 0.5994165078153963 -0.9973910807032684 0
1945 0.5924360206894375 -0.9345027422119236 0
1946 1.039569610164876 0.4774718435132143 0
1947 -0.4774718435132143 1.039569610164876 0
1948 -1.039569610164876 -0.4774718435132143 0
1949 0.4774718435132143 -1.039569610164876 0
1950 0.9720067168154656 0.6420169669308972 0
1951 -0.6420169669308972 0.9720067168154656 0
1952 -0.9720067168154656 -0.6420169669308972 0
1953 0.6420169669308972 -0.9720067168154656 0
1954 -1.000303686786672 0.5943574695731386 0
1955 -0.9627997118086877 0.5447765233630744 0
1956 -0.5943574695731386 -1.000303686786672 0
1957 -0.5447765233630744 -0.9627997118086877 0
1958 1.000303686786672 -0.5943574695731386 0
1959 0.9627997118086877 -0.5447765233630744 0
1960 0.5943574695731386 1.000303686786672 0
1961 0.5447765233630744 0.9627997118086877 0
1962 -1.162554291314139 0.04954760709412909 0
1963 -1.10584244380594 0.02658935948003163 0
1964 -0.04954760709412909 -1.162554291314139 0
1965 -0.02658935948003163 -1.10584244380594 0
1966 1.162554291314139 -0.04954760709412909 0
1967 1.10584244380594 -0.02658935948003163 0
1968 0.04954760709412906 1.162554291314139 0
1969 0.02658935948003156 1.10584244380594 0
1970 1.016103545519011 0.4467295964419967 0
1971 1.075461926772036 0.4512922638076403 0
1972 -0.4467295964419966 1.016103545519011 0
1973 -0.4512922638076402 1.075461926772036 0
1974 -1.016103545519011 -0.4467295964419966 0
1975 -1.075461926772036 -0.4512922638076402 0
1976 0.4467295964419966 -1.016103545519011 0
1977 0.4512922638076402 -1.075461926772036 0
1978 -1.029267646735367 0.1732283514663326 0
1979 -1.009162441737788 0.2264273385009848 0
1980 -1.057644807950267 0.2045653685527487 0
1981 -0.1732283514663326 -1.029267646735367 0
1982 -0.2264273385009848 -1.009162441737788 0
1983 -0.2045653685527487 -1.057644807950267 0
1984 1.029267646735367 -0.1732283514663326 0
1985 1.009162441737788 -0.2264273385009848 0
1986 1.057644807950267 -0.2045653685527487 0
1987 0.1732283514663325 1.029267646735367 0
1988 0.2264273385009847 1.009162441737788 0
1989 0.2045653685527486 1.057644807950267 0
1990 0.6379672829017773 0.8260737438960765 0
1991 0.6761234260601445 0.7838933093221689 0
1992 0.6796974263149638 0.8369565986107952 0
1993 -0.8260737438960765 0.6379672829017773 0
1994 -0.7838933093221689 0.6761234260601445 0
1995 -0.8369565986107952 0.6796974263149638 0
1996 -0.6379672829017773 -0.8260737438960765 0
1997 -0.6761234260601445 -0.7838933093221689 0
1998 -0.6796974263149638 -0.8369565986107952 0
1999 0.8260737438960765 -0.6379672829017773 0
2000 0.7838933093221689 -0.6761234260601445 0
2001 0.8369565986107952 -0.6796974263149638 0
2002 0.9520453804968205 0.4277963047747796 0
2003 0.9655253725212327 0.3725157591312862 0
2004 0.9936912209362641 0.4176286305040773 0
2005 -0.4277963047747796 0.9520453804968205 0
2006 -0.3725157591312862 0.9655253725212327 0
2007 -0.4176286305040772 0.9936912209362641 0
2008 -0.9520453804968205 -0.4277963047747796 0
2009 -0.9655253725212327 -0.3725157591312862 0
2010 -0.9936912209362641 -0.4176286305040772 0
2011 0.4277963047747796 -0.9520453804968205 0
2012 0.3725157591312862 -0.9655253725212327 0
2013 0.4176286305040772 -0.9936912209362641 0
2014 -1.025688050426154 0.5517570105851002 0
2015 -0.5517570105851002 -1.025688050426154 0
2016 1.025688050426154 -0.5517570105851002 0
2017 0.5517570105851002 1.025688050426154 0
2018 1.160525711600805 0.104956410286182 0
2019 1.127178611303588 0.05540880291128201 0
2020 1.162554291290873 0.04954760743221543 0
2021 -1.160525711600805 -0.104956410286182 0
2022 -1.127178611303588 -0.05540880291128201 0
2023 -1.162554291290873 -0.04954760743221543 0
2024 0.104956410286182 -1.160525711600805 0
2025 0.05540880291128201 -1.127178611303588 0
2026 0.04954760743221543 -1.162554291290873 0
2027 -0.104956410286182 1.160525711600805 0
2028 -0.05540880291128204 1.127178611303588 0
2029 -0.04954760743221544 1.162554291290873 0
2030 0.6833096659763088 0.8748295094009786 0
2031 0.7310666511226989 0.9087452991384873 0
2032 -0.8748295094009786 0.6833096659763088 0
2033 -0.9087452991384873 0.7310666511226989 0
2034 -0.6833096659763088 -0.8748295094009786 0
2035 -0.7310666511226989 -0.9087452991384873 0
2036 0.8748295094009786 -0.6833096659763088 0
2037 0.9087452991384873 -0.7310666511226989 0
2038 -2.865773965889216e-11 1.164603595496828 0
2039 1.164603595496828 2.865771825160174e-11 0
2040 -1.164603595496828 -2.865771825160174e-11 0
2041 2.865771825160174e-11 -1.164603595496828 0
2042 -1.072229782159348 0.4575539317589543 0
2043 -1.020769585137041 0.4827252532193162 0
2044 -1.047467795600582 0.5072058295921207 0
2045 -0.4575539317589543 -1.072229782159348 0
2046 -0.4827252532193162 -1.020769585137041 0
2047 -0.5072058295921207 -1.047467795600582 0
2048 1.072229782159348 -0.4575539317589543 0
2049 1.020769585137041 -0.4827252532193162 0
2050 1.047467795600582 -0.5072058295921207 0
2051 0.4575539317589543 1.072229782159348 0
2052 0.4827252532193162 1.020769585137041 0
2053 0.5072058295921207 1.047467795600582 0
2054 1.029583537543424 0.3914490507985032 0
2055 -0.3914490507985031 1.029583537543424 0
2056 -1.029583537543424 -0.3914490507985031 0
2057 0.3914490507985031 -1.029583537543424 0
2058 0.7214658091346761 0.832649074827071 0
2059 -0.832649074827071 0.7214658091346761 0
2060 -0.7214658091346761 -0.832649074827071 0
2061 0.832649074827071 -0.7214658091346761 0
2062 0.1246917607741651 1.036467369824762 0
2063 -1.036467369824762 0.1246917607741652 0
2064 -0.1246917607741652 -1.036467369824762 0
2065 1.036467369824762 -0.1246917607741652 0
2066 0.598555757390578 0.8553033232096928 0
2067 -0.8553033232096928 0.598555757390578 0
2068 -0.598555757390578 -0.8553033232096928 0
2069 0.8553033232096928 -0.598555757390578 0
2070 0.9310662463011274 0.4721529571022548 0
2071 -0.4721529571022548 0.9310662463011274 0
2072 -0.9310662463011274 -0.4721529571022548 0
2073 0.4721529571022548 -0.9310662463011274 0
2074 -1.094212306835002 0.1898203334104182 0
2075 -1.147154082451334 0.2128938965284355 0
2076 -0.1898203334104182 -1.094212306835002 0
2077 -0.2128938965284355 -1.147154082451334 0
2078 1.094212306835002 -0.1898203334104182 0
2079 1.147154082451334 -0.2128938965284355 0
2080 0.189820333410418 1.094212306835002 0
2081 0.2128938965284354 1.147154082451334 0
2082 0.712480174523338 0.7509414734183189 0
2083 0.7488731735496101 0.7120329461715529 0
2084 0.7542465684996033 0.7558676367901216 0
2085 -0.7509414734183189 0.712480174523338 0
2086 -0.7120329461715529 0.7488731735496101 0
2087 -0.7558676367901216 0.7542465684996033 0
2088 -0.712480174523338 -0.7509414734183189 0
2089 -0.7488731735496101 -0.7120329461715529 0
2090 -0.7542465684996033 -0.7558676367901216 0
2091 0.7509414734183189 -0.712480174523338 0
2092 0.7120329461715529 -0.7488731735496101 0
2093 0.7558676367901216 -0.7542465684996033 0
2094 -0.3263163814362577 0.9820557742315547 0
2095 -0.2748602691492131 0.9957032854109177 0
2096 -0.3108919725735391 1.020818724140039 0
2097 -0.9820557742315547 -0.3263163814362577 0
2098 -0.9957032854109177 -0.2748602691492131 0
2099 -1.020818724140039 -0.3108919725735391 0
2100 0.3263163814362577 -0.9820557742315547 0
2101 0.2748602691492131 -0.9957032854109177 0
2102 0.3108919725735391 -1.020818724140039 0
2103 0.9820557742315547 0.3263163814362579 0
2104 0.9957032854109178 0.2748602691492131 0
2105 1.020818724140039 0.3108919725735392 0
2106 -0.9836710543431695 0.3258423559740133 0
2107 -1.023970687819 0.3095821955835679 0
2108 -0.9972399694768568 0.2740245159778464 0
2109 -0.3258423559740133 -0.9836710543431695 0
2110 -0.3095821955835679 -1.023970687819 0
2111 -0.2740245159778464 -0.9972399694768568 0
2112 0.9836710543431695 -0.3258423559740133 0
2113 1.023970687819 -0.3095821955835679 0
2114 0.9972399694768568 -0.2740245159778464 0
2115 0.3258423559740133 0.9836710543431694 0
2116 0.3095821955835678 1.023970687819 0
2117 0.2740245159778464 0.9972399694768568 0
2118 0.8187537605508417 0.6377824341104591 0
2119 0.827568318271681 0.6790653460213614 0
2120 0.7818250098050362 0.6756761976324533 0
2121 -0.6377824341104591 0.8187537605508417 0
2122 -0.6790653460213614 0.827568318271681 0
2123 -0.6756761976324533 0.7818250098050362 0
2124 -0.8187537605508417 -0.6377824341104591 0
2125 -0.827568318271681 -0.6790653460213614 0
2126 -0.7818250098050362 -0.6756761976324533 0
2127 0.6377824341104591 -0.8187537605508417 0
2128 0.6790653460213614 -0.827568318271681 0
2129 0.6756761976324533 -0.7818250098050362 0
2130 0.4213958691665247 0.9483596998234226 0
2131 0.4107541713404892 0.9916208196757249 0
2132 0.3720417334057702 0.9671406528330107 0
2133 -0.9483596998234226 0.4213958691665247 0
2134 -0.991620819675725 0.4107541713404892 0
2135 -0.9671406528330108 0.3720417334057702 0
2136 -0.4213958691665247 -0.9483596998234226 0
2137 -0.4107541713404892 -0.991620819675725 0
2138 -0.3720417334057702 -0.9671406528330108 0
2139 0.9483596998234226 -0.4213958691665247 0
2140 0.991620819675725 -0.4107541713404892 0
2141 0.9671406528330108 -0.3720417334057702 0
2142 1.020933019743968 0.1763016749199749 0
2143 1.047773497251756 0.2084744438052878 0
2144 1.007625757811614 0.2272630914011816 0
2145 -0.1763016749199749 1.020933019743968 0
2146 -0.2084744438052878 1.047773497251756 0
2147 -0.2272630914011816 1.007625757811614 0
2148 -1.020933019743968 -0.1763016749199749 0
2149 -1.047773497251756 -0.2084744438052878 0
2150 -1.007625757811614 -0.2272630914011816 0
2151 0.1763016749199749 -1.020933019743968 0
2152 0.2084744438052878 -1.047773497251756 0
2153 0.2272630914011816 -1.007625757811614 0
2154 0.880530717533307 0.556373066613572 0
2155 0.897044446358066 0.599173740654108 0
2156 0.8479833401927276 0.598370908458831 0
2157 -0.556373066613572 0.880530717533307 0
2158 -0.599173740654108 0.897044446358066 0
2159 -0.598370908458831 0.8479833401927276 0
2160 -0.880530717533307 -0.556373066613572 0
2161 -0.897044446358066 -0.599173740654108 0
2162 -0.8479833401927276 -0.598370908458831 0
2163 0.556373066613572 -0.880530717533307 0
2164 0.599173740654108 -0.897044446358066 0
2165 0.598370908458831 -0.8479833401927276 0
2166 0.5142863155978856 0.9057565450422009 0
2167 0.5086421013874549 0.9512158458526192 0
2168 0.4657525213116744 0.9273805658557186 0
2169 -0.9057565450422009 0.5142863155978856 0
2170 -0.9512158458526192 0.5086421013874549 0
2171 -0.9273805658557186 0.4657525213116744 0
2172 -0.5142863155978856 -0.9057565450422009 0
2173 -0.5086421013874549 -0.9512158458526192 0
2174 -0.4657525213116744 -0.9273805658557186 0
2175 0.9057565450422009 -0.5142863155978856 0
2176 0.9512158458526192 -0.5086421013874549 0
2177 0.9273805658557186 -0.4657525213116744 0
2178 1.041238848309112 -0.02658935950868934 0
2179 1.078617420784982 -0.000186746053700497 0
2180 1.037378572475871 0.02640261345498885 0
2181 -1.041238848309112 0.02658935950868934 0
2182 -1.078617420784982 0.000186746053700497 0
2183 -1.037378572475871 -0.02640261345498885 0
2184 -0.02658935950868934 -1.041238848309112 0
2185 -0.000186746053700497 -1.078617420784982 0
2186 0.02640261345498885 -1.037378572475871 0
2187 0.0265893595086893 1.041238848309112 0
2188 0.0001867460537004415 1.078617420784982 0
2189 -0.02640261345498886 1.037378572475871 0
2190 1.034970935801 0.07541118373114153 0
2191 1.067918952067926 0.1051591271170294 0
2192 1.028132742917184 0.1277650839381932 0
2193 -1.034970935801 -0.07541118373114153 0
2194 -1.067918952067926 -0.1051591271170294 0
2195 -1.028132742917184 -0.1277650839381932 0
2196 0.07541118373114153 -1.034970935801 0
2197 0.1051591271170294 -1.067918952067926 0
2198 0.1277650839381932 -1.028132742917184 0
2199 -0.07541118373114153 1.034970935801 0
2200 -0.1051591271170294 1.067918952067926 0
2201 -0.1277650839381932 1.028132742917184 0
2202 0.2430193204450702 1.074107101837422 0
2203 -1.074107101837422 0.2430193204450704 0
2204 -0.2430193204450704 -1.074107101837422 0
2205 1.074107101837422 -0.2430193204450704 0
2206 0.9087878124054649 0.729860336417963 0
2207 0.9050103378084015 0.6751807792178601 0
2208 0.9431911353222651 0.6823756997701289 0
2209 -0.729860336417963 0.9087878124054649 0
2210 -0.6751807792178601 0.9050103378084015 0
2211 -0.6823756997701289 0.9431911353222651 0
2212 -0.9087878124054649 -0.729860336417963 0
2213 -0.9050103378084015 -0.6751807792178601 0
2214 -0.9431911353222651 -0.6823756997701289 0
2215 0.729860336417963 -0.9087878124054649 0
2216 0.6751807792178601 -0.9050103378084015 0
2217 0.6823756997701289 -0.9431911353222651 0
2218 1.108799755748028 0.3583419791026728 0
2219 1.093488275895793 0.4050946904376944 0
2220 1.067307341978406 0.373797305401401 0
2221 -0.3583419791026727 1.108799755748028 0
2222 -0.4050946904376944 1.093488275895793 0
2223 -0.3737973054014009 1.067307341978406 0
2224 -1.108799755748028 -0.3583419791026727 0
2225 -1.093488275895793 -0.4050946904376944 0
2226 -1.067307341978406 -0.3737973054014009 0
2227 0.3583419791026727 -1.108799755748028 0
2228 0.4050946904376944 -1.093488275895793 0
2229 0.3737973054014009 -1.067307341978406 0
2230 1.044895017395658 0.3446963394634817 0
2231 -0.3446963394634814 1.044895017395658 0
2232 -1.044895017395658 -0.3446963394634814 0
2233 0.3446963394634814 -1.044895017395658 0
2234 0.8059961875883301 0.8416206051513713 0
2235 0.7689079664545871 0.8766953400583837 0
2236 0.7621662699297641 0.835447250710242 0
2237 -0.8416206051513713 0.8059961875883301 0
2238 -0.8766953400583837 0.7689079664545871 0
2239 -0.835447250710242 0.7621662699297641 0
2240 -0.8059961875883301 -0.8416206051513713 0
2241 -0.7689079664545871 -0.8766953400583837 0
2242 -0.7621662699297641 -0.835447250710242 0
2243 0.8416206051513713 -0.8059961875883301 0
2244 0.8766953400583837 -0.7689079664545871 0
2245 0.835447250710242 -0.7621662699297641 0
2246 0.7585540302684191 0.7975743399200586 0
2247 -0.7975743399200586 0.7585540302684191 0
2248 -0.7585540302684191 -0.7975743399200586 0
2249 0.7975743399200586 -0.7585540302684191 0
2250 0.3102003773699982 1.123577257657144 0
2251 0.2614284344939183 1.136977460036589 0
2252 0.2770462281788195 1.097274398342712 0
2253 -1.123577257657144 0.3102003773699983 0
2254 -1.136977460036589 0.2614284344939185 0
2255 -1.097274398342712 0.2770462281788196 0
2256 -0.3102003773699983 -1.123577257657144 0
2257 -0.2614284344939185 -1.136977460036589 0
2258 -0.2770462281788196 -1.097274398342712 0
2259 1.123577257657144 -0.3102003773699983 0
2260 1.136977460036589 -0.2614284344939185 0
2261 1.097274398342712 -0.2770462281788196 0
2262 -1.060706899457978 0.2917912633211502 0
2263 -0.2917912633211502 -1.060706899457978 0
2264 1.060706899457978 -0.2917912633211502 0
2265 0.2917912633211501 1.060706899457978 0
2266 1.146002592906413 0.2109990195532891 0
2267 1.116760826713023 0.1676510680188769 0
2268 1.154391797806909 0.1541655572996608 0
2269 -0.2109990195532891 1.146002592906413 0
2270 -0.1676510680188769 1.116760826713023 0
2271 -0.1541655572996608 1.154391797806909 0
2272 -1.146002592906413 -0.2109990195532891 0
2273 -1.116760826713023 -0.1676510680188769 0
2274 -1.154391797806909 -0.1541655572996608 0
2275 0.2109990195532891 -1.146002592906413 0
2276 0.1676510680188769 -1.116760826713023 0
2277 0.1541655572996608 -1.154391797806909 0
2278 -1.109427443210635 0.3577287664425688 0
2279 -1.064702883829537 0.3794457632205246 0
2280 -1.090256131076905 0.4113563586081941 0
2281 -0.3577287664425688 -1.109427443210635 0
2282 -0.3794457632205246 -1.064702883829537 0
2283 -0.4113563586081941 -1.090256131076905 0
2284 1.109427443210635 -0.3577287664425688 0
2285 1.064702883829537 -0.3794457632205246 0
2286 1.090256131076905 -0.4113563586081941 0
2287 0.3577287664425688 1.109427443210635 0
2288 0.3794457632205246 1.064702883829538 0
2289 0.411356358608194 1.090256131076905 0
2290 1.038831211659951 -0.0755979295238063 0
2291 0.07559792952380626 1.038831211659951 0
2292 -1.038831211659951 0.0755979295238063 0
2293 -0.0755979295238063 -1.038831211659951 0
2294 0.5563730636491129 0.8805307191368923 0
2295 -0.8805307191368923 0.5563730636491129 0
2296 -0.5563730636491129 -0.8805307191368923 0
2297 0.8805307191368923 -0.5563730636491129 0
2298 0.9057565436945243 0.514286318432894 0
2299 -0.514286318432894 0.9057565436945243 0
2300 -0.9057565436945243 -0.514286318432894 0
2301 0.514286318432894 -0.9057565436945243 0
2302 1.09995358828263 0.08181141633761314 0
2303 1.101982167972699 0.02640261348364657 0
2304 -1.09995358828263 -0.08181141633761314 0
2305 -1.101982167972699 -0.02640261348364657 0
2306 0.08181141633761314 -1.09995358828263 0
2307 0.02640261348364657 -1.101982167972699 0
2308 -0.08181141633761316 1.09995358828263 0
2309 -0.0264026134836466 1.101982167972699 0
2310 0.4465908312436968 1.009185719180972 0
2311 0.4962427290768632 0.9844237326222054 0
2312 -1.009185719180972 0.4465908312436968 0
2313 -0.9844237326222054 0.4962427290768631 0
2314 -0.4465908312436968 -1.009185719180972 0
2315 -0.4962427290768631 -0.9844237326222054 0
2316 1.009185719180972 -0.4465908312436968 0
2317 0.9844237326222054 -0.4962427290768631 0
2318 0.841061591080858 0.8065552018055921 0
2319 0.8349307529775541 0.7615189658344619 0
2320 0.876737852994905 0.7677016518368244 0
2321 -0.8065552018055921 0.841061591080858 0
2322 -0.7615189658344619 0.8349307529775541 0
2323 -0.7677016518368244 0.876737852994905 0
2324 -0.841061591080858 -0.8065552018055921 0
2325 -0.8349307529775541 -0.7615189658344619 0
2326 -0.876737852994905 -0.7677016518368244 0
2327 0.8065552018055921 -0.841061591080858 0
2328 0.7615189658344619 -0.8349307529775541 0
2329 0.7677016518368244 -0.876737852994905 0
2330 0.8675520419545438 0.6819184991825307 0
2331 0.9019553648713441 0.6344338625346966 0
2332 -0.6819184991825307 0.8675520419545438 0
2333 -0.6344338625346966 0.9019553648713441 0
2334 -0.8675520419545438 -0.6819184991825307 0
2335 -0.9019553648713441 -0.6344338625346966 0
2336 0.6819184991825307 -0.8675520419545438 0
2337 0.6344338625346966 -0.9019553648713441 0
2338 -0.3108135897125671 1.122949570378917 0
2339 -0.2757645621694422 1.095495221821584 0
2340 -0.2595335578156301 1.13582597036986 0
2341 -1.122949570378917 -0.3108135897125671 0
2342 -1.095495221821584 -0.2757645621694422 0
2343 -1.13582597036986 -0.2595335578156301 0
2344 0.3108135897125671 -1.122949570378917 0
2345 0.2757645621694422 -1.095495221821584 0
2346 0.2595335578156301 -1.13582597036986 0
2347 1.122949570378917 0.3108135897125672 0
2348 1.095495221821584 0.2757645621694423 0
2349 1.13582597036986 0.2595335578156301 0
2350 1.084726190498319 0.1909987787982932 0
2351 1.093115395398815 0.1341653165446649 0
2352 -0.1909987787982932 1.084726190498319 0
2353 -0.1341653165446648 1.093115395398815 0
2354 -1.084726190498319 -0.1909987787982932 0
2355 -1.093115395398815 -0.1341653165446648 0
2356 0.1909987787982932 -1.084726190498319 0
2357 0.1341653165446648 -1.093115395398815 0
2358 -1.04713798432429 0.3436091033173171 0
2359 -1.02796667219056 0.3972366954829423 0
2360 -0.3436091033173171 -1.04713798432429 0
2361 -0.3972366954829423 -1.02796667219056 0
2362 1.04713798432429 -0.3436091033173171 0
2363 1.02796667219056 -0.3972366954829423 0
2364 0.3436091033173171 1.04713798432429 0
2365 0.3972366954829423 1.02796667219056 0
2366 0.7949470292946913 0.7586658126732926 0
2367 0.8306232912087383 0.7198122627045249 0
2368 -0.7586658126732926 0.7949470292946913 0
2369 -0.7198122627045249 0.8306232912087383 0
2370 -0.7949470292946913 -0.7586658126732926 0
2371 -0.8306232912087383 -0.7198122627045249 0
2372 0.7586658126732926 -0.7949470292946913 0
2373 0.7198122627045249 -0.8306232912087383 0
2374 1.058542528575022 0.2932402271764369 0
2375 1.071418928565965 0.2419601952794999 0
2376 -0.2932402271764368 1.058542528575021 0
2377 -0.2419601952794998 1.071418928565965 0
2378 -1.058542528575021 -0.2932402271764368 0
2379 -1.071418928565965 -0.2419601952794998 0
2380 0.2932402271764368 -1.058542528575021 0
2381 0.2419601952794998 -1.071418928565965 0
$EndNodes
$Elements
1292
1 8 2 1 1 1 9 24
2 8 2 1 1 9 10 25
3 8 2 1 1 10 11 26
4 8 2 1 1 11 12 27
5 8 2 1 1 12 13 28
6 8 2 1 1 13 14 29
7 8 2 1 1 14 15 30
8 8 2 1 1 15 16 31
9 8 2 1 1 16 17 32
10 8 2 1 1 17 18 33
11 8 2 1 1 18 19 34
12 8 2 1 1 19 20 35
13 8 2 1 1 20 21 36
14 8 2 1 1 21 22 37
15 8 2 1 1 22 23 38
16 8 2 1 1 23 2 39
17 8 2 1 2 2 40 55
18 8 2 1 2 40 41 56
19 8 2 1 2 41 42 57
20 8 2 1 2 42 43 58
21 8 2 1 2 43 44 59
22 8 2 1 2 44 45 60
23 8 2 1 2 45 46 61
24 8 2 1 2 46 47 62
25 8 2 1 2 47 48 63
26 8 2 1 2 48 49 64
27 8 2 1 2 49 50 65
28 8 2 1 2 50 51 66
29 8 2 1 2 51 52 67
30 8 2 1 2 52 53 68
31 8 2 1 2 53 54 69
32 8 2 1 2 54 3 70
33 8 2 1 3 3 71 86
34 8 2 1 3 71 72 87
35 8 2 1 3 72 73 88
36 8 2 1 3 73 74 89
37 8 2 1 3 74 75 90
38 8 2 1 3 75 76 91
39 8 2 1 3 76 77 92
40 8 2 1 3 77 78 93
41 8 2 1 3 78 79 94
42 8 2 1 3 79 80 95
43 8 2 1 3 80 81 96
44 8 2 1 3 81 82 97
45 8 2 1 3 82 83 98
46 8 2 1 3 83 84 99
47 8 2 1 3 84 85 100
48 8 2 1 3 85 4 101
49 8 2 1 4 4 102 117
50 8 2 1 4 102 103 118
51 8 2 1 4 103 104 119
52 8 2 1 4 104 105 120
53 8 2 1 4 105 106 121
54 8 2 1 4 106 107 122
55 8 2 1 4 107 108 123
56 8 2 1 4 108 109 124
57 8 2 1 4 109 110 125
58 8 2 1 4 110 111 126
59 8 2 1 4 111 112 127
60 8 2 1 4 112 113 128
61 8 2 1 4 113 114 129
62 8 2 1 4 114 115 130
63 8 2 1 4 115 116 131
64 8 2 1 4 116 1 132
65 8 2 2 5 5 133 151
66 8 2 2 5 133 134 152
67 8 2 2 5 134 135 153
68 8 2 2 5 135 136 154
69 8 2 2 5 136 137 155
70 8 2 2 5 137 138 156
71 8 2 2 5 138 139 157
72 8 2 2 5 139 140 158
73 8 2 2 5 140 141 159
74 8 2 2 5 141 142 160
75 8 2 2 5 142 143 161
76 8 2 2 5 143 144 162
77 8 2 2 5 144 145 163
78 8 2 2 5 145 146 164
79 8 2 2 5 146 147 165
80 8 2 2 5 147 148 166
81 8 2 2 5 148 149 167
82 8 2 2 5 149 150 168
83 8 2 2 5 150 6 169
84 8 2 2 6 6 170 188
85 8 2 2 6 170 171 189
86 8 2 2 6 171 172 190
87 8 2 2 6 172 173 191
88 8 2 2 6 173 174 192
89 8 2 2 6 174 175 193
90 8 2 2 6 175 176 194
91 8 2 2 6 176 177 195
92 8 2 2 6 177 178 196
93 8 2 2 6 178 179 197
94 8 2 2 6 179 180 198
95 8 2 2 6 180 181 199
96 8 2 2 6 181 182 200
97 8 2 2 6 182 183 201
98 8 2 2 6 183 184 202
99 8 2 2 6 184 185 203
100 8 2 2 6 185 186 204
101 8 2 2 6 186 187 205
102 8 2 2 6 187 7 206
103 8 2 2 7 7 207 225
104 8 2 2 7 207 208 226
105 8 2 2 7 208 209 227
106 8 2 2 7 209 210 228
107 8 2 2 7 210 211 229
108 8 2 2 7 211 212 230
109 8 2 2 7 212 213 231
110 8 2 2 7 213 214 232
111 8 2 2 7 214 215 233
112 8 2 2 7 215 216 234
113 8 2 2 7 216 217 235
114 8 2 2 7 217 218 236
115 8 2 2 7 218 219 237
116 8 2 2 7 219 220 238
117 8 2 2 7 220 221 239
118 8 2 2 7 221 222 240
119 8 2 2 7 222 223 241
120 8 2 2 7 223 224 242
121 8 2 2 7 224 8 243
122 8 2 2 8 8 244 262
123 8 2 2 8 244 245 263
124 8 2 2 8 245 246 264
125 8 2 2 8 246 247 265
126 8 2 2 8 247 248 266
127 8 2 2 8 248 249 267
128 8 2 2 8 249 250 268
129 8 2 2 8 250 251 269
130 8 2 2 8 251 252 270
131 8 2 2 8 252 253 271
132 8 2 2 8 253 254 272
133 8 2 2 8 254 255 273
134 8 2 2 8 255 256 274
135 8 2 2 8 256 257 275
136 8 2 2 8 257 258 276
137 8 2 2 8 258 259 277
138 8 2 2 8 259 260 278
139 8 2 2 8 260 261 279
140 8 2 2 8 261 5 280
141 9 2 1 1 594 469 622 640 641 642
142 9 2 1 1 291 520 606 643 644 645
143 9 2 1 1 473 306 523 646 647 648
144 9 2 1 1 308 476 590 649 650 651
145 9 2 1 1 311 471 563 652 653 654
146 9 2 1 1 293 594 622 655 642 656
147 9 2 1 1 476 477 590 657 658 650
148 9 2 1 1 481 304 510 659 660 661
149 9 2 1 1 286 471 597 662 663 664
150 9 2 1 1 306 518 523 665 666 647
151 9 2 1 1 471 286 616 662 667 668
152 9 2 1 1 485 288 590 669 670 671
153 9 2 1 1 304 481 599 659 672 673
154 9 2 1 1 477 485 590 674 671 658
155 9 2 1 1 474 605 610 675 676 677
156 9 2 1 1 512 303 584 678 679 680
157 9 2 1 1 303 512 588 678 681 682
158 9 2 1 1 520 291 626 643 683 684
159 9 2 1 1 606 520 613 644 685 686
160 9 2 1 1 471 311 597 652 687 663
161 9 2 1 1 23 2 588 39 688 689
162 9 2 1 1 472 287 473 690 691 692
163 9 2 1 1 605 289 610 693 694 676
164 9 2 1 1 108 109 589 124 695 696
165 9 2 1 1 46 47 590 62 697 698
166 9 2 1 1 288 485 598 669 699 700
167 9 2 1 1 485 585 598 701 702 699
168 9 2 1 1 287 472 487 690 703 704
169 9 2 1 1 311 563 580 654 705 706
170 9 2 1 1 305 474 475 707 708 709
171 9 2 1 1 480 297 504 710 711 712
172 9 2 1 1 309 482 630 713 714 715
173 9 2 1 1 482 309 612 713 716 717
174 9 2 1 1 292 479 607 718 719 720
175 9 2 1 1 535 296 596 721 722 723
176 9 2 1 1 313 314 617 724 725 726
177 9 2 1 1 586 600 608 727 728 729
178 9 2 1 1 290 517 518 730 731 732
179 9 2 1 1 469 594 630 640 733 734
180 9 2 1 1 468 591 622 735 736 737
181 9 2 1 1 284 23 588 738 689 739
182 9 2 1 1 2 303 588 740 682 688
183 9 2 1 1 499 300 602 741 742 743
184 9 2 1 1 474 305 605 707 744 675
185 9 2 1 1 306 473 609 646 745 746
186 9 2 1 1 607 479 639 719 747 748
187 9 2 1 1 297 480 505 710 749 750
188 9 2 1 1 109 305 589 751 752 695
189 9 2 1 1 285 108 589 753 696 754
190 9 2 1 1 47 308 590 755 651 697
191 9 2 1 1 288 46 590 756 698 670
192 9 2 1 1 616 603 632 757 758 759
193 9 2 1 1 488 452 492 760 761 762
194 9 2 1 1 489 302 635 763 764 765
195 9 2 1 1 302 489 618 763 766 767
196 9 2 1 1 281 483 504 768 769 770
197 9 2 1 1 591 468 635 735 771 772
198 9 2 1 1 286 603 616 773 757 667
199 9 2 1 1 315 595 614 774 775 776
200 9 2 1 1 479 292 583 718 777 778
201 9 2 1 1 301 313 617 779 726 780
202 9 2 1 1 482 285 578 781 782 783
203 9 2 1 1 307 606 613 784 686 785
204 9 2 1 1 473 287 609 691 786 745
205 9 2 1 1 310 487 614 787 788 789
206 9 2 1 1 317 488 492 790 762 791
207 9 2 1 1 487 488 614 792 793 788
208 9 2 1 1 472 452 488 794 760 795
209 9 2 1 1 601 621 631 796 797 798
210 9 2 1 1 518 306 615 665 799 800
211 9 2 1 1 535 596 623 723 801 802
212 9 2 1 1 600 283 608 803 804 728
213 9 2 1 1 584 303 592 679 805 806
214 9 2 1 1 483 281 581 768 807 808
215 9 2 1 1 484 581 617 809 810 811
216 9 2 1 1 300 499 627 741 812 813
217 9 2 1 1 484 483 581 814 808 809
218 9 2 1 1 591 293 622 815 656 736
219 9 2 1 1 504 297 619 711 816 817
220 9 2 1 1 299 601 631 818 798 819
221 9 2 1 1 595 310 614 820 789 775
222 9 2 1 1 487 472 488 703 795 792
223 9 2 1 1 505 480 579 749 821 822
224 9 2 1 1 290 518 615 732 800 823
225 9 2 1 1 490 319 576 824 825 826
226 9 2 1 1 484 490 576 827 826 828
227 9 2 1 1 316 319 490 829 824 830
228 9 2 1 1 321 492 502 831 832 833
229 9 2 1 1 492 452 502 761 834 832
230 9 2 1 1 321 318 492 835 836 831
231 9 2 1 1 495 494 540 837 838 839
232 9 2 1 1 319 491 576 840 841 825
233 9 2 1 1 423 495 540 842 839 843
234 9 2 1 1 323 494 495 844 837 845
235 9 2 1 1 491 323 495 846 845 847
236 9 2 1 1 320 323 491 848 846 849
237 9 2 1 1 576 491 577 841 850 851
238 9 2 1 1 493 321 502 852 833 853
239 9 2 1 1 491 495 577 847 854 850
240 9 2 1 1 322 321 493 855 852 856
241 9 2 1 1 494 327 515 857 858 859
242 9 2 1 1 494 515 540 859 860 838
243 9 2 1 1 324 327 494 861 857 862
244 9 2 1 1 493 502 575 853 863 864
245 9 2 1 1 496 424 574 865 866 867
246 9 2 1 1 496 493 575 868 864 869
247 9 2 1 1 329 326 497 870 871 872
248 9 2 1 1 497 496 574 873 867 874
249 9 2 1 1 329 497 500 872 875 876
250 9 2 1 1 406 433 506 877 878 879
251 9 2 1 1 326 325 497 880 881 871
252 9 2 1 1 500 455 530 882 883 884
253 9 2 1 1 377 415 503 885 886 887
254 9 2 1 1 415 498 503 888 889 886
255 9 2 1 1 433 479 506 890 891 878
256 9 2 1 1 454 377 503 892 887 893
257 9 2 1 1 498 415 501 888 894 895
258 9 2 1 1 415 406 506 896 879 897
259 9 2 1 1 1 9 301 24 898 899
260 9 2 1 1 4 102 302 117 900 901
261 9 2 1 1 2 40 303 55 902 740
262 9 2 1 1 3 71 304 86 903 904
263 9 2 1 1 454 503 546 893 905 906
264 9 2 1 1 514 454 546 907 906 908
265 9 2 1 1 436 455 500 909 882 910
266 9 2 1 1 329 500 530 876 884 911
267 9 2 1 1 402 511 539 912 913 914
268 9 2 1 1 455 527 530 915 916 883
269 9 2 1 1 383 414 507 917 918 919
270 9 2 1 1 107 108 285 123 753 920
271 9 2 1 1 14 15 287 30 921 922
272 9 2 1 1 76 77 286 92 923 924
273 9 2 1 1 45 46 288 61 756 925
274 9 2 1 1 560 572 573 926 927 928
275 9 2 1 1 507 414 508 918 929 930
276 9 2 1 1 454 514 522 907 931 932
277 9 2 1 1 10 11 294 26 933 934
278 9 2 1 1 103 104 293 119 935 936
279 9 2 1 1 41 42 296 57 937 938
280 9 2 1 1 72 73 295 88 939 940
281 9 2 1 1 511 512 539 941 942 913
282 9 2 1 1 424 496 575 865 869 943
283 9 2 1 1 447 480 504 944 712 945
284 9 2 1 1 412 443 519 946 947 948
285 9 2 1 1 511 402 541 912 949 950
286 9 2 1 1 458 507 508 951 930 952
287 9 2 1 1 401 444 516 953 954 955
288 9 2 1 1 516 444 517 954 956 957
289 9 2 1 1 519 443 520 947 958 959
290 9 2 1 1 436 500 574 910 960 961
291 9 2 1 1 529 548 561 962 963 964
292 9 2 1 1 572 451 573 965 966 927
293 9 2 1 1 382 383 507 967 919 968
294 9 2 1 1 483 447 504 969 945 769
295 9 2 1 1 402 379 541 970 971 949
296 9 2 1 1 514 344 522 972 973 931
297 9 2 1 1 105 106 309 121 974 975
298 9 2 1 1 12 13 310 28 976 977
299 9 2 1 1 43 44 312 59 978 979
300 9 2 1 1 74 75 311 90 980 981
301 9 2 1 1 515 327 550 858 982 983
302 9 2 1 1 420 400 441 984 985 986
303 9 2 1 1 557 525 559 987 988 989
304 9 2 1 1 399 373 400 990 991 992
305 9 2 1 1 327 328 550 993 994 982
306 9 2 1 1 441 481 510 995 661 996
307 9 2 1 1 447 417 480 997 998 944
308 9 2 1 1 565 374 566 999 1000 1001
309 9 2 1 1 441 453 459 1002 1003 1004
310 9 2 1 1 457 428 458 1005 1006 1007
311 9 2 1 1 441 400 453 985 1008 1002
312 9 2 1 1 501 415 506 894 897 1009
313 9 2 1 1 548 439 561 1010 1011 963
314 9 2 1 1 463 516 517 1012 957 1013
315 9 2 1 1 527 455 554 915 1014 1015
316 9 2 1 1 356 394 513 1016 1017 1018
317 9 2 1 1 448 447 483 1019 969 1020
318 9 2 1 1 378 366 379 1021 1022 1023
319 9 2 1 1 441 459 481 1004 1024 995
320 9 2 1 1 377 406 415 1025 896 885
321 9 2 1 1 509 519 520 1026 959 1027
322 9 2 1 1 433 476 479 1028 1029 890
323 9 2 1 1 425 419 462 1030 1031 1032
324 9 2 1 1 373 348 514 1033 1034 1035
325 9 2 1 1 426 557 559 1036 989 1037
326 9 2 1 1 526 333 527 1038 1039 1040
327 9 2 1 1 373 514 546 1035 908 1041
328 9 2 1 1 371 348 373 1042 1033 1043
329 9 2 1 1 442 473 523 1044 648 1045
330 9 2 1 1 396 397 419 1046 1047 1048
331 9 2 1 1 418 417 447 1049 997 1050
332 9 2 1 1 364 375 377 1051 1052 1053
333 9 2 1 1 393 403 404 1054 1055 1056
334 9 2 1 1 425 462 470 1032 1057 1058
335 9 2 1 1 459 498 499 1059 1060 1061
336 9 2 1 1 429 428 457 1062 1005 1063
337 9 2 1 1 396 419 425 1048 1030 1064
338 9 2 1 1 367 368 382 1065 1066 1067
339 9 2 1 1 453 400 546 1008 1068 1069
340 9 2 1 1 378 379 402 1023 970 1070
341 9 2 1 1 381 391 396 1071 1072 1073
342 9 2 1 1 377 375 406 1052 1074 1025
343 9 2 1 1 346 364 522 1075 1076 1077
344 9 2 1 1 466 457 489 1078 1079 1080
345 9 2 1 1 427 382 428 1081 1082 1083
346 9 2 1 1 364 454 522 1084 932 1076
347 9 2 1 1 360 361 367 1085 1086 1087
348 9 2 1 1 334 333 526 1088 1038 1089
349 9 2 1 1 405 404 417 1090 1091 1092
350 9 2 1 1 397 401 516 1093 955 1094
351 9 2 1 1 365 366 378 1095 1021 1096
352 9 2 1 1 428 382 507 1082 968 1097
353 9 2 1 1 365 354 366 1098 1099 1095
354 9 2 1 1 529 430 548 1100 1101 962
355 9 2 1 1 529 528 547 1102 1103 1104
356 9 2 1 1 430 529 547 1100 1104 1105
357 9 2 1 1 360 358 361 1106 1107 1085
358 9 2 1 1 358 356 513 1108 1018 1109
359 9 2 1 1 392 387 393 1110 1111 1112
360 9 2 1 1 396 425 541 1064 1113 1114
361 9 2 1 1 348 344 514 1115 972 1034
362 9 2 1 1 462 419 463 1031 1116 1117
363 9 2 1 1 344 342 522 1118 1119 973
364 9 2 1 1 359 358 360 1120 1106 1121
365 9 2 1 1 383 389 414 1122 1123 917
366 9 2 1 1 508 414 509 929 1124 1125
367 9 2 1 1 404 403 445 1055 1126 1127
368 9 2 1 1 379 366 380 1022 1128 1129
369 9 2 1 1 420 441 510 986 996 1130
370 9 2 1 1 389 412 519 1131 948 1132
371 9 2 1 1 357 356 358 1133 1108 1134
372 9 2 1 1 374 362 521 1135 1136 1137
373 9 2 1 1 393 387 403 1111 1138 1054
374 9 2 1 1 335 336 338 1139 1140 1141
375 9 2 1 1 355 338 356 1142 1143 1144
376 9 2 1 1 370 385 386 1145 1146 1147
377 9 2 1 1 459 453 498 1003 1148 1059
378 9 2 1 1 528 339 547 1149 1150 1103
379 9 2 1 1 370 384 385 1151 1152 1145
380 9 2 1 1 540 435 553 1153 1154 1155
381 9 2 1 1 346 350 364 1156 1157 1075
382 9 2 1 1 342 346 522 1158 1077 1119
383 9 2 1 1 341 340 342 1159 1160 1161
384 9 2 1 1 396 391 397 1072 1162 1046
385 9 2 1 1 431 524 531 1163 1164 1165
386 9 2 1 1 330 329 530 1166 911 1167
387 9 2 1 1 423 540 553 843 1155 1168
388 9 2 1 1 380 366 544 1128 1169 1170
389 9 2 1 1 364 377 454 1053 892 1084
390 9 2 1 1 531 331 538 1171 1172 1173
391 9 2 1 1 364 350 375 1157 1174 1051
392 9 2 1 1 379 380 381 1129 1175 1176
393 9 2 1 1 328 331 550 1177 1178 994
394 9 2 1 1 386 385 387 1146 1179 1180
395 9 2 1 1 371 373 399 1043 990 1181
396 9 2 1 1 393 404 405 1056 1090 1182
397 9 2 1 1 378 402 532 1070 1183 1184
398 9 2 1 1 527 333 530 1039 1185 916
399 9 2 1 1 399 400 420 992 984 1186
400 9 2 1 1 517 444 518 956 1187 731
401 9 2 1 1 356 338 394 1143 1188 1016
402 9 2 1 1 332 334 335 1189 1190 1191
403 9 2 1 1 503 453 546 1192 1069 905
404 9 2 1 1 401 416 444 1193 1194 953
405 9 2 1 1 410 380 544 1195 1170 1196
406 9 2 1 1 467 565 566 1197 1001 1198
407 9 2 1 1 355 431 538 1199 1200 1201
408 9 2 1 1 367 361 368 1086 1202 1065
409 9 2 1 1 341 342 344 1161 1118 1203
410 9 2 1 1 335 338 355 1141 1142 1204
411 9 2 1 1 425 511 541 1205 950 1113
412 9 2 1 1 431 531 538 1165 1173 1200
413 9 2 1 1 354 352 426 1206 1207 1208
414 9 2 1 1 335 355 538 1204 1201 1209
415 9 2 1 1 342 343 346 1210 1211 1158
416 9 2 1 1 337 334 526 1212 1089 1213
417 9 2 1 1 339 337 340 1214 1215 1216
418 9 2 1 1 403 387 542 1138 1217 1218
419 9 2 1 1 339 340 341 1216 1159 1219
420 9 2 1 1 363 370 551 1220 1221 1222
421 9 2 1 1 367 382 427 1067 1081 1223
422 9 2 1 1 400 373 546 991 1041 1068
423 9 2 1 1 525 526 559 1224 1225 988
424 9 2 1 1 333 330 530 1226 1167 1185
425 9 2 1 1 363 369 370 1227 1228 1220
426 9 2 1 1 412 438 443 1229 1230 946
427 9 2 1 1 381 390 391 1231 1232 1071
428 9 2 1 1 335 334 336 1190 1233 1139
429 9 2 1 1 382 368 383 1066 1234 967
430 9 2 1 1 336 339 528 1235 1149 1236
431 9 2 1 1 410 544 554 1196 1237 1238
432 9 2 1 1 349 372 549 1239 1240 1241
433 9 2 1 1 340 337 525 1215 1242 1243
434 9 2 1 1 416 442 523 1244 1045 1245
435 9 2 1 1 418 447 448 1050 1019 1246
436 9 2 1 1 351 376 537 1247 1248 1249
437 9 2 1 1 386 387 392 1180 1110 1250
438 9 2 1 1 363 551 552 1222 1251 1252
439 9 2 1 1 357 359 552 1253 1254 1255
440 9 2 1 1 342 340 343 1160 1256 1210
441 9 2 1 1 379 381 541 1176 1257 971
442 9 2 1 1 455 410 554 1258 1238 1014
443 9 2 1 1 353 352 354 1259 1206 1260
444 9 2 1 1 354 426 544 1208 1261 1262
445 9 2 1 1 406 432 433 1263 1264 877
446 9 2 1 1 385 407 542 1265 1266 1267
447 9 2 1 1 332 335 538 1191 1209 1268
448 9 2 1 1 336 337 339 1269 1214 1235
449 9 2 1 1 534 532 539 1270 1271 1272
450 9 2 1 1 328 330 331 1273 1274 1177
451 9 2 1 1 525 337 526 1242 1213 1224
452 9 2 1 1 346 347 350 1275 1276 1156
453 9 2 1 1 115 116 281 131 1277 1278
454 9 2 1 1 84 85 283 100 1279 1280
455 9 2 1 1 22 23 284 38 738 1281
456 9 2 1 1 53 54 282 69 1282 1283
457 9 2 1 1 397 398 401 1284 1285 1093
458 9 2 1 1 426 352 557 1207 1286 1036
459 9 2 1 1 353 354 365 1260 1098 1287
460 9 2 1 1 419 397 516 1047 1094 1288
461 9 2 1 1 336 334 337 1233 1212 1269
462 9 2 1 1 366 354 544 1099 1262 1169
463 9 2 1 1 430 349 549 1289 1241 1290
464 9 2 1 1 331 330 332 1274 1291 1292
465 9 2 1 1 445 446 474 1293 1294 1295
466 9 2 1 1 381 380 390 1175 1296 1231
467 9 2 1 1 360 367 521 1087 1297 1298
468 9 2 1 1 387 385 542 1179 1267 1217
469 9 2 1 1 405 417 418 1092 1049 1299
470 9 2 1 1 345 344 348 1300 1115 1301
471 9 2 1 1 446 403 542 1302 1218 1303
472 9 2 1 1 444 416 523 1194 1245 1304
473 9 2 1 1 458 428 507 1006 1097 951
474 9 2 1 1 331 332 538 1292 1268 1172
475 9 2 1 1 369 362 374 1305 1135 1306
476 9 2 1 1 460 408 461 1307 1308 1309
477 9 2 1 1 355 356 357 1144 1133 1310
478 9 2 1 1 533 532 534 1311 1270 1312
479 9 2 1 1 393 405 553 1182 1313 1314
480 9 2 1 1 527 554 559 1015 1315 1316
481 9 2 1 1 499 498 501 1060 895 1317
482 9 2 1 1 381 396 541 1073 1114 1257
483 9 2 1 1 532 402 539 1183 914 1271
484 9 2 1 1 431 357 552 1318 1255 1319
485 9 2 1 1 338 336 528 1140 1236 1320
486 9 2 1 1 413 392 435 1321 1322 1323
487 9 2 1 1 359 363 552 1324 1252 1254
488 9 2 1 1 460 461 469 1309 1325 1326
489 9 2 1 1 433 434 476 1327 1328 1028
490 9 2 1 1 424 398 545 1329 1330 1331
491 9 2 1 1 397 391 398 1162 1332 1284
492 9 2 1 1 398 391 545 1332 1333 1330
493 9 2 1 1 361 358 513 1107 1109 1334
494 9 2 1 1 524 431 552 1163 1319 1335
495 9 2 1 1 332 333 334 1336 1088 1189
496 9 2 1 1 414 389 519 1123 1132 1337
497 9 2 1 1 548 430 549 1101 1290 1338
498 9 2 1 1 385 384 407 1152 1339 1265
499 9 2 1 1 413 456 524 1340 1341 1342
500 9 2 1 1 442 472 473 1343 692 1044
501 9 2 1 1 332 330 333 1291 1226 1336
502 9 2 1 1 370 369 384 1228 1344 1151
503 9 2 1 1 345 349 430 1345 1289 1346
504 9 2 1 1 401 409 416 1347 1348 1193
505 9 2 1 1 443 438 556 1230 1349 1350
506 9 2 1 1 328 329 330 1351 1166 1273
507 9 2 1 1 328 326 329 1352 870 1351
508 9 2 1 1 111 112 289 127 1353 1354
509 9 2 1 1 18 19 290 34 1355 1356
510 9 2 1 1 80 81 291 96 1357 1358
511 9 2 1 1 49 50 292 65 1359 1360
512 9 2 1 1 331 531 550 1171 1361 1178
513 9 2 1 1 427 428 429 1083 1062 1362
514 9 2 1 1 524 456 531 1341 1363 1164
515 9 2 1 1 357 358 359 1134 1120 1253
516 9 2 1 1 351 352 353 1364 1259 1365
517 9 2 1 1 452 422 502 1366 1367 834
518 9 2 1 1 345 430 547 1346 1105 1368
519 9 2 1 1 370 386 551 1147 1369 1221
520 9 2 1 1 343 340 525 1256 1243 1370
521 9 2 1 1 367 427 521 1223 1371 1297
522 9 2 1 1 413 435 456 1323 1372 1340
523 9 2 1 1 386 392 413 1250 1321 1373
524 9 2 1 1 406 375 432 1074 1374 1263
525 9 2 1 1 341 344 345 1203 1300 1375
526 9 2 1 1 394 528 529 1376 1102 1377
527 9 2 1 1 390 410 436 1378 1379 1380
528 9 2 1 1 456 435 515 1372 1381 1382
529 9 2 1 1 395 378 532 1383 1184 1384
530 9 2 1 1 391 390 545 1232 1385 1333
531 9 2 1 1 355 357 431 1310 1318 1199
532 9 2 1 1 349 348 371 1386 1042 1387
533 9 2 1 1 551 524 552 1388 1335 1251
534 9 2 1 1 515 435 540 1381 1153 860
535 9 2 1 1 401 398 409 1285 1389 1347
536 9 2 1 1 359 360 362 1121 1390 1391
537 9 2 1 1 346 343 347 1211 1392 1275
538 9 2 1 1 409 398 424 1389 1329 1393
539 9 2 1 1 365 378 395 1096 1383 1394
540 9 2 1 1 383 388 389 1395 1396 1122
541 9 2 1 1 389 411 412 1397 1398 1131
542 9 2 1 1 425 470 511 1058 1399 1205
543 9 2 1 1 394 338 528 1188 1320 1376
544 9 2 1 1 478 564 569 1400 1401 1402
545 9 2 1 1 362 360 521 1390 1298 1136
546 9 2 1 1 363 362 369 1403 1305 1227
547 9 2 1 1 544 426 554 1261 1404 1237
548 9 2 1 1 351 353 376 1365 1405 1247
549 9 2 1 1 339 341 547 1219 1406 1150
550 9 2 1 1 416 409 422 1348 1407 1408
551 9 2 1 1 353 365 543 1287 1409 1410
552 9 2 1 1 405 423 553 1411 1168 1313
553 9 2 1 1 390 380 410 1296 1195 1378
554 9 2 1 1 394 529 561 1377 964 1412
555 9 2 1 1 445 403 446 1126 1302 1293
556 9 2 1 1 436 410 455 1379 1258 909
557 9 2 1 1 461 408 555 1308 1413 1414
558 9 2 1 1 390 436 545 1380 1415 1385
559 9 2 1 1 386 413 551 1373 1416 1369
560 9 2 1 1 345 348 349 1301 1386 1345
561 9 2 1 1 463 419 516 1116 1288 1012
562 9 2 1 1 350 351 537 1417 1249 1418
563 9 2 1 1 341 345 547 1375 1368 1406
564 9 2 1 1 351 347 352 1419 1420 1364
565 9 2 1 1 376 353 543 1405 1410 1421
566 9 2 1 1 375 350 537 1174 1418 1422
567 9 2 1 1 325 496 497 1423 873 881
568 9 2 1 1 369 374 555 1306 1424 1425
569 9 2 1 1 513 394 561 1017 1412 1426
570 9 2 1 1 359 362 363 1391 1403 1324
571 9 2 1 1 548 549 568 1338 1427 1428
572 9 2 1 1 392 393 553 1112 1314 1429
573 9 2 1 1 413 524 551 1342 1388 1416
574 9 2 1 1 531 456 550 1363 1430 1361
575 9 2 1 1 350 347 351 1276 1419 1417
576 9 2 1 1 411 388 439 1431 1432 1433
577 9 2 1 1 429 457 466 1063 1078 1434
578 9 2 1 1 349 371 372 1387 1435 1239
579 9 2 1 1 558 513 561 1436 1426 1437
580 9 2 1 1 485 478 486 1438 1439 1440
581 9 2 1 1 456 515 550 1382 983 1430
582 9 2 1 1 446 542 562 1303 1441 1442
583 9 2 1 1 439 558 561 1443 1437 1011
584 9 2 1 1 435 392 553 1322 1429 1154
585 9 2 1 1 374 521 566 1137 1444 1000
586 9 2 1 1 327 326 328 1445 1352 993
587 9 2 1 1 511 470 512 1399 1446 941
588 9 2 1 1 412 411 437 1398 1447 1448
589 9 2 1 1 389 388 411 1396 1431 1397
590 9 2 1 1 383 368 388 1234 1449 1395
591 9 2 1 1 395 532 533 1384 1311 1450
592 9 2 1 1 113 114 297 129 1451 1452
593 9 2 1 1 82 83 298 98 1453 1454
594 9 2 1 1 20 21 299 36 1455 1456
595 9 2 1 1 51 52 300 67 1457 1458
596 9 2 1 1 365 395 543 1394 1459 1409
597 9 2 1 1 533 534 535 1312 1460 1461
598 9 2 1 1 509 414 519 1124 1337 1026
599 9 2 1 1 450 440 451 1462 1463 1464
600 9 2 1 1 371 399 560 1181 1465 1466
601 9 2 1 1 421 420 464 1467 1468 1469
602 9 2 1 1 498 453 503 1148 1192 889
603 9 2 1 1 464 420 510 1468 1130 1470
604 9 2 1 1 533 535 536 1461 1471 1472
605 9 2 1 1 549 372 571 1240 1473 1474
606 9 2 1 1 526 527 559 1040 1316 1225
607 9 2 1 1 448 483 484 1020 814 1475
608 9 2 1 1 449 460 482 1476 1477 1478
609 9 2 1 1 518 444 523 1187 1304 666
610 9 2 1 1 407 408 449 1479 1480 1481
611 9 2 1 1 564 376 569 1482 1483 1401
612 9 2 1 1 412 437 438 1448 1484 1229
613 9 2 1 1 405 418 423 1299 1485 1411
614 9 2 1 1 450 451 471 1464 1486 1487
615 9 2 1 1 343 525 557 1370 987 1488
616 9 2 1 1 449 408 460 1480 1307 1476
617 9 2 1 1 416 422 442 1408 1489 1244
618 9 2 1 1 433 432 434 1264 1490 1327
619 9 2 1 1 442 422 452 1489 1366 1491
620 9 2 1 1 352 347 557 1420 1492 1286
621 9 2 1 1 438 437 440 1484 1493 1494
622 9 2 1 1 384 369 555 1344 1425 1495
623 9 2 1 1 474 446 475 1294 1496 708
624 9 2 1 1 407 384 408 1339 1497 1479
625 9 2 1 1 432 375 537 1374 1422 1498
626 9 2 1 1 399 421 560 1499 1500 1465
627 9 2 1 1 368 361 558 1202 1501 1502
628 9 2 1 1 407 449 562 1481 1503 1504
629 9 2 1 1 439 388 558 1432 1505 1443
630 9 2 1 1 438 440 450 1494 1462 1506
631 9 2 1 1 361 513 558 1334 1436 1501
632 9 2 1 1 554 426 559 1404 1037 1315
633 9 2 1 1 347 343 557 1392 1488 1492
634 9 2 1 1 477 478 485 1507 1438 674
635 9 2 1 1 388 368 558 1449 1502 1505
636 9 2 1 1 421 464 465 1469 1508 1509
637 9 2 1 1 476 434 477 1328 1510 657
638 9 2 1 1 469 461 570 1325 1511 1512
639 9 2 1 1 399 420 421 1186 1467 1499
640 9 2 1 1 408 384 555 1497 1495 1413
641 9 2 1 1 537 376 564 1248 1482 1513
642 9 2 1 1 442 452 472 1491 794 1343
643 9 2 1 1 477 434 478 1510 1514 1507
644 9 2 1 1 372 371 560 1435 1466 1515
645 9 2 1 1 475 446 562 1496 1442 1516
646 9 2 1 1 536 486 567 1517 1518 1519
647 9 2 1 1 438 450 556 1506 1520 1349
648 9 2 1 1 500 497 574 875 874 960
649 9 2 1 1 467 466 468 1521 1522 1523
650 9 2 1 1 542 407 562 1266 1504 1441
651 9 2 1 1 325 493 496 1524 868 1423
652 9 2 1 1 533 536 567 1472 1519 1525
653 9 2 1 1 439 548 568 1010 1428 1526
654 9 2 1 1 429 466 467 1434 1521 1527
655 9 2 1 1 568 549 571 1427 1474 1528
656 9 2 1 1 543 395 567 1459 1529 1530
657 9 2 1 1 571 372 573 1473 1531 1532
658 9 2 1 1 543 567 569 1530 1533 1534
659 9 2 1 1 471 451 563 1486 1535 653
660 9 2 1 1 411 439 568 1433 1526 1536
661 9 2 1 1 521 427 566 1371 1537 1444
662 9 2 1 1 372 560 573 1515 928 1531
663 9 2 1 1 555 374 565 1424 999 1538
664 9 2 1 1 467 468 570 1523 1539 1540
665 9 2 1 1 432 537 564 1498 1513 1541
666 9 2 1 1 565 467 570 1197 1540 1542
667 9 2 1 1 461 555 565 1414 1538 1543
668 9 2 1 1 563 451 572 1535 965 1544
669 9 2 1 1 395 533 567 1450 1525 1529
670 9 2 1 1 324 326 327 1545 1445 861
671 9 2 1 1 478 434 564 1514 1546 1400
672 9 2 1 1 434 432 564 1490 1541 1546
673 9 2 1 1 427 429 566 1362 1547 1537
674 9 2 1 1 486 478 569 1439 1402 1548
675 9 2 1 1 567 486 569 1518 1548 1533
676 9 2 1 1 429 467 566 1527 1198 1547
677 9 2 1 1 437 411 568 1447 1536 1549
678 9 2 1 1 109 110 305 125 1550 751
679 9 2 1 1 16 17 306 32 1551 1552
680 9 2 1 1 78 79 307 94 1553 1554
681 9 2 1 1 47 48 308 63 1555 755
682 9 2 1 1 376 543 569 1421 1534 1483
683 9 2 1 1 437 568 571 1549 1528 1556
684 9 2 1 1 421 465 572 1509 1557 1558
685 9 2 1 1 545 436 574 1415 961 1559
686 9 2 1 1 440 437 571 1493 1556 1560
687 9 2 1 1 465 563 572 1561 1544 1557
688 9 2 1 1 440 571 573 1560 1532 1562
689 9 2 1 1 461 565 570 1543 1542 1511
690 9 2 1 1 560 421 572 1500 1558 926
691 9 2 1 1 451 440 573 1463 1562 966
692 9 2 1 1 424 545 574 1331 1559 866
693 9 2 1 1 502 422 575 1367 1563 863
694 9 2 1 1 409 424 575 1393 943 1564
695 9 2 1 1 325 322 493 1565 856 1524
696 9 2 1 1 324 325 326 1566 880 1545
697 9 2 1 1 422 409 575 1407 1564 1563
698 9 2 1 1 324 322 325 1567 1565 1566
699 9 2 1 1 323 324 494 1568 862 844
700 9 2 1 1 323 322 324 1569 1567 1568
701 9 2 1 1 320 322 323 1570 1569 848
702 9 2 1 1 320 321 322 1571 855 1570
703 9 2 1 1 495 423 577 842 1572 854
704 9 2 1 1 423 418 577 1485 1573 1572
705 9 2 1 1 319 320 491 1574 849 840
706 9 2 1 1 320 318 321 1575 835 1571
707 9 2 1 1 448 484 576 1475 828 1576
708 9 2 1 1 448 576 577 1576 851 1577
709 9 2 1 1 418 448 577 1246 1577 1573
710 9 2 1 1 319 318 320 1578 1575 1574
711 9 2 1 1 316 318 319 1579 1578 829
712 9 2 1 1 318 317 492 1580 791 836
713 9 2 1 1 316 317 318 1581 1580 1579
714 9 2 1 1 314 316 490 1582 830 1583
715 9 2 1 1 316 315 317 1584 1585 1581
716 9 2 1 1 449 482 578 1478 783 1586
717 9 2 1 1 475 562 578 1516 1587 1588
718 9 2 1 1 562 449 578 1503 1586 1587
719 9 2 1 1 517 290 587 730 1589 1590
720 9 2 1 1 314 315 316 1591 1584 1582
721 9 2 1 1 305 475 589 709 1592 752
722 9 2 1 1 594 309 630 1593 715 733
723 9 2 1 1 628 593 633 1594 1595 1596
724 9 2 1 1 480 417 579 998 1597 821
725 9 2 1 1 404 445 579 1127 1598 1599
726 9 2 1 1 581 301 617 1600 780 810
727 9 2 1 1 476 308 639 649 1601 1602
728 9 2 1 1 314 294 315 1603 1604 1591
729 9 2 1 1 417 404 579 1091 1599 1597
730 9 2 1 1 506 479 583 891 778 1605
731 9 2 1 1 481 282 599 1606 1607 672
732 9 2 1 1 285 482 612 781 717 1608
733 9 2 1 1 563 465 580 1561 1609 705
734 9 2 1 1 539 512 584 942 680 1610
735 9 2 1 1 584 592 620 806 1611 1612
736 9 2 1 1 486 536 585 1517 1613 1614
737 9 2 1 1 282 481 624 1606 1615 1616
738 9 2 1 1 302 591 635 1617 772 764
739 9 2 1 1 586 298 600 1618 1619 727
740 9 2 1 1 508 509 582 1125 1620 1621
741 9 2 1 1 501 506 583 1009 1605 1622
742 9 2 1 1 283 489 608 1623 1624 804
743 9 2 1 1 593 295 633 1625 1626 1595
744 9 2 1 1 445 474 610 1295 677 1627
745 9 2 1 1 489 457 608 1079 1628 1624
746 9 2 1 1 315 294 595 1604 1629 774
747 9 2 1 1 582 298 586 1630 1618 1631
748 9 2 1 1 508 582 586 1621 1631 1632
749 9 2 1 1 534 539 584 1272 1610 1633
750 9 2 1 1 485 486 585 1440 1614 701
751 9 2 1 1 458 508 586 952 1632 1634
752 9 2 1 1 443 556 613 1350 1635 1636
753 9 2 1 1 499 602 624 743 1637 1638
754 9 2 1 1 296 535 620 721 1639 1640
755 9 2 1 1 463 517 587 1013 1590 1641
756 9 2 1 1 314 490 617 1583 1642 725
757 9 2 1 1 510 304 628 660 1643 1644
758 9 2 1 1 450 471 616 1487 668 1645
759 9 2 1 1 475 578 589 1588 1646 1592
760 9 2 1 1 313 294 314 1647 1603 724
761 9 2 1 1 289 505 610 1648 1649 694
762 9 2 1 1 578 285 589 782 754 1646
763 9 2 1 1 458 586 608 1634 729 1650
764 9 2 1 1 469 570 622 1512 1651 641
765 9 2 1 1 481 459 624 1024 1652 1615
766 9 2 1 1 482 460 630 1477 1653 714
767 9 2 1 1 466 489 635 1080 765 1654
768 9 2 1 1 295 580 633 1655 1656 1626
769 9 2 1 1 585 312 598 1657 1658 702
770 9 2 1 1 509 520 626 1027 684 1659
771 9 2 1 1 499 501 627 1317 1660 812
772 9 2 1 1 10 294 313 934 1647 1661
773 9 2 1 1 103 293 591 936 815 1662
774 9 2 1 1 41 296 592 938 1663 1664
775 9 2 1 1 72 295 593 940 1625 1665
776 9 2 1 1 294 11 595 933 1666 1629
777 9 2 1 1 293 104 594 935 1667 655
778 9 2 1 1 296 42 596 937 1668 722
779 9 2 1 1 3 304 599 904 673 1669
780 9 2 1 1 54 3 599 70 1669 1670
781 9 2 1 1 77 78 603 93 1671 1672
782 9 2 1 1 282 54 599 1282 1670 1607
783 9 2 1 1 105 309 594 975 1593 1673
784 9 2 1 1 12 310 595 977 820 1674
785 9 2 1 1 43 312 596 979 1675 1676
786 9 2 1 1 301 9 313 898 1677 779
787 9 2 1 1 302 102 591 900 1678 1617
788 9 2 1 1 303 40 592 902 1679 805
789 9 2 1 1 304 71 593 903 1680 1681
790 9 2 1 1 9 10 313 25 1661 1677
791 9 2 1 1 102 103 591 118 1662 1678
792 9 2 1 1 40 41 592 56 1664 1679
793 9 2 1 1 71 72 593 87 1665 1680
794 9 2 1 1 312 44 598 978 1682 1658
795 9 2 1 1 311 75 597 980 1683 687
796 9 2 1 1 76 286 597 924 664 1684
797 9 2 1 1 45 288 598 925 700 1685
798 9 2 1 1 104 105 594 120 1673 1667
799 9 2 1 1 11 12 595 27 1674 1666
800 9 2 1 1 42 43 596 58 1676 1668
801 9 2 1 1 286 77 603 923 1672 773
802 9 2 1 1 44 45 598 60 1685 1682
803 9 2 1 1 75 76 597 91 1684 1683
804 9 2 1 1 84 283 600 1280 803 1686
805 9 2 1 1 22 284 601 1281 1687 1688
806 9 2 1 1 83 84 600 99 1686 1689
807 9 2 1 1 21 22 601 37 1688 1690
808 9 2 1 1 53 282 602 1283 1691 1692
809 9 2 1 1 52 53 602 68 1692 1693
810 9 2 1 1 50 51 604 66 1694 1695
811 9 2 1 1 298 83 600 1453 1689 1619
812 9 2 1 1 299 21 601 1455 1690 818
813 9 2 1 1 300 52 602 1457 1693 742
814 9 2 1 1 51 300 604 1458 1696 1694
815 9 2 1 1 292 50 604 1359 1695 1697
816 9 2 1 1 110 111 605 126 1698 1699
817 9 2 1 1 79 80 606 95 1700 1701
818 9 2 1 1 48 49 607 64 1702 1703
819 9 2 1 1 78 307 603 1554 1704 1671
820 9 2 1 1 111 289 605 1354 693 1698
821 9 2 1 1 80 291 606 1358 645 1700
822 9 2 1 1 49 292 607 1360 720 1702
823 9 2 1 1 305 110 605 1550 1699 744
824 9 2 1 1 307 79 606 1553 1701 784
825 9 2 1 1 308 48 607 1555 1703 1705
826 9 2 1 1 457 458 608 1007 1650 1628
827 9 2 1 1 287 15 609 921 1706 786
828 9 2 1 1 16 306 609 1552 746 1707
829 9 2 1 1 585 536 623 1613 1708 1709
830 9 2 1 1 583 292 604 777 1697 1710
831 9 2 1 1 281 504 619 770 817 1711
832 9 2 1 1 15 16 609 31 1707 1706
833 9 2 1 1 317 315 614 1585 776 1712
834 9 2 1 1 556 616 632 1713 759 1714
835 9 2 1 1 587 299 631 1715 819 1716
836 9 2 1 1 82 298 611 1454 1717 1718
837 9 2 1 1 291 81 611 1357 1719 1720
838 9 2 1 1 107 285 612 920 1608 1721
839 9 2 1 1 309 106 612 974 1722 716
840 9 2 1 1 580 465 633 1609 1723 1656
841 9 2 1 1 505 579 610 822 1724 1649
842 9 2 1 1 505 289 625 1648 1725 1726
843 9 2 1 1 18 290 615 1356 823 1727
844 9 2 1 1 306 17 615 1551 1728 799
845 9 2 1 1 297 505 625 750 1726 1729
846 9 2 1 1 579 445 610 1598 1627 1724
847 9 2 1 1 81 82 611 97 1718 1719
848 9 2 1 1 106 107 612 122 1721 1722
849 9 2 1 1 489 283 618 1623 1730 766
850 9 2 1 1 520 443 613 958 1636 685
851 9 2 1 1 4 302 618 901 767 1731
852 9 2 1 1 283 85 618 1279 1732 1730
853 9 2 1 1 312 585 623 1657 1709 1733
854 9 2 1 1 298 582 611 1630 1734 1717
855 9 2 1 1 115 281 619 1278 1711 1735
856 9 2 1 1 297 114 619 1451 1736 816
857 9 2 1 1 488 317 614 790 1712 793
858 9 2 1 1 535 534 620 1460 1737 1639
859 9 2 1 1 463 587 631 1641 1716 1738
860 9 2 1 1 287 487 629 704 1739 1740
861 9 2 1 1 487 310 629 787 1741 1739
862 9 2 1 1 580 295 634 1655 1742 1743
863 9 2 1 1 113 297 625 1452 1729 1744
864 9 2 1 1 289 112 625 1353 1745 1725
865 9 2 1 1 17 18 615 33 1727 1728
866 9 2 1 1 14 287 629 922 1740 1746
867 9 2 1 1 310 13 629 976 1747 1741
868 9 2 1 1 295 73 634 939 1748 1742
869 9 2 1 1 74 311 634 981 1749 1750
870 9 2 1 1 20 299 637 1456 1751 1752
871 9 2 1 1 290 19 637 1355 1753 1754
872 9 2 1 1 1 301 636 899 1755 1756
873 9 2 1 1 281 116 636 1277 1757 1758
874 9 2 1 1 299 587 637 1715 1759 1751
875 9 2 1 1 311 580 634 706 1743 1749
876 9 2 1 1 301 581 636 1600 1760 1755
877 9 2 1 1 581 281 636 807 1758 1760
878 9 2 1 1 556 450 616 1520 1645 1713
879 9 2 1 1 490 484 617 827 811 1642
880 9 2 1 1 85 4 618 101 1731 1732
881 9 2 1 1 587 290 637 1589 1754 1759
882 9 2 1 1 536 535 623 1471 802 1708
883 9 2 1 1 291 611 626 1720 1761 683
884 9 2 1 1 114 115 619 130 1735 1736
885 9 2 1 1 534 584 620 1633 1612 1737
886 9 2 1 1 601 284 621 1687 1762 796
887 9 2 1 1 611 582 626 1734 1763 1761
888 9 2 1 1 470 462 621 1057 1764 1765
889 9 2 1 1 570 468 622 1539 737 1651
890 9 2 1 1 621 462 631 1764 1766 797
891 9 2 1 1 512 470 638 1446 1767 1768
892 9 2 1 1 602 282 624 1691 1616 1637
893 9 2 1 1 459 499 624 1061 1638 1652
894 9 2 1 1 112 113 625 128 1744 1745
895 9 2 1 1 613 556 632 1635 1714 1769
896 9 2 1 1 464 510 628 1470 1644 1770
897 9 2 1 1 13 14 629 29 1746 1747
898 9 2 1 1 460 469 630 1326 734 1653
899 9 2 1 1 464 628 633 1770 1596 1771
900 9 2 1 1 462 463 631 1117 1738 1766
901 9 2 1 1 465 464 633 1508 1771 1723
902 9 2 1 1 583 604 627 1710 1772 1773
903 9 2 1 1 73 74 634 89 1750 1748
904 9 2 1 1 468 466 635 1522 1654 771
905 9 2 1 1 116 1 636 132 1756 1757
906 9 2 1 1 19 20 637 35 1752 1753
907 9 2 1 1 479 476 639 1029 1602 747
908 9 2 1 1 621 284 638 1762 1774 1775
909 9 2 1 1 592 296 620 1663 1640 1611
910 9 2 1 1 304 593 628 1681 1594 1643
911 9 2 1 1 582 509 626 1620 1659 1763
912 9 2 1 1 604 300 627 1696 813 1772
913 9 2 1 1 501 583 627 1622 1773 1660
914 9 2 1 1 596 312 623 1675 1733 801
915 9 2 1 1 308 607 639 1705 748 1601
916 9 2 1 1 588 512 638 681 1768 1776
917 9 2 1 1 603 307 632 1704 1777 758
918 9 2 1 1 470 621 638 1765 1775 1767
919 9 2 1 1 307 613 632 785 1769 1777
920 9 2 1 1 284 588 638 739 1776 1774
921 9 2 2 2 187 1787 1795 1894 1895 1896
922 9 2 2 2 224 1788 1796 1897 1898 1899
923 9 2 2 2 261 1786 1797 1900 1901 1902
924 9 2 2 2 150 1789 1794 1903 1904 1905
925 9 2 2 2 144 1781 1810 1906 1907 1908
926 9 2 2 2 181 1778 1811 1909 1910 1911
927 9 2 2 2 218 1779 1812 1912 1913 1914
928 9 2 2 2 255 1780 1813 1915 1916 1917
929 9 2 2 2 138 1782 1802 1918 1919 1920
930 9 2 2 2 175 1783 1803 1921 1922 1923
931 9 2 2 2 212 1784 1804 1924 1925 1926
932 9 2 2 2 249 1785 1805 1927 1928 1929
933 9 2 2 2 186 187 1795 205 1896 1930
934 9 2 2 2 223 224 1796 242 1899 1931
935 9 2 2 2 260 261 1797 279 1902 1932
936 9 2 2 2 149 150 1794 168 1905 1933
937 9 2 2 2 143 144 1810 162 1908 1934
938 9 2 2 2 180 181 1811 199 1911 1935
939 9 2 2 2 217 218 1812 236 1914 1936
940 9 2 2 2 254 255 1813 273 1917 1937
941 9 2 2 2 1782 138 1882 1918 1938 1939
942 9 2 2 2 1783 175 1883 1921 1940 1941
943 9 2 2 2 1784 212 1884 1924 1942 1943
944 9 2 2 2 1785 249 1885 1927 1944 1945
945 9 2 2 2 137 138 1802 156 1920 1946
946 9 2 2 2 174 175 1803 193 1923 1947
947 9 2 2 2 211 212 1804 230 1926 1948
948 9 2 2 2 248 249 1805 267 1929 1949
949 9 2 2 2 138 139 1882 157 1950 1938
950 9 2 2 2 175 176 1883 194 1951 1940
951 9 2 2 2 212 213 1884 231 1952 1942
952 9 2 2 2 249 250 1885 268 1953 1944
953 9 2 2 2 1778 181 1887 1909 1954 1955
954 9 2 2 2 1779 218 1888 1912 1956 1957
955 9 2 2 2 1780 255 1889 1915 1958 1959
956 9 2 2 2 1781 144 1886 1906 1960 1961
957 9 2 2 2 1787 187 1891 1894 1962 1963
958 9 2 2 2 1788 224 1892 1897 1964 1965
959 9 2 2 2 1786 261 1890 1900 1966 1967
960 9 2 2 2 1789 150 1893 1903 1968 1969
961 9 2 2 2 137 1802 1870 1946 1970 1971
962 9 2 2 2 174 1803 1871 1947 1972 1973
963 9 2 2 2 211 1804 1872 1948 1974 1975
964 9 2 2 2 248 1805 1873 1949 1976 1977
965 9 2 2 2 1795 53 1835 1978 1979 1980
966 9 2 2 2 1796 84 1836 1981 1982 1983
967 9 2 2 2 1797 115 1837 1984 1985 1986
968 9 2 2 2 1794 22 1834 1987 1988 1989
969 9 2 2 2 1810 17 1826 1990 1991 1992
970 9 2 2 2 1811 48 1827 1993 1994 1995
971 9 2 2 2 1812 79 1828 1996 1997 1998
972 9 2 2 2 1813 110 1829 1999 2000 2001
973 9 2 2 2 1802 12 1825 2002 2003 2004
974 9 2 2 2 1803 43 1822 2005 2006 2007
975 9 2 2 2 1804 74 1823 2008 2009 2010
976 9 2 2 2 1805 105 1824 2011 2012 2013
977 9 2 2 2 181 182 1887 200 2014 1954
978 9 2 2 2 218 219 1888 237 2015 1956
979 9 2 2 2 255 256 1889 274 2016 1958
980 9 2 2 2 144 145 1886 163 2017 1960
981 9 2 2 2 133 1878 1890 2018 2019 2020
982 9 2 2 2 207 1880 1891 2021 2022 2023
983 9 2 2 2 244 1881 1892 2024 2025 2026
984 9 2 2 2 170 1879 1893 2027 2028 2029
985 9 2 2 2 143 1810 1862 1934 2030 2031
986 9 2 2 2 180 1811 1863 1935 2032 2033
987 9 2 2 2 217 1812 1864 1936 2034 2035
988 9 2 2 2 254 1813 1865 1937 2036 2037
989 9 2 2 2 6 170 1893 188 2029 2038
990 9 2 2 2 5 133 1890 151 2020 2039
991 9 2 2 2 7 207 1891 225 2023 2040
992 9 2 2 2 8 244 1892 262 2026 2041
993 9 2 2 2 261 5 1890 280 2039 1966
994 9 2 2 2 150 6 1893 169 2038 1968
995 9 2 2 2 187 7 1891 206 2040 1962
996 9 2 2 2 224 8 1892 243 2041 1964
997 9 2 2 2 183 1875 1887 2042 2043 2044
998 9 2 2 2 220 1876 1888 2045 2046 2047
999 9 2 2 2 257 1877 1889 2048 2049 2050
1000 9 2 2 2 146 1874 1886 2051 2052 2053
1001 9 2 2 2 1802 1825 1870 2004 2054 1970
1002 9 2 2 2 1803 1822 1871 2007 2055 1972
1003 9 2 2 2 1804 1823 1872 2010 2056 1974
1004 9 2 2 2 1805 1824 1873 2013 2057 1976
1005 9 2 2 2 1810 1826 1862 1992 2058 2030
1006 9 2 2 2 1811 1827 1863 1995 2059 2032
1007 9 2 2 2 1812 1828 1864 1998 2060 2034
1008 9 2 2 2 1813 1829 1865 2001 2061 2036
1009 9 2 2 2 23 22 1794 38 1987 2062
1010 9 2 2 2 54 53 1795 69 1978 2063
1011 9 2 2 2 85 84 1796 100 1981 2064
1012 9 2 2 2 116 115 1797 131 1984 2065
1013 9 2 2 2 18 17 1810 33 1990 2066
1014 9 2 2 2 49 48 1811 64 1993 2067
1015 9 2 2 2 80 79 1812 95 1996 2068
1016 9 2 2 2 111 110 1813 126 1999 2069
1017 9 2 2 2 13 12 1802 28 2002 2070
1018 9 2 2 2 44 43 1803 59 2005 2071
1019 9 2 2 2 75 74 1804 90 2008 2072
1020 9 2 2 2 106 105 1805 121 2011 2073
1021 9 2 2 2 186 1795 1854 1930 2074 2075
1022 9 2 2 2 223 1796 1855 1931 2076 2077
1023 9 2 2 2 260 1797 1856 1932 2078 2079
1024 9 2 2 2 149 1794 1857 1933 2080 2081
1025 9 2 2 2 1826 16 1830 2082 2083 2084
1026 9 2 2 2 1827 47 1831 2085 2086 2087
1027 9 2 2 2 1828 78 1832 2088 2089 2090
1028 9 2 2 2 1829 109 1833 2091 2092 2093
1029 9 2 2 2 1822 42 1839 2094 2095 2096
1030 9 2 2 2 1823 73 1840 2097 2098 2099
1031 9 2 2 2 1824 104 1841 2100 2101 2102
1032 9 2 2 2 1825 11 1838 2103 2104 2105
1033 9 2 2 2 52 1818 1835 2106 2107 2108
1034 9 2 2 2 83 1819 1836 2109 2110 2111
1035 9 2 2 2 114 1820 1837 2112 2113 2114
1036 9 2 2 2 21 1821 1834 2115 2116 2117
1037 9 2 2 2 15 1798 1830 2118 2119 2120
1038 9 2 2 2 46 1799 1831 2121 2122 2123
1039 9 2 2 2 77 1800 1832 2124 2125 2126
1040 9 2 2 2 108 1801 1833 2127 2128 2129
1041 9 2 2 2 20 1809 1821 2130 2131 2132
1042 9 2 2 2 51 1806 1818 2133 2134 2135
1043 9 2 2 2 82 1807 1819 2136 2137 2138
1044 9 2 2 2 113 1808 1820 2139 2140 2141
1045 9 2 2 2 10 1814 1838 2142 2143 2144
1046 9 2 2 2 41 1815 1839 2145 2146 2147
1047 9 2 2 2 72 1816 1840 2148 2149 2150
1048 9 2 2 2 103 1817 1841 2151 2152 2153
1049 9 2 2 2 14 1782 1798 2154 2155 2156
1050 9 2 2 2 45 1783 1799 2157 2158 2159
1051 9 2 2 2 76 1784 1800 2160 2161 2162
1052 9 2 2 2 107 1785 1801 2163 2164 2165
1053 9 2 2 2 19 1781 1809 2166 2167 2168
1054 9 2 2 2 50 1778 1806 2169 2170 2171
1055 9 2 2 2 81 1779 1807 2172 2173 2174
1056 9 2 2 2 112 1780 1808 2175 2176 2177
1057 9 2 2 2 1 1786 1790 2178 2179 2180
1058 9 2 2 2 3 1787 1791 2181 2182 2183
1059 9 2 2 2 4 1788 1792 2184 2185 2186
1060 9 2 2 2 2 1789 1793 2187 2188 2189
1061 9 2 2 2 9 1790 1814 2190 2191 2192
1062 9 2 2 2 71 1791 1816 2193 2194 2195
1063 9 2 2 2 102 1792 1817 2196 2197 2198
1064 9 2 2 2 40 1793 1815 2199 2200 2201
1065 9 2 2 2 1794 1834 1857 1989 2202 2080
1066 9 2 2 2 1795 1835 1854 1980 2203 2074
1067 9 2 2 2 1796 1836 1855 1983 2204 2076
1068 9 2 2 2 1797 1837 1856 1986 2205 2078
1069 9 2 2 2 140 1866 1882 2206 2207 2208
1070 9 2 2 2 177 1867 1883 2209 2210 2211
1071 9 2 2 2 214 1868 1884 2212 2213 2214
1072 9 2 2 2 251 1869 1885 2215 2216 2217
1073 9 2 2 2 1853 136 1870 2218 2219 2220
1074 9 2 2 2 1850 173 1871 2221 2222 2223
1075 9 2 2 2 1851 210 1872 2224 2225 2226
1076 9 2 2 2 1852 247 1873 2227 2228 2229
1077 9 2 2 2 1825 1853 1870 2230 2220 2054
1078 9 2 2 2 1822 1850 1871 2231 2223 2055
1079 9 2 2 2 1823 1851 1872 2232 2226 2056
1080 9 2 2 2 1824 1852 1873 2233 2229 2057
1081 9 2 2 2 1842 142 1862 2234 2235 2236
1082 9 2 2 2 1843 179 1863 2237 2238 2239
1083 9 2 2 2 1844 216 1864 2240 2241 2242
1084 9 2 2 2 1845 253 1865 2243 2244 2245
1085 9 2 2 2 1826 1842 1862 2246 2236 2058
1086 9 2 2 2 1827 1843 1863 2247 2239 2059
1087 9 2 2 2 1828 1844 1864 2248 2242 2060
1088 9 2 2 2 1829 1845 1865 2249 2245 2061
1089 9 2 2 2 1846 148 1857 2250 2251 2252
1090 9 2 2 2 1847 185 1854 2253 2254 2255
1091 9 2 2 2 1848 222 1855 2256 2257 2258
1092 9 2 2 2 1849 259 1856 2259 2260 2261
1093 9 2 2 2 1835 1847 1854 2262 2255 2203
1094 9 2 2 2 1836 1848 1855 2263 2258 2204
1095 9 2 2 2 1837 1849 1856 2264 2261 2205
1096 9 2 2 2 1834 1846 1857 2265 2252 2202
1097 9 2 2 2 134 1858 1878 2266 2267 2268
1098 9 2 2 2 171 1859 1879 2269 2270 2271
1099 9 2 2 2 208 1860 1880 2272 2273 2274
1100 9 2 2 2 245 1861 1881 2275 2276 2277
1101 9 2 2 2 145 146 1886 164 2053 2017
1102 9 2 2 2 182 183 1887 201 2044 2014
1103 9 2 2 2 219 220 1888 238 2047 2015
1104 9 2 2 2 256 257 1889 275 2050 2016
1105 9 2 2 2 184 1847 1875 2278 2279 2280
1106 9 2 2 2 221 1848 1876 2281 2282 2283
1107 9 2 2 2 258 1849 1877 2284 2285 2286
1108 9 2 2 2 147 1846 1874 2287 2288 2289
1109 9 2 2 2 22 21 1834 37 2117 1988
1110 9 2 2 2 53 52 1835 68 2108 1979
1111 9 2 2 2 84 83 1836 99 2111 1982
1112 9 2 2 2 115 114 1837 130 2114 1985
1113 9 2 2 2 42 41 1839 57 2147 2095
1114 9 2 2 2 73 72 1840 88 2150 2098
1115 9 2 2 2 104 103 1841 119 2153 2101
1116 9 2 2 2 11 10 1838 26 2144 2104
1117 9 2 2 2 16 15 1830 31 2120 2083
1118 9 2 2 2 47 46 1831 62 2123 2086
1119 9 2 2 2 78 77 1832 93 2126 2089
1120 9 2 2 2 109 108 1833 124 2129 2092
1121 9 2 2 2 17 16 1826 32 2082 1991
1122 9 2 2 2 48 47 1827 63 2085 1994
1123 9 2 2 2 79 78 1828 94 2088 1997
1124 9 2 2 2 110 109 1829 125 2091 2000
1125 9 2 2 2 43 42 1822 58 2094 2006
1126 9 2 2 2 74 73 1823 89 2097 2009
1127 9 2 2 2 105 104 1824 120 2100 2012
1128 9 2 2 2 12 11 1825 27 2103 2003
1129 9 2 2 2 52 51 1818 67 2135 2106
1130 9 2 2 2 83 82 1819 98 2138 2109
1131 9 2 2 2 114 113 1820 129 2141 2112
1132 9 2 2 2 21 20 1821 36 2132 2115
1133 9 2 2 2 1 116 1786 132 2290 2178
1134 9 2 2 2 2 23 1789 39 2291 2187
1135 9 2 2 2 3 54 1787 70 2292 2181
1136 9 2 2 2 4 85 1788 101 2293 2184
1137 9 2 2 2 19 18 1781 34 2294 2166
1138 9 2 2 2 50 49 1778 65 2295 2169
1139 9 2 2 2 81 80 1779 96 2296 2172
1140 9 2 2 2 112 111 1780 127 2297 2175
1141 9 2 2 2 14 13 1782 29 2298 2154
1142 9 2 2 2 45 44 1783 60 2299 2157
1143 9 2 2 2 76 75 1784 91 2300 2160
1144 9 2 2 2 107 106 1785 122 2301 2163
1145 9 2 2 2 15 14 1798 30 2156 2118
1146 9 2 2 2 46 45 1799 61 2159 2121
1147 9 2 2 2 77 76 1800 92 2162 2124
1148 9 2 2 2 108 107 1801 123 2165 2127
1149 9 2 2 2 51 50 1806 66 2171 2133
1150 9 2 2 2 82 81 1807 97 2174 2136
1151 9 2 2 2 113 112 1808 128 2177 2139
1152 9 2 2 2 20 19 1809 35 2168 2130
1153 9 2 2 2 9 1 1790 24 2180 2190
1154 9 2 2 2 40 2 1793 55 2189 2199
1155 9 2 2 2 71 3 1791 86 2183 2193
1156 9 2 2 2 102 4 1792 117 2186 2196
1157 9 2 2 2 10 9 1814 25 2192 2142
1158 9 2 2 2 41 40 1815 56 2201 2145
1159 9 2 2 2 72 71 1816 87 2195 2148
1160 9 2 2 2 103 102 1817 118 2198 2151
1161 9 2 2 2 1787 54 1795 2292 2063 1895
1162 9 2 2 2 1788 85 1796 2293 2064 1898
1163 9 2 2 2 1786 116 1797 2290 2065 1901
1164 9 2 2 2 1789 23 1794 2291 2062 1904
1165 9 2 2 2 1778 49 1811 2295 2067 1910
1166 9 2 2 2 1779 80 1812 2296 2068 1913
1167 9 2 2 2 1780 111 1813 2297 2069 1916
1168 9 2 2 2 1781 18 1810 2294 2066 1907
1169 9 2 2 2 1782 13 1802 2298 2070 1919
1170 9 2 2 2 1783 44 1803 2299 2071 1922
1171 9 2 2 2 1784 75 1804 2300 2072 1925
1172 9 2 2 2 1785 106 1805 2301 2073 1928
1173 9 2 2 2 1878 1790 1890 2302 2303 2019
1174 9 2 2 2 1880 1791 1891 2304 2305 2022
1175 9 2 2 2 1881 1792 1892 2306 2307 2025
1176 9 2 2 2 1879 1793 1893 2308 2309 2028
1177 9 2 2 2 1874 1809 1886 2310 2311 2052
1178 9 2 2 2 1875 1806 1887 2312 2313 2043
1179 9 2 2 2 1876 1807 1888 2314 2315 2046
1180 9 2 2 2 1877 1808 1889 2316 2317 2049
1181 9 2 2 2 141 1842 1866 2318 2319 2320
1182 9 2 2 2 178 1843 1867 2321 2322 2323
1183 9 2 2 2 215 1844 1868 2324 2325 2326
1184 9 2 2 2 252 1845 1869 2327 2328 2329
1185 9 2 2 2 1866 1798 1882 2330 2331 2207
1186 9 2 2 2 1867 1799 1883 2332 2333 2210
1187 9 2 2 2 1868 1800 1884 2334 2335 2213
1188 9 2 2 2 1869 1801 1885 2336 2337 2216
1189 9 2 2 2 172 1850 1859 2338 2339 2340
1190 9 2 2 2 209 1851 1860 2341 2342 2343
1191 9 2 2 2 246 1852 1861 2344 2345 2346
1192 9 2 2 2 135 1853 1858 2347 2348 2349
1193 9 2 2 2 1858 1814 1878 2350 2351 2267
1194 9 2 2 2 1859 1815 1879 2352 2353 2270
1195 9 2 2 2 1860 1816 1880 2354 2355 2273
1196 9 2 2 2 1861 1817 1881 2356 2357 2276
1197 9 2 2 2 1847 1818 1875 2358 2359 2279
1198 9 2 2 2 1848 1819 1876 2360 2361 2282
1199 9 2 2 2 1849 1820 1877 2362 2363 2285
1200 9 2 2 2 1846 1821 1874 2364 2365 2288
1201 9 2 2 2 1842 1830 1866 2366 2367 2319
1202 9 2 2 2 1843 1831 1867 2368 2369 2322
1203 9 2 2 2 1844 1832 1868 2370 2371 2325
1204 9 2 2 2 1845 1833 1869 2372 2373 2328
1205 9 2 2 2 1853 1838 1858 2374 2375 2348
1206 9 2 2 2 1850 1839 1859 2376 2377 2339
1207 9 2 2 2 1851 1840 1860 2378 2379 2342
1208 9 2 2 2 1852 1841 1861 2380 2381 2345
1209 9 2 2 2 139 140 1882 158 2208 1950
1210 9 2 2 2 176 177 1883 195 2211 1951
1211 9 2 2 2 213 214 1884 232 2214 1952
1212 9 2 2 2 250 251 1885 269 2217 1953
1213 9 2 2 2 133 134 1878 152 2268 2018
1214 9 2 2 2 170 171 1879 189 2271 2027
1215 9 2 2 2 207 208 1880 226 2274 2021
1216 9 2 2 2 244 245 1881 263 2277 2024
1217 9 2 2 2 136 137 1870 155 1971 2219
1218 9 2 2 2 173 174 1871 192 1973 2222
1219 9 2 2 2 210 211 1872 229 1975 2225
1220 9 2 2 2 247 248 1873 266 1977 2228
1221 9 2 2 2 1790 1786 1890 2179 1967 2303
1222 9 2 2 2 1791 1787 1891 2182 1963 2305
1223 9 2 2 2 1792 1788 1892 2185 1965 2307
1224 9 2 2 2 1793 1789 1893 2188 1969 2309
1225 9 2 2 2 1806 1778 1887 2170 1955 2313
1226 9 2 2 2 1807 1779 1888 2173 1957 2315
1227 9 2 2 2 1808 1780 1889 2176 1959 2317
1228 9 2 2 2 1809 1781 1886 2167 1961 2311
1229 9 2 2 2 1798 1782 1882 2155 1939 2331
1230 9 2 2 2 1799 1783 1883 2158 1941 2333
1231 9 2 2 2 1800 1784 1884 2161 1943 2335
1232 9 2 2 2 1801 1785 1885 2164 1945 2337
1233 9 2 2 2 1814 1790 1878 2191 2302 2351
1234 9 2 2 2 1816 1791 1880 2194 2304 2355
1235 9 2 2 2 1817 1792 1881 2197 2306 2357
1236 9 2 2 2 1815 1793 1879 2200 2308 2353
1237 9 2 2 2 1818 1806 1875 2134 2312 2359
1238 9 2 2 2 1819 1807 1876 2137 2314 2361
1239 9 2 2 2 1820 1808 1877 2140 2316 2363
1240 9 2 2 2 1821 1809 1874 2131 2310 2365
1241 9 2 2 2 1826 1830 1842 2084 2366 2246
1242 9 2 2 2 1827 1831 1843 2087 2368 2247
1243 9 2 2 2 1828 1832 1844 2090 2370 2248
1244 9 2 2 2 1829 1833 1845 2093 2372 2249
1245 9 2 2 2 1830 1798 1866 2119 2330 2367
1246 9 2 2 2 1831 1799 1867 2122 2332 2369
1247 9 2 2 2 1832 1800 1868 2125 2334 2371
1248 9 2 2 2 1833 1801 1869 2128 2336 2373
1249 9 2 2 2 1822 1839 1850 2096 2376 2231
1250 9 2 2 2 1823 1840 1851 2099 2378 2232
1251 9 2 2 2 1824 1841 1852 2102 2380 2233
1252 9 2 2 2 1825 1838 1853 2105 2374 2230
1253 9 2 2 2 1835 1818 1847 2107 2358 2262
1254 9 2 2 2 1836 1819 1848 2110 2360 2263
1255 9 2 2 2 1837 1820 1849 2113 2362 2264
1256 9 2 2 2 1834 1821 1846 2116 2364 2265
1257 9 2 2 2 1838 1814 1858 2143 2350 2375
1258 9 2 2 2 1839 1815 1859 2146 2352 2377
1259 9 2 2 2 1840 1816 1860 2149 2354 2379
1260 9 2 2 2 1841 1817 1861 2152 2356 2381
1261 9 2 2 2 183 184 1875 202 2280 2042
1262 9 2 2 2 220 221 1876 239 2283 2045
1263 9 2 2 2 257 258 1877 276 2286 2048
1264 9 2 2 2 146 147 1874 165 2289 2051
1265 9 2 2 2 142 143 1862 161 2031 2235
1266 9 2 2 2 179 180 1863 198 2033 2238
1267 9 2 2 2 216 217 1864 235 2035 2241
1268 9 2 2 2 253 254 1865 272 2037 2244
1269 9 2 2 2 140 141 1866 159 2320 2206
1270 9 2 2 2 177 178 1867 196 2323 2209
1271 9 2 2 2 214 215 1868 233 2326 2212
1272 9 2 2 2 251 252 1869 270 2329 2215
1273 9 2 2 2 148 149 1857 167 2081 2251
1274 9 2 2 2 185 186 1854 204 2075 2254
1275 9 2 2 2 222 223 1855 241 2077 2257
1276 9 2 2 2 259 260 1856 278 2079 2260
1277 9 2 2 2 134 135 1858 153 2349 2266
1278 9 2 2 2 171 172 1859 190 2340 2269
1279 9 2 2 2 208 209 1860 227 2343 2272
1280 9 2 2 2 245 246 1861 264 2346 2275
1281 9 2 2 2 147 148 1846 166 2250 2287
1282 9 2 2 2 184 185 1847 203 2253 2278
1283 9 2 2 2 221 222 1848 240 2256 2281
1284 9 2 2 2 258 259 1849 277 2259 2284
1285 9 2 2 2 172 173 1850 191 2221 2338
1286 9 2 2 2 209 210 1851 228 2224 2341
1287 9 2 2 2 246 247 1852 265 2227 2344
1288 9 2 2 2 135 136 1853 154 2218 2347
1289 9 2 2 2 141 142 1842 160 2234 2318
1290 9 2 2 2 178 179 1843 197 2237 2321
1291 9 2 2 2 215 216 1844 234 2240 2324
1292 9 2 2 2 252 253 1845 271 2243 2327
$EndElements
