$MeshFormat
2.2 0 8
$EndMeshFormat
$PhysicalNames
6
1 1 "circle_1"
1 2 "circle_2"
1 3 "circle_3"
2 1 "layer_1"
2 2 "layer_2"
2 3 "layer_3"
$EndPhysicalNames
$Nodes
2505
1 0.5467 0 0
2 0 0.5467 0
3 -0.5467 0 0
4 0 -0.5467 0
5 1 0 0
6 0 1 0
7 -1 0 0
8 0 -1 0
9 1.2 0 0
10 0 1.2 0
11 -1.2 0 0
12 0 -1.2 0
13 0.5383943985334777 0.09493345894770067 0
14 0.5137299556067385 0.1869824128422201 0
15 0.4734560878463817 0.2733500006972732 0
16 0.4187964963440119 0.3514119870607433 0
17 0.3514119854112905 0.4187964977280671 0
18 0.2733499993048303 0.473456088650309 0
19 0.1869824118066496 0.5137299559836553 0
20 0.09493345845039022 0.538394398621167 0
21 0.5446196414381297 0.04764804465875839 0
22 0.5280716491388313 0.1414963723061301 0
23 0.4954784668915737 0.2310454042970249 0
24 0.4478304220784893 0.3135742385161799 0
25 0.3865752763956423 0.3865752781537287 0
26 0.3135742370127149 0.4478304231312268 0
27 0.2310454030400684 0.4954784674777021 0
28 0.1414963715540494 0.5280716493403507 0
29 0.04764804433559369 0.544619641466403 0
30 -0.09493345894770067 0.5383943985334777 0
31 -0.1869824128422201 0.5137299556067385 0
32 -0.2733500006972732 0.4734560878463817 0
33 -0.3514119870607433 0.4187964963440119 0
34 -0.4187964977280671 0.3514119854112905 0
35 -0.473456088650309 0.2733499993048303 0
36 -0.5137299559836553 0.1869824118066496 0
37 -0.538394398621167 0.09493345845039022 0
38 -0.04764804465875839 0.5446196414381297 0
39 -0.1414963723061301 0.5280716491388313 0
40 -0.2310454042970249 0.4954784668915737 0
41 -0.3135742385161799 0.4478304220784893 0
42 -0.3865752781537287 0.3865752763956423 0
43 -0.4478304231312268 0.3135742370127149 0
44 -0.4954784674777021 0.2310454030400684 0
45 -0.5280716493403507 0.1414963715540494 0
46 -0.544619641466403 0.04764804433559369 0
47 -0.5383943985334777 -0.09493345894770067 0
48 -0.5137299556067385 -0.1869824128422201 0
49 -0.4734560878463817 -0.2733500006972732 0
50 -0.4187964963440119 -0.3514119870607433 0
51 -0.3514119854112905 -0.4187964977280671 0
52 -0.2733499993048303 -0.473456088650309 0
53 -0.1869824118066496 -0.5137299559836553 0
54 -0.09493345845039022 -0.538394398621167 0
55 -0.5446196414381297 -0.04764804465875839 0
56 -0.5280716491388313 -0.1414963723061301 0
57 -0.4954784668915737 -0.2310454042970249 0
58 -0.4478304220784893 -0.3135742385161799 0
59 -0.3865752763956423 -0.3865752781537287 0
60 -0.3135742370127149 -0.4478304231312268 0
61 -0.2310454030400684 -0.4954784674777021 0
62 -0.1414963715540494 -0.5280716493403507 0
63 -0.04764804433559369 -0.544619641466403 0
64 0.09493345894770067 -0.5383943985334777 0
65 0.1869824128422201 -0.5137299556067385 0
66 0.2733500006972732 -0.4734560878463817 0
67 0.3514119870607433 -0.4187964963440119 0
68 0.4187964977280671 -0.3514119854112905 0
69 0.473456088650309 -0.2733499993048303 0
70 0.5137299559836553 -0.1869824118066496 0
71 0.538394398621167 -0.09493345845039022 0
72 0.04764804465875839 -0.5446196414381297 0
73 0.1414963723061301 -0.5280716491388313 0
74 0.2310454042970249 -0.4954784668915737 0
75 0.3135742385161799 -0.4478304220784893 0
76 0.3865752781537287 -0.3865752763956423 0
77 0.4478304231312268 -0.3135742370127149 0
78 0.4954784674777021 -0.2310454030400684 0
79 0.5280716493403507 -0.1414963715540494 0
80 0.544619641466403 -0.04764804433559369 0
81 0.9951847266502585 0.09801714055230534 0
82 0.9807852803038259 0.1950903225158687 0
83 0.9569403355024331 0.2902846780119318 0
84 0.9238795320817892 0.3826834334019886 0
85 0.8819212636904032 0.4713967380569389 0
86 0.8314696113679687 0.5555702344182949 0
87 0.7730104520841969 0.6343932857215511 0
88 0.7071067795733449 0.7071067827997501 0
89 0.634393282646958 0.7730104546074502 0
90 0.5555702316245595 0.8314696132346829 0
91 0.471396735522105 0.8819212650453002 0
92 0.3826834312318057 0.9238795329807084 0
93 0.2902846763682919 0.9569403360010258 0
94 0.1950903214145686 0.980785280522888 0
95 0.0980171400302339 0.995184726701678 0
96 0.9987954561994985 0.04906767444291347 0
97 0.9891765099106494 0.1467304748202867 0
98 0.9700312530367453 0.2429801805332318 0
99 0.9415440648594281 0.336889854296601 0
100 0.9039892925759739 0.4275550945878088 0
101 0.8577286092024649 0.5141027455242827 0
102 0.8032075303965546 0.59569930595416 0
103 0.7409511239079225 0.6715589564435773 0
104 0.6715589532405178 0.7409511268110064 0
105 0.595699303015035 0.8032075325763582 0
106 0.5141027428632455 0.8577286107974291 0
107 0.4275550922138776 0.9039892936987598 0
108 0.3368898523763408 0.9415440655465082 0
109 0.2429801791404075 0.9700312533856296 0
110 0.146730474000355 0.9891765100322748 0
111 0.04906767417906031 0.9987954562124607 0
112 -0.09801714055230534 0.9951847266502585 0
113 -0.1950903225158687 0.9807852803038259 0
114 -0.2902846780119318 0.9569403355024331 0
115 -0.3826834334019886 0.9238795320817892 0
116 -0.4713967380569389 0.8819212636904032 0
117 -0.5555702344182949 0.8314696113679687 0
118 -0.6343932857215511 0.7730104520841969 0
119 -0.7071067827997501 0.7071067795733449 0
120 -0.7730104546074502 0.634393282646958 0
121 -0.8314696132346829 0.5555702316245595 0
122 -0.8819212650453002 0.471396735522105 0
123 -0.9238795329807084 0.3826834312318057 0
124 -0.9569403360010258 0.2902846763682919 0
125 -0.980785280522888 0.1950903214145686 0
126 -0.995184726701678 0.0980171400302339 0
127 -0.04906767444291347 0.9987954561994985 0
128 -0.1467304748202867 0.9891765099106494 0
129 -0.2429801805332318 0.9700312530367453 0
130 -0.336889854296601 0.9415440648594281 0
131 -0.4275550945878088 0.9039892925759739 0
132 -0.5141027455242827 0.8577286092024649 0
133 -0.59569930595416 0.8032075303965546 0
134 -0.6715589564435773 0.7409511239079225 0
135 -0.7409511268110064 0.6715589532405178 0
136 -0.8032075325763582 0.595699303015035 0
137 -0.8577286107974291 0.5141027428632455 0
138 -0.9039892936987598 0.4275550922138776 0
139 -0.9415440655465082 0.3368898523763408 0
140 -0.9700312533856296 0.2429801791404075 0
141 -0.9891765100322748 0.146730474000355 0
142 -0.9987954562124607 0.04906767417906031 0
143 -0.9951847266502585 -0.09801714055230534 0
144 -0.9807852803038259 -0.1950903225158687 0
145 -0.9569403355024331 -0.2902846780119318 0
146 -0.9238795320817892 -0.3826834334019886 0
147 -0.8819212636904032 -0.4713967380569389 0
148 -0.8314696113679687 -0.5555702344182949 0
149 -0.7730104520841969 -0.6343932857215511 0
150 -0.7071067795733449 -0.7071067827997501 0
151 -0.634393282646958 -0.7730104546074502 0
152 -0.5555702316245595 -0.8314696132346829 0
153 -0.471396735522105 -0.8819212650453002 0
154 -0.3826834312318057 -0.9238795329807084 0
155 -0.2902846763682919 -0.9569403360010258 0
156 -0.1950903214145686 -0.980785280522888 0
157 -0.0980171400302339 -0.995184726701678 0
158 -0.9987954561994985 -0.04906767444291347 0
159 -0.9891765099106494 -0.1467304748202867 0
160 -0.9700312530367453 -0.2429801805332318 0
161 -0.9415440648594281 -0.336889854296601 0
162 -0.9039892925759739 -0.4275550945878088 0
163 -0.8577286092024649 -0.5141027455242827 0
164 -0.8032075303965546 -0.59569930595416 0
165 -0.7409511239079225 -0.6715589564435773 0
166 -0.6715589532405178 -0.7409511268110064 0
167 -0.595699303015035 -0.8032075325763582 0
168 -0.5141027428632455 -0.8577286107974291 0
169 -0.4275550922138776 -0.9039892936987598 0
170 -0.3368898523763408 -0.9415440655465082 0
171 -0.2429801791404075 -0.9700312533856296 0
172 -0.146730474000355 -0.9891765100322748 0
173 -0.04906767417906031 -0.9987954562124607 0
174 0.09801714055230534 -0.9951847266502585 0
175 0.1950903225158687 -0.9807852803038259 0
176 0.2902846780119318 -0.9569403355024331 0
177 0.3826834334019886 -0.9238795320817892 0
178 0.4713967380569389 -0.8819212636904032 0
179 0.5555702344182949 -0.8314696113679687 0
180 0.6343932857215511 -0.7730104520841969 0
181 0.7071067827997501 -0.7071067795733449 0
182 0.7730104546074502 -0.634393282646958 0
183 0.8314696132346829 -0.5555702316245595 0
184 0.8819212650453002 -0.471396735522105 0
185 0.9238795329807084 -0.3826834312318057 0
186 0.9569403360010258 -0.2902846763682919 0
187 0.980785280522888 -0.1950903214145686 0
188 0.995184726701678 -0.0980171400302339 0
189 0.04906767444291347 -0.9987954561994985 0
190 0.1467304748202867 -0.9891765099106494 0
191 0.2429801805332318 -0.9700312530367453 0
192 0.336889854296601 -0.9415440648594281 0
193 0.4275550945878088 -0.9039892925759739 0
194 0.5141027455242827 -0.8577286092024649 0
195 0.59569930595416 -0.8032075303965546 0
196 0.6715589564435773 -0.7409511239079225 0
197 0.7409511268110064 -0.6715589532405178 0
198 0.8032075325763582 -0.595699303015035 0
199 0.8577286107974291 -0.5141027428632455 0
200 0.9039892936987598 -0.4275550922138776 0
201 0.9415440655465082 -0.3368898523763408 0
202 0.9700312533856296 -0.2429801791404075 0
203 0.9891765100322748 -0.146730474000355 0
204 0.9987954562124607 -0.04906767417906031 0
205 1.195901391588091 0.09909521480711542 0
206 1.1836335640003 0.197513508834073 0
207 1.163280318927193 0.294582585358755 0
208 1.134980689665415 0.3896393641389662 0
209 1.0989279914179 0.4820345108788579 0
210 1.055368500681335 0.5711368730607668 0
211 1.004599772905729 0.6563377912917683 0
212 0.9469686099193285 0.7370552569702318 0
213 0.8828686910982089 0.8127378878079546 0
214 0.8127378841131532 0.8828686944995131 0
215 0.7370552534493765 0.9469686126597203 0
216 0.6563377880937947 1.00459977499507 0
217 0.5711368701177179 1.055368502274034 0
218 0.4820345081317588 1.098927992622889 0
219 0.3896393618302382 1.134980690458003 0
220 0.2945825836850971 1.163280319351021 0
221 0.1975135077541312 1.18363356418051 0
222 0.0990952142455736 1.195901391634621 0
223 1.198974910059607 0.04958996922319465 0
224 1.190784695638859 0.148431157889005 0
225 1.174460214254136 0.2462584112962008 0
226 1.150112978663842 0.3424034700597879 0
227 1.117909305191229 0.4362095658818847 0
228 1.078069177608685 0.5270359079703513 0
229 1.030864744361442 0.614262060388414 0
230 0.976618459572359 0.6972921800956271 0
231 0.9157008803271336 0.7755590872190928 0
232 0.8485281355439832 0.8485281393037308 0
233 0.7755590835888454 0.9157008834017963 0
234 0.6972921767923524 0.9766184619308518 0
235 0.6142620573085817 1.030864746196623 0
236 0.5270359051281456 1.078069178998155 0
237 0.4362095633014746 1.117909306198109 0
238 0.3424034681242318 1.150112979240082 0
239 0.2462584098975061 1.174460214547411 0
240 0.1484311569663943 1.190784695753862 0
241 0.04958996895271595 1.198974910070794 0
242 -0.09909521480711542 1.195901391588091 0
243 -0.197513508834073 1.1836335640003 0
244 -0.294582585358755 1.163280318927193 0
245 -0.3896393641389662 1.134980689665415 0
246 -0.4820345108788579 1.0989279914179 0
247 -0.5711368730607668 1.055368500681335 0
248 -0.6563377912917683 1.004599772905729 0
249 -0.7370552569702318 0.9469686099193285 0
250 -0.8127378878079546 0.8828686910982089 0
251 -0.8828686944995131 0.8127378841131532 0
252 -0.9469686126597203 0.7370552534493765 0
253 -1.00459977499507 0.6563377880937947 0
254 -1.055368502274034 0.5711368701177179 0
255 -1.098927992622889 0.4820345081317588 0
256 -1.134980690458003 0.3896393618302382 0
257 -1.163280319351021 0.2945825836850971 0
258 -1.18363356418051 0.1975135077541312 0
259 -1.195901391634621 0.0990952142455736 0
260 -0.04958996922319465 1.198974910059607 0
261 -0.148431157889005 1.190784695638859 0
262 -0.2462584112962008 1.174460214254136 0
263 -0.3424034700597879 1.150112978663842 0
264 -0.4362095658818847 1.117909305191229 0
265 -0.5270359079703513 1.078069177608685 0
266 -0.614262060388414 1.030864744361442 0
267 -0.6972921800956271 0.976618459572359 0
268 -0.7755590872190928 0.9157008803271336 0
269 -0.8485281393037308 0.8485281355439832 0
270 -0.9157008834017963 0.7755590835888454 0
271 -0.9766184619308518 0.6972921767923524 0
272 -1.030864746196623 0.6142620573085817 0
273 -1.078069178998155 0.5270359051281456 0
274 -1.117909306198109 0.4362095633014746 0
275 -1.150112979240082 0.3424034681242318 0
276 -1.174460214547411 0.2462584098975061 0
277 -1.190784695753862 0.1484311569663943 0
278 -1.198974910070794 0.04958996895271595 0
279 -1.195901391588091 -0.09909521480711542 0
280 -1.1836335640003 -0.197513508834073 0
281 -1.163280318927193 -0.294582585358755 0
282 -1.134980689665415 -0.3896393641389662 0
283 -1.0989279914179 -0.4820345108788579 0
284 -1.055368500681335 -0.5711368730607668 0
285 -1.004599772905729 -0.6563377912917683 0
286 -0.9469686099193285 -0.7370552569702318 0
287 -0.8828686910982089 -0.8127378878079546 0
288 -0.8127378841131532 -0.8828686944995131 0
289 -0.7370552534493765 -0.9469686126597203 0
290 -0.6563377880937947 -1.00459977499507 0
291 -0.5711368701177179 -1.055368502274034 0
292 -0.4820345081317588 -1.098927992622889 0
293 -0.3896393618302382 -1.134980690458003 0
294 -0.2945825836850971 -1.163280319351021 0
295 -0.1975135077541312 -1.18363356418051 0
296 -0.0990952142455736 -1.195901391634621 0
297 -1.198974910059607 -0.04958996922319465 0
298 -1.190784695638859 -0.148431157889005 0
299 -1.174460214254136 -0.2462584112962008 0
300 -1.150112978663842 -0.3424034700597879 0
301 -1.117909305191229 -0.4362095658818847 0
302 -1.078069177608685 -0.5270359079703513 0
303 -1.030864744361442 -0.614262060388414 0
304 -0.976618459572359 -0.6972921800956271 0
305 -0.9157008803271336 -0.7755590872190928 0
306 -0.8485281355439832 -0.8485281393037308 0
307 -0.7755590835888454 -0.9157008834017963 0
308 -0.6972921767923524 -0.9766184619308518 0
309 -0.6142620573085817 -1.030864746196623 0
310 -0.5270359051281456 -1.078069178998155 0
311 -0.4362095633014746 -1.117909306198109 0
312 -0.3424034681242318 -1.150112979240082 0
313 -0.2462584098975061 -1.174460214547411 0
314 -0.1484311569663943 -1.190784695753862 0
315 -0.04958996895271595 -1.198974910070794 0
316 0.09909521480711542 -1.195901391588091 0
317 0.197513508834073 -1.1836335640003 0
318 0.294582585358755 -1.163280318927193 0
319 0.3896393641389662 -1.134980689665415 0
320 0.4820345108788579 -1.0989279914179 0
321 0.5711368730607668 -1.055368500681335 0
322 0.6563377912917683 -1.004599772905729 0
323 0.7370552569702318 -0.9469686099193285 0
324 0.8127378878079546 -0.8828686910982089 0
325 0.8828686944995131 -0.8127378841131532 0
326 0.9469686126597203 -0.7370552534493765 0
327 1.00459977499507 -0.6563377880937947 0
328 1.055368502274034 -0.5711368701177179 0
329 1.098927992622889 -0.4820345081317588 0
330 1.134980690458003 -0.3896393618302382 0
331 1.163280319351021 -0.2945825836850971 0
332 1.18363356418051 -0.1975135077541312 0
333 1.195901391634621 -0.0990952142455736 0
334 0.04958996922319465 -1.198974910059607 0
335 0.148431157889005 -1.190784695638859 0
336 0.2462584112962008 -1.174460214254136 0
337 0.3424034700597879 -1.150112978663842 0
338 0.4362095658818847 -1.117909305191229 0
339 0.5270359079703513 -1.078069177608685 0
340 0.614262060388414 -1.030864744361442 0
341 0.6972921800956271 -0.976618459572359 0
342 0.7755590872190928 -0.9157008803271336 0
343 0.8485281393037308 -0.8485281355439832 0
344 0.9157008834017963 -0.7755590835888454 0
345 0.9766184619308518 -0.6972921767923524 0
346 1.030864746196623 -0.6142620573085817 0
347 1.078069178998155 -0.5270359051281456 0
348 1.117909306198109 -0.4362095633014746 0
349 1.150112979240082 -0.3424034681242318 0
350 1.174460214547411 -0.2462584098975061 0
351 1.190784695753862 -0.1484311569663943 0
352 1.198974910070794 -0.04958996895271595 0
353 -0.4603324126302529 0.04027386743801554 0
354 0.4603324126302529 -0.04027386743801554 0
355 0.04103839618116779 0.4645808213692608 0
356 -0.03188972067205401 -0.457096094240578 0
357 -0.2689802590185785 0.3614954158049651 0
358 0.3848416301580264 0.268137812825481 0
359 0.2616077971846189 -0.3741259327826033 0
360 -0.3892823700210626 -0.2673719784600105 0
361 -0.1095167308979326 0.4589213670817469 0
362 0.446345444641111 0.1195979017597087 0
363 0.1211226160367945 -0.4535802032860952 0
364 0.2650443980589336 0.3785226301511256 0
365 0.3814299750080426 -0.27681502835426 0
366 -0.385961617533385 0.2592992118120589 0
367 -0.260063608146876 -0.369411299255883 0
368 -0.4431530087438746 -0.1195380837617635 0
369 0.4320747528676913 0.2056491316319394 0
370 0.3420006460861987 0.1801775300350137 0
371 0.3527363122813207 0.07851541320509847 0
372 0.2643935521321689 0.1208479015471256 0
373 0.2729816409205059 0.02504986379189319 0
374 0.1866515677963197 0.06589872127491221 0
375 0.1945092577912835 -0.02892477680301853 0
376 0.108486449535676 0.01195261215322285 0
377 0.1162126114474839 -0.0830004094757 0
378 0.03013197832809216 -0.04214874515791648 0
379 0.022450218792117 0.05283885228837141 0
380 -0.05594857082441917 -0.001296163319129991 0
381 -0.0482682341612872 -0.09628399883288596 0
382 -0.06363602464158674 0.09368751068909888 0
383 0.0147800286987889 0.1478347096324022 0
384 -0.1343672166159582 -0.05544410209108781 0
385 -0.07131848585582763 0.1886746065329479 0
386 -0.1497350552307503 0.1345277220411604 0
387 -0.1266831399489318 -0.1504299327556892 0
388 -0.04058182134956177 -0.1912672175840315 0
389 -0.2127845790086542 -0.109591341452395 0
390 0.2022307223147745 -0.1238450004305044 0
391 0.007099767856039526 0.2428224915832157 0
392 -0.1189986038653735 -0.2454152925376951 0
393 -0.2204688741360518 -0.01460564039495906 0
394 0.1239073873879124 -0.1779693962659587 0
395 0.0926320275416106 0.2016448468746399 0
396 -0.03231937320538578 -0.2850303491569879 0
397 0.08584793482210298 0.2954993735562432 0
398 -0.1574195618437891 0.2295133621403812 0
399 -0.2347689103008619 0.1738186022640734 0
400 0.2501558049668624 0.2133599461826892 0
401 0.2080892131813114 -0.2177949590265045 0
402 0.1310786228946824 -0.2704759376710014 0
403 -0.2972059563557872 -0.06520934624583476 0
404 -0.3042239381415894 0.02699040421180328 0
405 -0.1081621767494401 -0.334591176647155 0
406 0.2898393502764795 -0.16124319460215 0
407 -0.00564736256637046 0.3310793067565672 0
408 -0.2907494956119946 -0.1527221538326906 0
409 -0.2435215591951447 0.2703515986030802 0
410 -0.1741239541364125 0.3232159775169455 0
411 0.3596123737417056 -0.01322242429234977 0
412 -0.1974162150941552 -0.2995628956433883 0
413 -0.3895949572337167 -0.02751183734178792 0
414 -0.2050177807457485 -0.2027404633623679 0
415 -0.08263714605004563 0.2796099842443638 0
416 -0.1420514519056144 0.03954157726021688 0
417 -0.2275838665788297 0.08024847536576712 0
418 -0.3099649723313115 0.1198157473745837 0
419 0.03782004046599566 -0.1371287094110531 0
420 0.04551832114333448 -0.2321024891498258 0
421 0.1005674341048325 0.1065804859927722 0
422 0.05406922554983977 -0.3207016616282463 0
423 -0.2873222780328484 -0.258426675976928 0
424 0.2806541995813372 -0.06873627428044929 0
425 0.3725514768004719 -0.09934103934946423 0
426 0.1779842814775132 0.1598223049541054 0
427 0.168573871703211 0.2532094554452767 0
428 0.1736955729882484 0.353662545510348 0
429 -0.3703326042956043 -0.1844771024094713 0
430 -0.02384140123638952 -0.3671642101516058 0
431 0.2065392422720103 -0.2966973697524738 0
432 0.2912631939832667 -0.2612817282276449 0
433 0.1478609401719671 -0.3641930813105453 0
434 0.0756120186030632 0.3836314900064698 0
435 -0.03148031075783719 0.4168191169607507 0
436 0.4558975522407451 -0.1214274358225506 0
437 0.1377471291153186 0.4439773775106111 0
438 -0.315529345792457 0.2069206073512921 0
439 -0.3839057437635821 0.1637389502626867 0
440 -0.3815572483562672 0.06955180371910959 0
441 0.4226670825991244 0.03757268914281575 0
442 0.2411365546193295 0.298398635206389 0
443 0.1981847533865748 -0.4358170521664728 0
444 -0.1845611062243884 0.4155288274654839 0
445 0.04867354935590976 -0.4795241975141679 0
446 0.3323268877081915 0.3334867346492937 0
447 0.3397832686337831 -0.3366292283309142 0
448 -0.3413753475912178 -0.3330836876963263 0
449 -0.3369867147358715 0.3369867135982947 0
450 -0.2040279451765168 -0.4366730634524828 0
451 -0.1296965499528109 -0.4526741267947068 0
452 -0.4756349554282643 -0.0403419025226473 0
453 0.3944795171681781 -0.1856064020682332 0
454 -0.09571836552344132 0.3654548420834228 0
455 -0.454398384455802 0.1274342902807044 0
456 -0.3626215352329852 -0.1058489932428707 0
457 0.05920139246710762 -0.4018502915106884 0
458 0.3100923047077218 0.2587121317797733 0
459 -0.4419808228172686 -0.2068663347335718 0
460 -0.04007139045558038 0.486273625141646 0
461 -0.1674606513160766 -0.3781039994412027 0
462 -0.08394775480840465 -0.4037156877259797 0
463 -0.4440561264495014 0.2041507662116684 0
464 0.2110319583168381 0.4319857640162209 0
465 0.4901466969532585 0.04292558210165036 0
466 -0.3107579705428362 0.2790323354881168 0
467 0.2905512721298731 -0.2112624614148975 0
468 0.3428713555757224 -0.2234440651479391 0
469 0.3421594337223288 -0.1734247983351916 0
470 0.3363465844956546 -0.2690483782909525 0
471 0.3879547460881104 -0.2312107152112466 0
472 0.4541047365759168 -0.1862944069374414 0
473 0.4339678029092435 -0.2294782006865317 0
474 -0.1793425301804004 0.3693724024912147 0
475 -0.1349211598299269 0.3443354098001842 0
476 -0.1401397358739148 0.3904918347744534 0
477 -0.1470389185611605 0.4372250972736154 0
478 -0.102617548210687 0.4121881045825849 0
479 0.06798592731577902 0.5014876099952139 0
480 0.08939276264824317 0.4542790994399359 0
481 0.1163402937828544 0.491185888065889 0
482 0.3941730453636548 0.1498877158973612 0
483 0.3473684791837597 0.1293464716200561 0
484 0.3995408784612159 0.09905665748240361 0
485 -0.2890358868224215 -0.2055744149048093 0
486 -0.3305410499537995 -0.1685996281210809 0
487 -0.3288274411642264 -0.2214518891931996 0
488 -0.3383023240269555 -0.2628993272184693 0
489 -0.3798074871583335 -0.2259245404347409 0
490 -0.2287399116205156 -0.3344870974496357 0
491 -0.2423692465635018 -0.2789947858101581 0
492 -0.2736929430898622 -0.3139189876164055 0
493 0.03498232801834637 0.3573553983815185 0
494 0.02206585392261301 0.4002253034836103 0
495 -0.01856383666210382 0.373949211858659 0
496 0.0583252073921155 0.4241061556878653 0
497 0.004779042711665307 0.4406999691650058 0
498 -0.2562509091068616 0.3159235072040226 0
499 -0.2088227566657786 0.2967837880600129 0
500 -0.2215521065774955 0.3423556966609553 0
501 0.2340735197283146 -0.3354116512675386 0
502 0.1772000912219887 -0.3304452255315096 0
503 0.204734368678293 -0.3691595070465743 0
504 0.4099723931859792 -0.02674814586518266 0
505 0.3660819252710887 -0.056281731820907 0
506 0.4164419447153624 -0.06980745339373988 0
507 0.1730228467792709 -0.4000050667385091 0
508 0.2298962752855969 -0.4049714924745381 0
509 -0.2267706826214834 0.3885121216352245 0
510 -0.3143488128120331 -0.2957551818366272 0
511 -0.300719477869047 -0.3512474934761047 0
512 0.2764354955839428 -0.3177038305051241 0
513 0.2489012181276385 -0.2789895489900593 0
514 0.4392100987544012 0.1626235166958241 0
515 0.387037699476945 0.1929133308334766 0
516 0.300695532909201 -0.3553775805567588 0
517 0.3155232313085249 -0.2989554782792796 0
518 0.4848137541122002 -0.1542049238146001 0
519 0.4251885347044616 -0.1535169189453919 0
520 0.1623647704609841 0.4788536667471332 0
521 0.4142245145206085 -0.1103842375860074 0
522 0.458114982435499 -0.08085065163028304 0
523 0.4274430318291758 -0.2750825138295451 0
524 -0.2898691147807073 0.3202638756465409 0
525 -0.2771397648689905 0.2746919670455985 0
526 -0.02786556095422177 -0.4121301521960919 0
527 0.01365583589752681 -0.4294731928756332 0
528 0.01767999561535905 -0.3845072508311471 0
529 0.008391914341927875 -0.4683101458773729 0
530 0.05393747091150869 -0.4406872445124281 0
531 0.1066795738591909 0.4138044337585404 0
532 -0.302983486877225 0.3492410647016299 0
533 -0.3238723426393538 0.3080095245432057 0
534 0.3031970991091838 0.1505127157910697 0
535 0.3085649322067448 0.09968165737611204 0
536 -0.4163739829887957 -0.07352496055177569 0
537 -0.4326149563309906 -0.03392686993221761 0
538 -0.4593939820860695 -0.07993999314220537 0
539 0.3311954135384757 -0.1302921169758071 0
540 0.383515496984325 -0.1424737207088487 0
541 0.2960782255265305 0.1967687381088515 0
542 0.2572746785495156 0.1671039238649074 0
543 0.2686875965263374 0.0729488826695094 0
544 0.3128589766009133 0.05178263849849583 0
545 -0.1485786006344438 -0.4153890631179547 0
546 -0.1068221523806078 -0.4281949072603432 0
547 -0.1257042030622406 -0.3909098435835912 0
548 -0.4028872719884299 -0.1126935385023171 0
549 -0.376108246233351 -0.06668041529232931 0
550 0.3162970073311058 0.005913719749771708 0
551 0.3561743430115132 0.03264649445637435 0
552 0.2255225599642443 0.09337331141101891 0
553 0.2298166043584128 0.0454742925334027 0
554 0.219369985523591 0.3660925878307368 0
555 0.207416063803789 0.3260305903583685 0
556 0.2530904763391316 0.3384606326787573 0
557 0.1905804127938016 0.01848697223594684 0
558 0.2337454493558947 -0.001937456505562672 0
559 0.1475690086659979 0.03892566671406753 0
560 0.1514978536634798 -0.00848608232489784 0
561 0.1123495304915799 -0.03552389866123858 0
562 0.1553609346193837 -0.05596259313935927 0
563 0.1592216668811292 -0.1034227049531022 0
564 0.198369990053029 -0.07638488861676149 0
565 0.06930921393188409 -0.01509806650234681 0
566 0.07317229488778801 -0.06257457731680824 0
567 0.1200599994176981 -0.1304849028708294 0
568 0.1630690548513435 -0.1509071983482316 0
569 0.06546833416389651 0.03239573222079713 0
570 0.02629109856010458 0.005345053565227464 0
571 0.1659983002846119 -0.1978821776462316 0
572 0.205159967748043 -0.1708199797285045 0
573 -0.01674917601615108 0.02577134448462071 0
574 -0.0129082962481635 -0.02172245423852324 0
575 0.2489642817288955 -0.1895190768143272 0
576 0.246035036295627 -0.1425440975163272 0
577 -0.05210840249285319 -0.04879008107600798 0
578 -0.009068127916597515 -0.06921637199540122 0
579 0.1274930051412974 -0.2242226669684801 0
580 0.1695839180379969 -0.2441354483487529 0
581 -0.02059290292473487 0.07326318148873515 0
582 -0.05979229773300296 0.04619567368498444 0
583 0.01861512374545295 0.1003367809603868 0
584 -0.02442799797139892 0.1207611101607505 0
585 -0.09515789372018868 -0.0283701327051089 0
586 -0.09131772538862269 -0.07586405046198688 0
587 -0.02826922857851937 0.168254658082675 0
588 -0.06747725524870718 0.1411810586110234 0
589 -0.130525178282445 -0.1029370174233885 0
590 -0.08747568705510948 -0.1233569657942876 0
591 0.01093989827741421 0.1953286006078089 0
592 -0.03210935899989405 0.2157485490580818 0
593 -0.08363248064924678 -0.1708485751698604 0
594 -0.04442502775542449 -0.1437756082084587 0
595 -0.110526770543289 0.1616011642870542 0
596 -0.1066855399361685 0.1141076163651296 0
597 -0.1735758978123062 -0.08251772177174141 0
598 -0.169733859478793 -0.1300106371040421 0
599 0.4018190632510191 0.3097748999431121 0
600 0.4291488590022041 0.2707439067613771 0
601 0.3065098921226811 -0.3964612145633076 0
602 0.2674788989409461 -0.4237910103144925 0
603 -0.3101961230396609 0.3901459560744885 0
604 -0.2711651298579258 0.4174757518256734 0
605 -0.4040394331825373 -0.3093919827603769 0
606 -0.4313692289337222 -0.2703609895786419 0
607 0.4800377001239248 0.1532901573009644 0
608 0.4923699215872944 0.1072656803537047 0
609 0.1540525144395073 -0.4836550794464168 0
610 0.1080280374922476 -0.4959873009097865 0
611 -0.1482495718700763 0.4863256613442427 0
612 -0.1022250949228166 0.4986578828076123 0
613 -0.1228408719071526 -0.1979226126466921 0
614 -0.07979021260746766 -0.2183412550608633 0
615 0.05370602812019975 0.174739778253521 0
616 0.04986589769882506 0.2222336692289278 0
617 -0.4784414821753066 -0.1532602483019918 0
618 -0.4907737036386762 -0.1072357713547321 0
619 -0.1143690238498084 0.2090939843366646 0
620 -0.1535773085372698 0.1820205420907708 0
621 -0.07565898853537965 -0.2652228208473415 0
622 -0.03645059727747377 -0.2381487833705097 0
623 0.08923998118185679 0.2485721102154416 0
624 0.04647385133907125 0.2691609325697295 0
625 -0.177418045376005 -0.03502487124302343 0
626 -0.216626726572353 -0.06209849092367702 0
627 -0.1135803903074068 -0.2900032345924251 0
628 -0.07024077497741295 -0.3098107629020714 0
629 0.04010028612786626 0.3132893401564052 0
630 0.0007262026448345326 0.2869508991698915 0
631 -0.1960942360723255 0.2016659822022273 0
632 -0.1922519827658061 0.1541731621526169 0
633 -0.2004705605194669 0.2499324803717307 0
634 -0.2391452347480033 0.2220851004335768 0
635 -0.1582074094797644 -0.2724890940905417 0
636 -0.1527891959217977 -0.3170770361452716 0
637 -0.1657717579901008 0.2763646698286634 0
638 -0.2549952676822207 -0.08740034384911488 0
639 -0.2939777259838909 -0.1089657500392627 0
640 -0.2517670373103244 -0.1311567476425428 0
641 0.0205191980905839 0.5056404106846304 0
642 -0.2588374152459195 -0.03990749332039691 0
643 0.5035162063151264 -0.02013693371900777 0
644 0.4993634056257099 -0.06760366294420288 0
645 -0.2623464061388207 0.006192381908422112 0
646 -0.3007149472486883 -0.01910947101701574 0
647 0.269197198681882 0.4259893594007172 0
648 0.3082281917351121 0.3986595639395963 0
649 -0.015944860336027 -0.501898047120289 0
650 -0.06341158956122211 -0.4977452464308725 0
651 0.4001132363680548 -0.3141135068827753 0
652 -0.3469094476876531 -0.0002607165649923214 0
653 -0.343400456794752 -0.04636059179381134 0
654 -0.2667068037258531 -0.421433693953096 0
655 -0.3057377967790833 -0.394103898491975 0
656 -0.429708853091847 0.2663246055584446 0
657 -0.4023790576307261 0.3053555986116747 0
658 -0.5035162063151264 0.02013693371900777 0
659 -0.4993634056257099 0.06760366294420288 0
660 -0.2089011798772013 -0.1561659024073814 0
661 -0.1658504603473401 -0.1765851980590285 0
662 -0.162008192305561 -0.2240778779500315 0
663 -0.03776868909700305 0.2612162379137898 0
664 -0.07697781595293662 0.2341422953886559 0
665 -0.1200283539469174 0.2545616731923726 0
666 -0.128380550093229 0.3014129808806547 0
667 -0.2478836381788715 -0.1777313085975292 0
668 -0.2012169979199518 -0.2511516795028781 0
669 -0.04414225430820804 0.3053446455004655 0
670 -0.1028437382736006 0.06661454397465788 0
671 -0.09900001136501679 0.01912270697054345 0
672 -0.1382093342607863 -0.007951262415435464 0
673 -0.1812601630208331 0.01246796843262891 0
674 -0.1458932535681824 0.08703464965068863 0
675 -0.184817659242222 0.059895026312992 0
676 -0.2240263703574407 0.03282141748540403 0
677 -0.18865946090479 0.1073880987034638 0
678 -0.2659039023602096 0.0536194397887852 0
679 -0.2311763884398458 0.1270335388149203 0
680 0.1436095009505761 0.08623960363384221 0
681 0.1045269418202543 0.05926654907299753 0
682 -0.2687744194550706 0.1000321113701754 0
683 -0.3070944552364505 0.0734030757931935 0
684 -0.2723669413160867 0.1468171748193286 0
685 -0.001380890441783057 -0.1641979634975423 0
686 -0.005224096847645771 -0.1167063541219695 0
687 0.03397600939704391 -0.08963872728448477 0
688 0.07701632595673977 -0.1100645594433765 0
689 0.08086371392695403 -0.1575490528385059 0
690 0.006599473968974354 -0.2585664191534068 0
691 0.002468249896886356 -0.2116848533669287 0
692 0.04166918080466507 -0.1846155992804394 0
693 0.05767373140181072 0.1272075978125872 0
694 0.09659973082322157 0.1541126664337061 0
695 0.06150882644847477 0.07970966914057181 0
696 0.08471285426562344 -0.2050359427078923 0
697 0.08829847201900845 -0.2512892134104136 0
698 0.010874926172227 -0.3028660053926171 0
699 0.04979377334658713 -0.2764020753890361 0
700 0.0925739242222611 -0.2955887996496238 0
701 -0.2461700293892984 -0.2305835696696479 0
702 -0.350745481662921 0.2331099095816755 0
703 -0.3849336806484835 0.2115190810373728 0
704 -0.3497175447780195 0.1853297788069894 0
705 0.1353081545095619 0.1807335759143727 0
706 0.1732790765903621 0.2065158801996911 0
707 0.1306029496224108 0.2274271511599583 0
708 0.2768179202509216 -0.02184320524427805 0
709 0.3201332866615214 -0.04097934928639953 0
710 0.2852467749289084 -0.1149897344412996 0
711 0.2414424609480559 -0.09629063735547687 0
712 0.2375817286863104 -0.04883052554173391 0
713 -0.4249636849319848 0.006381015048113808 0
714 -0.385576102794992 0.02101998318866084 0
715 -0.42094483049326 0.05491283557856257 0
716 0.2140700432221878 0.1865911255683973 0
717 0.221188916804841 0.1403351032506155 0
718 0.1392758577911729 0.1332013954734388 0
719 0.1823179246369164 0.1128605131145088 0
720 0.2093648383350367 0.2332847008139829 0
721 0.3266028381909045 -0.08403865681495676 0
722 0.127210903262657 0.27435441450076 0
723 0.1711347223457297 0.3034360004778124 0
724 0.1297717539051757 0.3245809595332956 0
725 0.2380381781878858 0.4052541970836733 0
726 0.1923637656525433 0.3928241547632845 0
727 0.249676203582289 -0.2395383436270747 0
728 0.4414997476146886 -0.001350589147599897 0
729 0.391139728170415 0.01217513242523299 0
730 -0.1668622475646638 -0.4446735951235948 0
731 -0.1857442982462967 -0.4073885314468427 0
732 0.1009650828609034 -0.3424473714693958 0
733 0.1394697815333248 -0.3173345094907734 0
734 -0.06600178899291483 -0.3508776933993804 0
735 -0.02808038722088765 -0.3260972796542969 0
736 0.08072997671258308 0.3395654317813565 0
737 -0.4679836840292586 -3.4017542315877e-05 0
738 -0.2795254524938009 0.2386361029771861 0
739 -0.2751491280466595 0.1903696048076828 0
740 -0.3428905932489283 0.04827110396545643 0
741 0.4971459754309561 -0.1081804471364704 0
742 0.2867317211637605 0.3159426849278413 0
743 0.2986856428835626 0.3560046824002097 0
744 0.3877016974402225 0.05804405117395711 0
745 0.4345062636201177 0.07858529545126225 0
746 -0.3827314960599246 0.1166453769908981 0
747 -0.4191520641096921 0.1455866202716956 0
748 -0.4179778164060346 0.09849304699990699 0
749 -0.3469353580474468 0.1417773488186352 0
750 -0.3457611103437893 0.09468377554684665 0
751 -0.05068286404490589 0.348267074419995 0
752 -0.08917775578674347 0.3225324131638934 0
753 -0.3653288588061402 -0.3002278330781684 0
754 -0.2137621297314763 -0.3737576493485428 0
755 -0.1824384332051159 -0.3388334475422955 0
756 -0.4150088719914432 0.2317249890118637 0
757 -0.4139809351065418 0.1839448582371776 0
758 -0.3299137457943862 -0.08552916974435273 0
759 -0.3266855154224899 -0.1292855735377806 0
760 0.2048552131612703 0.2758040453258329 0
761 0.01511391215672512 -0.343932935889926 0
762 0.1688089325833464 -0.2835866537117376 0
763 0.2073142277266609 -0.2572461643894891 0
764 -0.3127471590618842 0.1633681773629379 0
765 0.1246537957956558 0.3686470177584089 0
766 0.2756144296635256 0.2785553834930812 0
767 0.3212095962079566 0.2960994332145335 0
768 0.4084581915128589 0.2368934722287102 0
769 0.3634211381221125 0.2241576714302474 0
770 -0.06359933814063926 0.3911369795220868 0
771 0.0566353090084737 -0.3612759765694673 0
772 0.1035311663195374 -0.3830216864106168 0
773 -0.3664770697642948 -0.145163047826171 0
774 0.3260464753969602 0.2194448309073935 0
775 0.2801240548372921 0.2360360389812312 0
776 -0.4573653985430274 0.08385407885935996 0
777 0.1344917781043808 -0.4088866422983203 0
778 0.1596536847116847 -0.444698627726284 0
779 0.07180350415180521 -0.5089592980238228 0
780 0.02433677467795488 -0.5131120987570839 0
781 0.4729023542372149 0.1963157722370797 0
782 0.1925835831143974 -0.4747735038866057 0
783 -0.1857717595333042 0.4646293915361112 0
784 0.3755616920261017 0.3424493608550185 0
785 0.358584258933109 0.3008122737373873 0
786 0.3455976278472632 -0.377712862337463 0
787 0.4527654203570365 0.2394995661646063 0
788 0.235767377041924 -0.4546365700064273 0
789 0.341869436559741 0.3761416161886804 0
790 0.379289883180925 -0.3440206068711024 0
791 0.08489808269635216 -0.4665522004001316 0
792 -0.2289555534608308 0.4444924576559328 0
793 -0.3441993508983074 0.3778916049711533 0
794 -0.3463936665012542 -0.3759400927121967 0
795 -0.3800859219676149 -0.3422478373785348 0
796 -0.3778916062319693 0.3441993495047926 0
797 0.3606066218209129 -0.3067221283425871 0
798 -0.507014676980871 -0.06763768073517398 0
799 -0.5111674777141322 -0.02017095126132365 0
800 -0.1955051784915832 -0.4752015097180691 0
801 -0.2386889722406735 -0.4550645760513959 0
802 -0.3614741661346282 0.2981429627051768 0
803 -0.1123150042016006 -0.4955342627079369 0
804 -0.1583394808797303 -0.483202041389181 0
805 -0.08079313531243244 -0.4548851105176424 0
806 -0.2320457766616964 -0.4030421813541829 0
807 0.2456461797930959 0.2558792906945391 0
808 -0.4963963915384845 0.1111838743655473 0
809 -0.4840641702197287 0.157208351043677 0
810 0.3474669674328741 0.2634249723026272 0
811 0.1557213510517835 0.3988199615104795 0
812 0.1743895437160783 0.437981570763416 0
813 -0.4778553892120035 -0.1969243737878959 0
814 -0.4425669157805716 -0.1632022092476676 0
815 -0.4156315964191656 -0.2371191565967911 0
816 -0.4577184553318251 -0.2401081677154225 0
817 -0.07479406067675651 0.4725974961116964 0
818 -0.06750242470164053 0.5123340118375619 0
819 -0.02003569522779019 0.516486812570823 0
820 0.0004835028627937082 0.4754272232554534 0
821 0.4682460707971848 0.08126174193067956 0
822 0.5142705477433681 0.06892952052467552 0
823 0.5184233484766292 0.02146279105082518 0
824 0.4752395547917557 0.001325857331817407 0
825 0.1990071850617439 0.4728578599999381 0
826 0.2421909788108342 0.4527209263332649 0
827 -0.4587561075499052 0.2387503827582494 0
828 0.09016200425195109 -0.4277152473983918 0
829 -0.1378114140327584 -0.3563475880441788 0
830 -0.09605496577892239 -0.3691534321865673 0
831 -0.07049852082788491 0.4378702420212488 0
832 -0.4061567135564365 -0.1956717185715215 0
833 -0.4067428065197395 -0.1520075930856174 0
834 -0.03577585060670878 0.4515463710511984 0
835 -0.3131436581676466 0.2429764714197044 0
836 -0.4492272554526517 0.1657925282461864 0
837 -0.4788930412165784 0.195566589009159 0
838 -0.05389457802239708 -0.3854399489387927 0
839 0.4564068897761915 0.04024913562223306 0
840 -0.05791873774022933 -0.4304058909832788 0
841 -0.3483597940381106 0.2691657736500879 0
842 0.2556805417211018 0.5733652193442221 0
843 -0.5733652193442221 0.2556805417211018 0
844 -0.2556805417211018 -0.5733652193442221 0
845 0.5733652193442221 -0.2556805417211018 0
846 0.5673061203007054 0.2763914011671553 0
847 -0.2763914011671553 0.5673061203007054 0
848 -0.5673061203007054 -0.2763914011671553 0
849 0.2763914011671553 -0.5673061203007054 0
850 0.6244251228882861 -0.05533365213733871 0
851 0.05533365213733871 0.6244251228882861 0
852 -0.6244251228882861 0.05533365213733871 0
853 -0.05533365213733871 -0.6244251228882861 0
854 0.4394518452787697 0.446529158488249 0
855 -0.446529158488249 0.4394518452787697 0
856 -0.4394518452787697 -0.446529158488249 0
857 0.446529158488249 -0.4394518452787697 0
858 0.8988335262078386 0.1337874570074646 0
859 -0.1337874570074646 0.8988335262078386 0
860 -0.8988335262078386 -0.1337874570074646 0
861 0.1337874570074646 -0.8988335262078386 0
862 0.2253336367173753 0.8841298926116603 0
863 -0.8841298926116603 0.2253336367173753 0
864 -0.2253336367173753 -0.8841298926116603 0
865 0.8841298926116603 -0.2253336367173753 0
866 0.5596786474099297 0.7414399247300028 0
867 -0.7414399247300028 0.5596786474099297 0
868 -0.5596786474099297 -0.7414399247300028 0
869 0.7414399247300028 -0.5596786474099297 0
870 0.7201348586170935 0.5420318340824563 0
871 -0.5420318340824563 0.7201348586170935 0
872 -0.7201348586170935 -0.5420318340824563 0
873 0.5420318340824563 -0.7201348586170935 0
874 0.86071509451215 0.2990560766116048 0
875 -0.2990560766116048 0.86071509451215 0
876 -0.86071509451215 -0.2990560766116048 0
877 0.2990560766116048 -0.86071509451215 0
878 0.9126312446969067 -0.04516110566220281 0
879 0.04516110566220281 0.9126312446969067 0
880 -0.9126312446969067 0.04516110566220281 0
881 -0.04516110566220281 -0.9126312446969067 0
882 0.3852036671307737 0.8241618952498899 0
883 -0.8241618952498899 0.3852036671307737 0
884 -0.3852036671307737 -0.8241618952498899 0
885 0.8241618952498899 -0.3852036671307737 0
886 0.5169383272233092 0.3724174065722647 0
887 0.6149816491256263 0.3616714878783909 0
888 0.5419551458894185 0.4719543391505162 0
889 0.4679121559556908 0.5363011889422453 0
890 0.6670772163660272 0.2779670161688297 0
891 0.5590583641234013 0.5670545904844326 0
892 0.7102480062290966 0.3617816976135043 0
893 0.6269740855458678 0.1940370887334155 0
894 0.7220215221509418 0.1974393710664895 0
895 0.6927649654065767 0.09834590441738184 0
896 -0.3724174065722647 0.5169383272233092 0
897 -0.3616714878783909 0.6149816491256263 0
898 -0.4719543391505162 0.5419551458894185 0
899 -0.5363011889422453 0.4679121559556908 0
900 -0.2779670161688297 0.6670772163660272 0
901 -0.5670545904844326 0.5590583641234013 0
902 -0.3617816976135043 0.7102480062290966 0
903 -0.1940370887334155 0.6269740855458678 0
904 -0.1974393710664895 0.7220215221509418 0
905 -0.09834590441738184 0.6927649654065767 0
906 -0.5169383272233092 -0.3724174065722647 0
907 -0.6149816491256263 -0.3616714878783909 0
908 -0.5419551458894185 -0.4719543391505162 0
909 -0.4679121559556908 -0.5363011889422453 0
910 -0.6670772163660272 -0.2779670161688297 0
911 -0.5590583641234013 -0.5670545904844326 0
912 -0.7102480062290966 -0.3617816976135043 0
913 -0.6269740855458678 -0.1940370887334155 0
914 -0.7220215221509418 -0.1974393710664895 0
915 -0.6927649654065767 -0.09834590441738184 0
916 0.3724174065722647 -0.5169383272233092 0
917 0.3616714878783909 -0.6149816491256263 0
918 0.4719543391505162 -0.5419551458894185 0
919 0.5363011889422453 -0.4679121559556908 0
920 0.2779670161688297 -0.6670772163660272 0
921 0.5670545904844326 -0.5590583641234013 0
922 0.3617816976135043 -0.7102480062290966 0
923 0.1940370887334155 -0.6269740855458678 0
924 0.1974393710664895 -0.7220215221509418 0
925 0.09834590441738184 -0.6927649654065767 0
926 0.1570695222806287 0.6172512087684496 0
927 0.238499772301797 0.6718141387479385 0
928 0.1093663548753648 0.7033674806474818 0
929 0.3286602558943033 0.6355418738486068 0
930 0.009931350083342391 0.7020550696251868 0
931 -0.6172512087684496 0.1570695222806287 0
932 -0.6718141387479385 0.238499772301797 0
933 -0.7033674806474818 0.1093663548753648 0
934 -0.6355418738486068 0.3286602558943033 0
935 -0.7020550696251868 0.009931350083342391 0
936 -0.1570695222806287 -0.6172512087684496 0
937 -0.238499772301797 -0.6718141387479385 0
938 -0.1093663548753648 -0.7033674806474818 0
939 -0.3286602558943033 -0.6355418738486068 0
940 -0.009931350083342391 -0.7020550696251868 0
941 0.6172512087684496 -0.1570695222806287 0
942 0.6718141387479385 -0.238499772301797 0
943 0.7033674806474818 -0.1093663548753648 0
944 0.6355418738486068 -0.3286602558943033 0
945 0.7020550696251868 -0.009931350083342391 0
946 0.6443691752060495 0.4567738387520417 0
947 -0.4567738387520417 0.6443691752060495 0
948 -0.6443691752060495 -0.4567738387520417 0
949 0.4567738387520417 -0.6443691752060495 0
950 0.1956791785063501 0.7669213008877828 0
951 -0.7669213008877828 0.1956791785063501 0
952 -0.1956791785063501 -0.7669213008877828 0
953 0.7669213008877828 -0.1956791785063501 0
954 0.7855793957060806 0.1196374890117766 0
955 -0.1196374890117766 0.7855793957060806 0
956 -0.7855793957060806 -0.1196374890117766 0
957 0.1196374890117766 -0.7855793957060806 0
958 0.7809909310011763 -0.07152209915872285 0
959 0.07152209915872285 0.7809909310011763 0
960 -0.7809909310011763 0.07152209915872285 0
961 -0.07152209915872285 -0.7809909310011763 0
962 0.3115484491545311 0.7337293430970332 0
963 0.4039122936966494 0.7049440283507943 0
964 -0.7337293430970332 0.3115484491545311 0
965 -0.7049440283507943 0.4039122936966494 0
966 -0.3115484491545311 -0.7337293430970332 0
967 -0.4039122936966494 -0.7049440283507943 0
968 0.7337293430970332 -0.3115484491545311 0
969 0.7049440283507943 -0.4039122936966494 0
970 0.4834500566713384 0.627018213786771 0
971 -0.627018213786771 0.4834500566713384 0
972 -0.4834500566713384 -0.627018213786771 0
973 0.627018213786771 -0.4834500566713384 0
974 0.3610218355059918 0.5264647715403864 0
975 -0.5264647715403864 0.3610218355059918 0
976 -0.3610218355059918 -0.5264647715403864 0
977 0.5264647715403864 -0.3610218355059918 0
978 0.8181718661476962 0.207475933190576 0
979 0.8577503698966639 0.04457908893743982 0
980 -0.207475933190576 0.8181718661476962 0
981 -0.04457908893743982 0.8577503698966639 0
982 -0.8181718661476962 -0.207475933190576 0
983 -0.8577503698966639 -0.04457908893743982 0
984 0.207475933190576 -0.8181718661476962 0
985 0.04457908893743982 -0.8577503698966639 0
986 0.2874728157174627 0.8204324426417604 0
987 -0.8204324426417604 0.2874728157174627 0
988 -0.2874728157174627 -0.8204324426417604 0
989 0.8204324426417604 -0.2874728157174627 0
990 0.7617024049194372 0.2828750088969836 0
991 -0.2828750088969836 0.7617024049194372 0
992 -0.7617024049194372 -0.2828750088969836 0
993 0.2828750088969836 -0.7617024049194372 0
994 0.7352884528043335 0.4513556911086241 0
995 0.8113454812752833 0.3902921191895461 0
996 -0.4513556911086241 0.7352884528043335 0
997 -0.3902921191895461 0.8113454812752833 0
998 -0.7352884528043335 -0.4513556911086241 0
999 -0.8113454812752833 -0.3902921191895461 0
1000 0.4513556911086241 -0.7352884528043335 0
1001 0.3902921191895461 -0.8113454812752833 0
1002 0.6189086386009919 0.04065111360657803 0
1003 -0.04065111360657803 0.6189086386009919 0
1004 -0.6189086386009919 -0.04065111360657803 0
1005 0.04065111360657803 -0.6189086386009919 0
1006 0.5608946385199107 0.654221155151218 0
1007 0.6379355292485247 0.5995738174485233 0
1008 -0.654221155151218 0.5608946385199107 0
1009 -0.5995738174485233 0.6379355292485247 0
1010 -0.5608946385199107 -0.654221155151218 0
1011 -0.6379355292485247 -0.5995738174485233 0
1012 0.654221155151218 -0.5608946385199107 0
1013 0.5995738174485233 -0.6379355292485247 0
1014 0.1245260212919498 0.8490094060092909 0
1015 -0.8490094060092909 0.1245260212919498 0
1016 -0.1245260212919498 -0.8490094060092909 0
1017 0.8490094060092909 -0.1245260212919498 0
1018 0.4755821448476255 0.780998937972473 0
1019 -0.780998937972473 0.4755821448476255 0
1020 -0.4755821448476255 -0.780998937972473 0
1021 0.780998937972473 -0.4755821448476255 0
1022 0.4089913195447947 0.6060540152937608 0
1023 -0.6060540152937608 0.4089913195447947 0
1024 -0.4089913195447947 -0.6060540152937608 0
1025 0.6060540152937608 -0.4089913195447947 0
1026 0.9030892205347888 0.2251388934674892 0
1027 -0.2251388934674892 0.9030892205347888 0
1028 -0.9030892205347888 -0.2251388934674892 0
1029 0.2251388934674892 -0.9030892205347888 0
1030 0.1376256450232661 0.9243481101084848 0
1031 -0.9243481101084848 0.1376256450232661 0
1032 -0.1376256450232661 -0.9243481101084848 0
1033 0.9243481101084848 -0.1376256450232661 0
1034 0.9328799734903335 0.0462445161670014 0
1035 -0.0462445161670014 0.9328799734903335 0
1036 -0.9328799734903335 -0.0462445161670014 0
1037 0.0462445161670014 -0.9328799734903335 0
1038 -0.03259126904880814 0.7743894502786582 0
1039 -0.7743894502786582 -0.03259126904880814 0
1040 0.03259126904880814 -0.7743894502786582 0
1041 0.7743894502786582 0.03259126904880814 0
1042 0.8007494916597953 0.4825049308484002 0
1043 -0.4825049308484002 0.8007494916597953 0
1044 -0.8007494916597953 -0.4825049308484002 0
1045 0.4825049308484002 -0.8007494916597953 0
1046 0.6091122751524247 0.1158923204950668 0
1047 -0.1158923204950668 0.6091122751524247 0
1048 -0.6091122751524247 -0.1158923204950668 0
1049 0.1158923204950668 -0.6091122751524247 0
1050 0.4967035562290908 0.7017244519982518 0
1051 -0.7017244519982518 0.4967035562290908 0
1052 -0.4967035562290908 -0.7017244519982518 0
1053 0.7017244519982518 -0.4967035562290908 0
1054 0.633696990036598 0.6852941175223251 0
1055 -0.6852941175223251 0.633696990036598 0
1056 -0.633696990036598 -0.6852941175223251 0
1057 0.6852941175223251 -0.633696990036598 0
1058 0.6993319035975352 0.6354167238656336 0
1059 -0.6354167238656336 0.6993319035975352 0
1060 -0.6993319035975352 -0.6354167238656336 0
1061 0.6354167238656336 -0.6993319035975352 0
1062 0.3168422584838235 0.8874488826555852 0
1063 -0.8874488826555852 0.3168422584838235 0
1064 -0.3168422584838235 -0.8874488826555852 0
1065 0.8874488826555852 -0.3168422584838235 0
1066 0.8417962274837734 -0.02864643613826313 0
1067 0.02864643613826313 0.8417962274837734 0
1068 -0.8417962274837734 0.02864643613826313 0
1069 -0.02864643613826313 -0.8417962274837734 0
1070 0.5795610743611008 0.4157042680883034 0
1071 -0.4157042680883034 0.5795610743611008 0
1072 -0.5795610743611008 -0.4157042680883034 0
1073 0.4157042680883034 -0.5795610743611008 0
1074 0.1781291976252737 0.7003681436639255 0
1075 -0.7003681436639255 0.1781291976252737 0
1076 -0.1781291976252737 -0.7003681436639255 0
1077 0.7003681436639255 -0.1781291976252737 0
1078 0.6206906146168976 0.5274776839835941 0
1079 -0.5274776839835941 0.6206906146168976 0
1080 -0.6206906146168976 -0.5274776839835941 0
1081 0.5274776839835941 -0.6206906146168976 0
1082 0.4536820006172303 0.4914151737152472 0
1083 0.4144669957308413 0.5313829802413159 0
1084 0.4002368403923807 0.4864969650143177 0
1085 -0.4914151737152472 0.4536820006172303 0
1086 -0.5313829802413159 0.4144669957308413 0
1087 -0.4864969650143177 0.4002368403923807 0
1088 -0.4536820006172303 -0.4914151737152472 0
1089 -0.4144669957308413 -0.5313829802413159 0
1090 -0.4002368403923807 -0.4864969650143177 0
1091 0.4914151737152472 -0.4536820006172303 0
1092 0.5313829802413159 -0.4144669957308413 0
1093 0.4864969650143177 -0.4002368403923807 0
1094 0.3483760581426524 0.7789456191734616 0
1095 0.3577303714255903 0.7193366857239137 0
1096 0.3945579804137116 0.7645529618003422 0
1097 -0.7789456191734616 0.3483760581426524 0
1098 -0.7193366857239137 0.3577303714255903 0
1099 -0.7645529618003422 0.3945579804137116 0
1100 -0.3483760581426524 -0.7789456191734616 0
1101 -0.3577303714255903 -0.7193366857239137 0
1102 -0.3945579804137116 -0.7645529618003422 0
1103 0.7789456191734616 -0.3483760581426524 0
1104 0.7193366857239137 -0.3577303714255903 0
1105 0.7645529618003422 -0.3945579804137116 0
1106 0.1525227666908575 0.7351443907676323 0
1107 0.1336006388325365 0.7739561159444796 0
1108 0.09044422701704385 0.7421792058243291 0
1109 -0.7351443907676323 0.1525227666908575 0
1110 -0.7739561159444796 0.1336006388325365 0
1111 -0.7421792058243291 0.09044422701704385 0
1112 -0.1525227666908575 -0.7351443907676323 0
1113 -0.1336006388325365 -0.7739561159444796 0
1114 -0.09044422701704385 -0.7421792058243291 0
1115 0.7351443907676323 -0.1525227666908575 0
1116 0.7739561159444796 -0.1336006388325365 0
1117 0.7421792058243291 -0.09044422701704385 0
1118 0.5421222237620074 0.32440440386971 0
1119 0.5911438847131658 0.3190314445227731 0
1120 0.5659599881744677 0.3670444472253278 0
1121 -0.32440440386971 0.5421222237620074 0
1122 -0.3190314445227731 0.5911438847131658 0
1123 -0.3670444472253278 0.5659599881744677 0
1124 -0.5421222237620074 -0.32440440386971 0
1125 -0.5911438847131658 -0.3190314445227731 0
1126 -0.5659599881744677 -0.3670444472253278 0
1127 0.32440440386971 -0.5421222237620074 0
1128 0.3190314445227731 -0.5911438847131658 0
1129 0.3670444472253278 -0.5659599881744677 0
1130 0.2063750320008652 0.5953082140563359 0
1131 0.2470901570114494 0.6225896790460803 0
1132 0.1977846472912128 0.644532673758194 0
1133 -0.5953082140563359 0.2063750320008652 0
1134 -0.6225896790460803 0.2470901570114494 0
1135 -0.644532673758194 0.1977846472912128 0
1136 -0.2063750320008652 -0.5953082140563359 0
1137 -0.2470901570114494 -0.6225896790460803 0
1138 -0.1977846472912128 -0.644532673758194 0
1139 0.5953082140563359 -0.2063750320008652 0
1140 0.6225896790460803 -0.2470901570114494 0
1141 0.644532673758194 -0.1977846472912128 0
1142 0.8422064609569596 0.1267124730096206 0
1143 0.8585026961777674 0.1706316950990203 0
1144 0.8018756309268884 0.1635567111011763 0
1145 -0.1267124730096206 0.8422064609569596 0
1146 -0.1706316950990203 0.8585026961777674 0
1147 -0.1635567111011763 0.8018756309268884 0
1148 -0.8422064609569596 -0.1267124730096206 0
1149 -0.8585026961777674 -0.1706316950990203 0
1150 -0.8018756309268884 -0.1635567111011763 0
1151 0.1267124730096206 -0.8422064609569596 0
1152 0.1706316950990203 -0.8585026961777674 0
1153 0.1635567111011763 -0.8018756309268884 0
1154 0.3954319153450301 0.432662828108158 0
1155 0.3562169104586411 0.4726306346342267 0
1156 -0.432662828108158 0.3954319153450301 0
1157 -0.4726306346342267 0.3562169104586411 0
1158 -0.3954319153450301 -0.432662828108158 0
1159 -0.3562169104586411 -0.4726306346342267 0
1160 0.432662828108158 -0.3954319153450301 0
1161 0.4726306346342267 -0.3562169104586411 0
1162 0.8216648828013722 0.08210828897460819 0
1163 0.8782919480522513 0.08918327297245224 0
1164 -0.08210828897460819 0.8216648828013722 0
1165 -0.08918327297245224 0.8782919480522513 0
1166 -0.8216648828013722 -0.08210828897460819 0
1167 -0.8782919480522513 -0.08918327297245224 0
1168 0.08210828897460819 -0.8216648828013722 0
1169 0.08918327297245224 -0.8782919480522513 0
1170 0.5203811040735435 0.2748707009322143 0
1171 0.4951972075348455 0.322883703634769 0
1172 -0.2748707009322143 0.5203811040735435 0
1173 -0.322883703634769 0.4951972075348455 0
1174 -0.5203811040735435 -0.2748707009322143 0
1175 -0.4951972075348455 -0.322883703634769 0
1176 0.2748707009322143 -0.5203811040735435 0
1177 0.322883703634769 -0.4951972075348455 0
1178 0.2213314767638757 0.5435475876639387 0
1179 0.1720259670436391 0.5654905823760525 0
1180 -0.5435475876639387 0.2213314767638757 0
1181 -0.5654905823760525 0.1720259670436391 0
1182 -0.2213314767638757 -0.5435475876639387 0
1183 -0.1720259670436391 -0.5654905823760525 0
1184 0.5435475876639387 -0.2213314767638757 0
1185 0.5654905823760525 -0.1720259670436391 0
1186 0.2105064076118627 0.8255255967497215 0
1187 0.2415759971119064 0.7936768717647715 0
1188 0.256403226217419 0.8522811676267104 0
1189 -0.8255255967497215 0.2105064076118627 0
1190 -0.7936768717647715 0.2415759971119064 0
1191 -0.8522811676267104 0.256403226217419 0
1192 -0.2105064076118627 -0.8255255967497215 0
1193 -0.2415759971119064 -0.7936768717647715 0
1194 -0.256403226217419 -0.8522811676267104 0
1195 0.8255255967497215 -0.2105064076118627 0
1196 0.7936768717647715 -0.2415759971119064 0
1197 0.8522811676267104 -0.256403226217419 0
1198 0.8466333724828432 0.4308444286232425 0
1199 0.8676125066785363 0.3864877762957674 0
1200 -0.4308444286232425 0.8466333724828432 0
1201 -0.3864877762957674 0.8676125066785363 0
1202 -0.8466333724828432 -0.4308444286232425 0
1203 -0.8676125066785363 -0.3864877762957674 0
1204 0.4308444286232425 -0.8466333724828432 0
1205 0.3864877762957674 -0.8676125066785363 0
1206 0.2536138138304406 0.750325321992408 0
1207 0.2995106324359968 0.7770808928693969 0
1208 -0.750325321992408 0.2536138138304406 0
1209 -0.7770808928693969 0.2995106324359968 0
1210 -0.2536138138304406 -0.750325321992408 0
1211 -0.2995106324359968 -0.7770808928693969 0
1212 0.750325321992408 -0.2536138138304406 0
1213 0.7770808928693969 -0.2995106324359968 0
1214 0.1601025998991499 0.8079653534485368 0
1215 0.09802406022533632 0.8150001685052336 0
1216 -0.8079653534485368 0.1601025998991499 0
1217 -0.8150001685052336 0.09802406022533632 0
1218 -0.1601025998991499 -0.8079653534485368 0
1219 -0.09802406022533632 -0.8150001685052336 0
1220 0.8079653534485368 -0.1601025998991499 0
1221 0.8150001685052336 -0.09802406022533632 0
1222 0.6974100175158817 0.04420727716701972 0
1223 0.7382222599519226 0.01132995948273288 0
1224 0.7335772078426175 0.065468586733095 0
1225 -0.04420727716701972 0.6974100175158817 0
1226 -0.01132995948273288 0.7382222599519226 0
1227 -0.065468586733095 0.7335772078426175 0
1228 -0.6974100175158817 -0.04420727716701972 0
1229 -0.7382222599519226 -0.01132995948273288 0
1230 -0.7335772078426175 -0.065468586733095 0
1231 0.04420727716701972 -0.6974100175158817 0
1232 0.01132995948273288 -0.7382222599519226 0
1233 0.065468586733095 -0.7335772078426175 0
1234 0.6558368020037844 0.06949850901197993 0
1235 0.6604818541130894 0.01535988176161782 0
1236 -0.06949850901197993 0.6558368020037844 0
1237 -0.01535988176161782 0.6604818541130894 0
1238 -0.6558368020037844 -0.06949850901197993 0
1239 -0.6604818541130894 -0.01535988176161782 0
1240 0.06949850901197993 -0.6558368020037844 0
1241 0.01535988176161782 -0.6604818541130894 0
1242 0.2170894754040735 0.7193677198178606 0
1243 0.275024110728164 0.7027717409224858 0
1244 -0.7193677198178606 0.2170894754040735 0
1245 -0.7027717409224858 0.275024110728164 0
1246 -0.2170894754040735 -0.7193677198178606 0
1247 -0.275024110728164 -0.7027717409224858 0
1248 0.7193677198178606 -0.2170894754040735 0
1249 0.7027717409224858 -0.275024110728164 0
1250 0.6626148276773614 0.3617265927459475 0
1251 0.6773085907175731 0.4092777681827729 0
1252 0.6296754121658379 0.4092226633152163 0
1253 -0.3617265927459475 0.6626148276773614 0
1254 -0.4092777681827729 0.6773085907175731 0
1255 -0.4092226633152163 0.6296754121658379 0
1256 -0.6626148276773614 -0.3617265927459475 0
1257 -0.6773085907175731 -0.4092777681827729 0
1258 -0.6296754121658379 -0.4092226633152163 0
1259 0.3617265927459475 -0.6626148276773614 0
1260 0.4092777681827729 -0.6773085907175731 0
1261 0.4092226633152163 -0.6296754121658379 0
1262 0.4397472192721374 0.7429714831616336 0
1263 0.4303929059891995 0.8025804166111814 0
1264 -0.7429714831616336 0.4397472192721374 0
1265 -0.8025804166111814 0.4303929059891995 0
1266 -0.4397472192721374 -0.7429714831616336 0
1267 -0.4303929059891995 -0.8025804166111814 0
1268 0.7429714831616336 -0.4397472192721374 0
1269 0.8025804166111814 -0.4303929059891995 0
1270 0.8808203253530988 -0.08484356347707629 0
1271 0.87721373609034 -0.03690377090023297 0
1272 0.8454028167465322 -0.07658622871510645 0
1273 0.08484356347707629 0.8808203253530988 0
1274 0.03690377090023297 0.87721373609034 0
1275 0.07658622871510645 0.8454028167465322 0
1276 -0.8808203253530988 0.08484356347707629 0
1277 -0.87721373609034 0.03690377090023297 0
1278 -0.8454028167465322 0.07658622871510645 0
1279 -0.08484356347707629 -0.8808203253530988 0
1280 -0.03690377090023297 -0.87721373609034 0
1281 -0.07658622871510645 -0.8454028167465322 0
1282 0.6822520169115716 0.499402836417249 0
1283 0.6704127366169955 0.5347547590330252 0
1284 0.6325298949114735 0.4921257613678179 0
1285 -0.499402836417249 0.6822520169115716 0
1286 -0.5347547590330252 0.6704127366169955 0
1287 -0.4921257613678179 0.6325298949114735 0
1288 -0.6822520169115716 -0.499402836417249 0
1289 -0.6704127366169955 -0.5347547590330252 0
1290 -0.6325298949114735 -0.4921257613678179 0
1291 0.499402836417249 -0.6822520169115716 0
1292 0.5347547590330252 -0.6704127366169955 0
1293 0.4921257613678179 -0.6325298949114735 0
1294 0.5703520205763031 0.1905097507878178 0
1295 0.5614211153795816 0.1514373666686434 0
1296 0.6180431803491462 0.1549647046142411 0
1297 -0.1905097507878178 0.5703520205763031 0
1298 -0.1514373666686434 0.5614211153795816 0
1299 -0.1549647046142411 0.6180431803491462 0
1300 -0.5703520205763031 -0.1905097507878178 0
1301 -0.5614211153795816 -0.1514373666686434 0
1302 -0.6180431803491462 -0.1549647046142411 0
1303 0.1905097507878178 -0.5703520205763031 0
1304 0.1514373666686434 -0.5614211153795816 0
1305 0.1549647046142411 -0.6180431803491462 0
1306 0.6898288140051916 0.4540647649303329 0
1307 0.7277116557107135 0.4966937625955402 0
1308 -0.4540647649303329 0.6898288140051916 0
1309 -0.4966937625955402 0.7277116557107135 0
1310 -0.6898288140051916 -0.4540647649303329 0
1311 -0.7277116557107135 -0.4966937625955402 0
1312 0.4540647649303329 -0.6898288140051916 0
1313 0.4966937625955402 -0.7277116557107135 0
1314 0.3363382414241182 0.8222971689458252 0
1315 -0.8222971689458252 0.3363382414241182 0
1316 -0.3363382414241182 -0.8222971689458252 0
1317 0.8222971689458252 -0.3363382414241182 0
1318 0.8922973132969696 0.3408697550067967 0
1319 0.8360302878937167 0.3446740979005755 0
1320 -0.3408697550067967 0.8922973132969696 0
1321 -0.3446740979005755 0.8360302878937167 0
1322 -0.8922973132969696 -0.3408697550067967 0
1323 -0.8360302878937167 -0.3446740979005755 0
1324 0.3408697550067967 -0.8922973132969696 0
1325 0.3446740979005755 -0.8360302878937167 0
1326 0.1749298290046625 0.8665696493104755 0
1327 -0.8665696493104755 0.1749298290046625 0
1328 -0.1749298290046625 -0.8665696493104755 0
1329 0.8665696493104755 -0.1749298290046625 0
1330 0.722768229516715 0.4065686943610642 0
1331 -0.4065686943610642 0.722768229516715 0
1332 -0.722768229516715 -0.4065686943610642 0
1333 0.4065686943610642 -0.722768229516715 0
1334 0.8866787580588879 -0.1310758331576079 0
1335 0.9184896774026958 -0.09139337534273444 0
1336 0.1310758331576079 0.8866787580588879 0
1337 0.09139337534273444 0.9184896774026958 0
1338 -0.8866787580588879 0.1310758331576079 0
1339 -0.9184896774026958 0.09139337534273444 0
1340 -0.1310758331576079 -0.8866787580588879 0
1341 -0.09139337534273444 -0.9184896774026958 0
1342 0.5737533368429513 0.1054128897213837 0
1343 -0.1054128897213837 0.5737533368429513 0
1344 -0.5737533368429513 -0.1054128897213837 0
1345 0.1054128897213837 -0.5737533368429513 0
1346 0.443681175183994 0.6659811210687827 0
1347 0.4064518066207221 0.6554990218222776 0
1348 0.4462206881080666 0.6165361145402659 0
1349 -0.6659811210687827 0.443681175183994 0
1350 -0.6554990218222776 0.4064518066207221 0
1351 -0.6165361145402659 0.4462206881080666 0
1352 -0.443681175183994 -0.6659811210687827 0
1353 -0.4064518066207221 -0.6554990218222776 0
1354 -0.4462206881080666 -0.6165361145402659 0
1355 0.6659811210687827 -0.443681175183994 0
1356 0.6554990218222776 -0.4064518066207221 0
1357 0.6165361145402659 -0.4462206881080666 0
1358 0.2921703988077025 0.6044535465964145 0
1359 0.3083511886135468 0.5499149954423043 0
1360 0.3448410457001475 0.5810033226944966 0
1361 -0.6044535465964145 0.2921703988077025 0
1362 -0.5499149954423043 0.3083511886135468 0
1363 -0.5810033226944966 0.3448410457001475 0
1364 -0.2921703988077025 -0.6044535465964145 0
1365 -0.3083511886135468 -0.5499149954423043 0
1366 -0.3448410457001475 -0.5810033226944966 0
1367 0.6044535465964145 -0.2921703988077025 0
1368 0.5499149954423043 -0.3083511886135468 0
1369 0.5810033226944966 -0.3448410457001475 0
1370 0.540518037953722 0.2316869070046877 0
1371 0.5971401029232866 0.2352142449502854 0
1372 -0.2316869070046877 0.540518037953722 0
1373 -0.2352142449502854 0.5971401029232866 0
1374 -0.540518037953722 -0.2316869070046877 0
1375 -0.5971401029232866 -0.2352142449502854 0
1376 0.2316869070046877 -0.540518037953722 0
1377 0.2352142449502854 -0.5971401029232866 0
1378 0.4900768064502147 0.6643713328925114 0
1379 0.4503079249628701 0.7033342401745231 0
1380 -0.6643713328925114 0.4900768064502147 0
1381 -0.7033342401745231 0.4503079249628701 0
1382 -0.4900768064502147 -0.6643713328925114 0
1383 -0.4503079249628701 -0.7033342401745231 0
1384 0.6643713328925114 -0.4900768064502147 0
1385 0.7033342401745231 -0.4503079249628701 0
1386 0.4384517377502428 0.5711776021180031 0
1387 0.3850065775253932 0.5662593934170737 0
1388 -0.5711776021180031 0.4384517377502428 0
1389 -0.5662593934170737 0.3850065775253932 0
1390 -0.4384517377502428 -0.5711776021180031 0
1391 -0.3850065775253932 -0.5662593934170737 0
1392 0.5711776021180031 -0.4384517377502428 0
1393 0.5662593934170737 -0.3850065775253932 0
1394 0.317185917405411 0.4999604300953477 0
1395 -0.4999604300953477 0.317185917405411 0
1396 -0.317185917405411 -0.4999604300953477 0
1397 0.4999604300953477 -0.317185917405411 0
1398 0.4678674117836605 0.361914696816504 0
1399 -0.361914696816504 0.4678674117836605 0
1400 -0.4678674117836605 -0.361914696816504 0
1401 0.361914696816504 -0.4678674117836605 0
1402 0.1260014903655094 0.5778228036948083 0
1403 -0.5778228036948083 0.1260014903655094 0
1404 -0.1260014903655094 -0.5778228036948083 0
1405 0.5778228036948083 -0.1260014903655094 0
1406 0.8112087497157936 0.2909655427542942 0
1407 0.7865239430973603 0.3365835640432648 0
1408 -0.2909655427542942 0.8112087497157936 0
1409 -0.3365835640432648 0.7865239430973603 0
1410 -0.8112087497157936 -0.2909655427542942 0
1411 -0.7865239430973603 -0.3365835640432648 0
1412 0.2909655427542942 -0.8112087497157936 0
1413 0.3365835640432648 -0.7865239430973603 0
1414 0.8113935792424749 -0.05008426764849299 0
1415 0.05008426764849299 0.8113935792424749 0
1416 -0.8113935792424749 0.05008426764849299 0
1417 -0.05008426764849299 -0.8113935792424749 0
1418 0.8394434803299231 0.2532660049010904 0
1419 0.7899371355335667 0.2451754710437798 0
1420 -0.2532660049010904 0.8394434803299231 0
1421 -0.2451754710437798 0.7899371355335667 0
1422 -0.8394434803299231 -0.2532660049010904 0
1423 -0.7899371355335667 -0.2451754710437798 0
1424 0.2532660049010904 -0.8394434803299231 0
1425 0.2451754710437798 -0.7899371355335667 0
1426 0.8413353776750992 0.4769508344526695 0
1427 0.8060474864675393 0.4363985250189731 0
1428 -0.4769508344526695 0.8413353776750992 0
1429 -0.4363985250189731 0.8060474864675393 0
1430 -0.8413353776750992 -0.4769508344526695 0
1431 -0.8060474864675393 -0.4363985250189731 0
1432 0.4769508344526695 -0.8413353776750992 0
1433 0.4363985250189731 -0.8060474864675393 0
1434 0.6171916683333663 0.2771792086679925 0
1435 0.6410294327458268 0.3198192520236103 0
1436 -0.2771792086679925 0.6171916683333663 0
1437 -0.3198192520236103 0.6410294327458268 0
1438 -0.6171916683333663 -0.2771792086679925 0
1439 -0.6410294327458268 -0.3198192520236103 0
1440 0.2771792086679925 -0.6171916683333663 0
1441 0.3198192520236103 -0.6410294327458268 0
1442 0.5828043193004959 0.02032555680328902 0
1443 0.5786515185672347 0.06779228627713935 0
1444 -0.02032555680328902 0.5828043193004959 0
1445 -0.06779228627713935 0.5786515185672347 0
1446 -0.5828043193004959 -0.02032555680328902 0
1447 -0.5786515185672347 -0.06779228627713935 0
1448 0.02032555680328902 -0.5828043193004959 0
1449 0.06779228627713935 -0.5786515185672347 0
1450 0.2835800140980501 0.6536780062982727 0
1451 -0.6536780062982727 0.2835800140980501 0
1452 -0.2835800140980501 -0.6536780062982727 0
1453 0.6536780062982727 -0.2835800140980501 0
1454 0.368825787719549 0.6207979445711838 0
1455 -0.6207979445711838 0.368825787719549 0
1456 -0.368825787719549 -0.6207979445711838 0
1457 0.6207979445711838 -0.368825787719549 0
1458 0.7359752055742669 0.3223283532552439 0
1459 0.7607967437521899 0.3760369084015252 0
1460 -0.3223283532552439 0.7359752055742669 0
1461 -0.3760369084015252 0.7607967437521899 0
1462 -0.7359752055742669 -0.3223283532552439 0
1463 -0.7607967437521899 -0.3760369084015252 0
1464 0.3223283532552439 -0.7359752055742669 0
1465 0.3760369084015252 -0.7607967437521899 0
1466 0.5221723475956246 0.6406196844689945 0
1467 0.5287990973745008 0.677972803574735 0
1468 -0.6406196844689945 0.5221723475956246 0
1469 -0.677972803574735 0.5287990973745008 0
1470 -0.5221723475956246 -0.6406196844689945 0
1471 -0.5287990973745008 -0.677972803574735 0
1472 0.6406196844689945 -0.5221723475956246 0
1473 0.677972803574735 -0.5287990973745008 0
1474 0.7391721805563287 0.1089916967145792 0
1475 0.7799844229923694 0.07611437903029236 0
1476 -0.1089916967145792 0.7391721805563287 0
1477 -0.07611437903029236 0.7799844229923694 0
1478 -0.7391721805563287 -0.1089916967145792 0
1479 -0.7799844229923694 -0.07611437903029236 0
1480 0.1089916967145792 -0.7391721805563287 0
1481 0.07611437903029236 -0.7799844229923694 0
1482 0.5602866429649203 0.6978305399406104 0
1483 0.5281911018195102 0.7215821883641274 0
1484 -0.6978305399406104 0.5602866429649203 0
1485 -0.7215821883641274 0.5281911018195102 0
1486 -0.5602866429649203 -0.6978305399406104 0
1487 -0.5281911018195102 -0.7215821883641274 0
1488 0.6978305399406104 -0.5602866429649203 0
1489 0.7215821883641274 -0.5281911018195102 0
1490 0.6790351939328091 0.5708028257654898 0
1491 0.6293130719327111 0.5635257507160587 0
1492 -0.5708028257654898 0.6790351939328091 0
1493 -0.5635257507160587 0.6293130719327111 0
1494 -0.6790351939328091 -0.5708028257654898 0
1495 -0.6293130719327111 -0.5635257507160587 0
1496 0.5708028257654898 -0.6790351939328091 0
1497 0.5635257507160587 -0.6293130719327111 0
1498 0.9009613733713138 0.1794631752374769 0
1499 0.8606305433412424 0.2163074133290326 0
1500 -0.1794631752374769 0.9009613733713138 0
1501 -0.2163074133290326 0.8606305433412424 0
1502 -0.9009613733713138 -0.1794631752374769 0
1503 -0.8606305433412424 -0.2163074133290326 0
1504 0.1794631752374769 -0.9009613733713138 0
1505 0.2163074133290326 -0.8606305433412424 0
1506 0.5994150838842177 0.6268974862998706 0
1507 0.6358162596425614 0.6424339674854243 0
1508 0.5972958142782543 0.6697576363367715 0
1509 -0.6268974862998706 0.5994150838842177 0
1510 -0.6424339674854243 0.6358162596425614 0
1511 -0.6697576363367715 0.5972958142782543 0
1512 -0.5994150838842177 -0.6268974862998706 0
1513 -0.6358162596425614 -0.6424339674854243 0
1514 -0.5972958142782543 -0.6697576363367715 0
1515 0.6268974862998706 -0.5994150838842177 0
1516 0.6424339674854243 -0.6358162596425614 0
1517 0.6697576363367715 -0.5972958142782543 0
1518 0.04072672462103262 0.7415230003131816 0
1519 0.01946541505495735 0.7776901906399173 0
1520 -0.7415230003131816 0.04072672462103262 0
1521 -0.7776901906399173 0.01946541505495735 0
1522 -0.04072672462103262 -0.7415230003131816 0
1523 -0.01946541505495735 -0.7776901906399173 0
1524 0.7415230003131816 -0.04072672462103262 0
1525 0.7776901906399173 -0.01946541505495735 0
1526 0.6470256509559476 0.2360020524511226 0
1527 -0.2360020524511226 0.6470256509559476 0
1528 -0.6470256509559476 -0.2360020524511226 0
1529 0.2360020524511226 -0.6470256509559476 0
1530 0.6686337164230299 0.6174952706570784 0
1531 0.6665144468170665 0.6603554206939793 0
1532 -0.6174952706570784 0.6686337164230299 0
1533 -0.6603554206939793 0.6665144468170665 0
1534 -0.6686337164230299 -0.6174952706570784 0
1535 -0.6665144468170665 -0.6603554206939793 0
1536 0.6174952706570784 -0.6686337164230299 0
1537 0.6603554206939793 -0.6665144468170665 0
1538 0.6886626112975619 0.3198743568911669 0
1539 -0.3198743568911669 0.6886626112975619 0
1540 -0.6886626112975619 -0.3198743568911669 0
1541 0.3198743568911669 -0.6886626112975619 0
1542 0.3201043525244172 0.68463560847282 0
1543 -0.68463560847282 0.3201043525244172 0
1544 -0.3201043525244172 -0.68463560847282 0
1545 0.68463560847282 -0.3201043525244172 0
1546 0.3839435491812897 0.8740207141152991 0
1547 0.4283002013264394 0.853041580147595 0
1548 -0.8740207141152991 0.3839435491812897 0
1549 -0.853041580147595 0.4283002013264394 0
1550 -0.3839435491812897 -0.8740207141152991 0
1551 -0.4283002013264394 -0.853041580147595 0
1552 0.8740207141152991 -0.3839435491812897 0
1553 0.853041580147595 -0.4283002013264394 0
1554 0.9563156223484534 -0.0225805528311014 0
1555 0.9539079856992924 -0.07158912284621835 0
1556 0.0225805528311014 0.9563156223484534 0
1557 0.07158912284621835 0.9539079856992924 0
1558 -0.9563156223484534 0.0225805528311014 0
1559 -0.9539079856992924 0.07158912284621835 0
1560 -0.0225805528311014 -0.9563156223484534 0
1561 -0.07158912284621835 -0.9539079856992924 0
1562 0.9088277150072915 0.2946703773117683 0
1563 -0.2946703773117683 0.9088277150072915 0
1564 -0.9088277150072915 -0.2946703773117683 0
1565 0.2946703773117683 -0.9088277150072915 0
1566 0.7465726553506452 0.5882125599020036 0
1567 0.7758022349925311 0.5488010342503755 0
1568 -0.5882125599020036 0.7465726553506452 0
1569 -0.5488010342503755 0.7758022349925311 0
1570 -0.7465726553506452 -0.5882125599020036 0
1571 -0.7758022349925311 -0.5488010342503755 0
1572 0.5882125599020036 -0.7465726553506452 0
1573 0.5488010342503755 -0.7758022349925311 0
1574 0.5576244395172446 0.7864547689823429 0
1575 0.5970359650284438 0.7572251896687265 0
1576 -0.7864547689823429 0.5576244395172446 0
1577 -0.7572251896687265 0.5970359650284438 0
1578 -0.5576244395172446 -0.7864547689823429 0
1579 -0.5970359650284438 -0.7572251896687265 0
1580 0.7864547689823429 -0.5576244395172446 0
1581 0.7572251896687265 -0.5970359650284438 0
1582 0.2102119790659719 0.9324575865672742 0
1583 0.2578091565428335 0.920535114306343 0
1584 -0.9324575865672742 0.2102119790659719 0
1585 -0.920535114306343 0.2578091565428335 0
1586 -0.2102119790659719 -0.9324575865672742 0
1587 -0.2578091565428335 -0.920535114306343 0
1588 0.9324575865672742 -0.2102119790659719 0
1589 0.920535114306343 -0.2578091565428335 0
1590 0.9398094032558323 0.1644388897616667 0
1591 0.9470091264290486 0.115902298779885 0
1592 -0.1644388897616667 0.9398094032558323 0
1593 -0.115902298779885 0.9470091264290486 0
1594 -0.9398094032558323 -0.1644388897616667 0
1595 -0.9470091264290486 -0.115902298779885 0
1596 0.1644388897616667 -0.9398094032558323 0
1597 0.115902298779885 -0.9470091264290486 0
1598 0.8080928388812159 0.001972416455272505 0
1599 -0.001972416455272505 0.8080928388812159 0
1600 -0.8080928388812159 -0.001972416455272505 0
1601 0.001972416455272505 -0.8080928388812159 0
1602 0.6744978038484049 0.1957382298999525 0
1603 0.6945493692584845 0.2377031936176596 0
1604 -0.1957382298999525 0.6744978038484049 0
1605 -0.2377031936176596 0.6945493692584845 0
1606 -0.6744978038484049 -0.1957382298999525 0
1607 -0.6945493692584845 -0.2377031936176596 0
1608 0.1957382298999525 -0.6744978038484049 0
1609 0.2377031936176596 -0.6945493692584845 0
1610 0.6598695254762222 0.1461914965753986 0
1611 0.7073932437787593 0.1478926377419357 0
1612 -0.1461914965753986 0.6598695254762222 0
1613 -0.1478926377419357 0.7073932437787593 0
1614 -0.6598695254762222 -0.1461914965753986 0
1615 -0.7073932437787593 -0.1478926377419357 0
1616 0.1461914965753986 -0.6598695254762222 0
1617 0.1478926377419357 -0.7073932437787593 0
1618 0.3662862747954764 0.6702429510997006 0
1619 -0.6702429510997006 0.3662862747954764 0
1620 -0.3662862747954764 -0.6702429510997006 0
1621 0.6702429510997006 -0.3662862747954764 0
1622 0.4291241708113908 0.3989705727744962 0
1623 -0.3989705727744962 0.4291241708113908 0
1624 -0.4291241708113908 -0.3989705727744962 0
1625 0.3989705727744962 -0.4291241708113908 0
1626 0.5814097607547266 -0.07513355529386447 0
1627 0.5855625614441431 -0.02766682606866936 0
1628 0.07513355529386447 0.5814097607547266 0
1629 0.02766682606866936 0.5855625614441431 0
1630 -0.5814097607547266 0.07513355529386447 0
1631 -0.5855625614441431 0.02766682606866936 0
1632 -0.07513355529386447 -0.5814097607547266 0
1633 -0.02766682606866936 -0.5855625614441431 0
1634 0.264515270512966 0.5234106539972656 0
1635 -0.5234106539972656 0.264515270512966 0
1636 -0.264515270512966 -0.5234106539972656 0
1637 0.5234106539972656 -0.264515270512966 0
1638 0.7538004589285112 0.158538430039133 0
1639 -0.158538430039133 0.7538004589285112 0
1640 -0.7538004589285112 -0.158538430039133 0
1641 0.158538430039133 -0.7538004589285112 0
1642 0.4907034955840941 0.4592417488193826 0
1643 0.5049336509225546 0.5041277640463807 0
1644 -0.4592417488193826 0.4907034955840941 0
1645 -0.5041277640463807 0.5049336509225546 0
1646 -0.4907034955840941 -0.4592417488193826 0
1647 -0.5049336509225546 -0.5041277640463807 0
1648 0.4592417488193826 -0.4907034955840941 0
1649 0.5041277640463807 -0.5049336509225546 0
1650 0.4781950862510395 0.4094732825302569 0
1651 -0.4094732825302569 0.4781950862510395 0
1652 -0.4781950862510395 -0.4094732825302569 0
1653 0.4094732825302569 -0.4781950862510395 0
1654 0.1062015872089837 0.6208381658283679 0
1655 -0.6208381658283679 0.1062015872089837 0
1656 -0.1062015872089837 -0.6208381658283679 0
1657 0.6208381658283679 -0.1062015872089837 0
1658 0.6638963017678839 -0.08235000350635178 0
1659 0.7027112751363342 -0.05964885247935362 0
1660 0.6632400962567364 -0.03263250111034055 0
1661 0.08235000350635178 0.6638963017678839 0
1662 0.05964885247935362 0.7027112751363342 0
1663 0.03263250111034055 0.6632400962567364 0
1664 -0.6638963017678839 0.08235000350635178 0
1665 -0.7027112751363342 0.05964885247935362 0
1666 -0.6632400962567364 0.03263250111034055 0
1667 -0.08235000350635178 -0.6638963017678839 0
1668 -0.05964885247935362 -0.7027112751363342 0
1669 -0.03263250111034055 -0.6632400962567364 0
1670 0.8819021575234693 0.262097485039547 0
1671 -0.262097485039547 0.8819021575234693 0
1672 -0.8819021575234693 -0.262097485039547 0
1673 0.262097485039547 -0.8819021575234693 0
1674 0.5134852600395461 0.551677889713339 0
1675 0.5212542103973699 0.5970364021356018 0
1676 0.4756811063135146 0.5816597013645082 0
1677 -0.551677889713339 0.5134852600395461 0
1678 -0.5970364021356018 0.5212542103973699 0
1679 -0.5816597013645082 0.4756811063135146 0
1680 -0.5134852600395461 -0.551677889713339 0
1681 -0.5212542103973699 -0.5970364021356018 0
1682 -0.4756811063135146 -0.5816597013645082 0
1683 0.551677889713339 -0.5134852600395461 0
1684 0.5970364021356018 -0.5212542103973699 0
1685 0.5816597013645082 -0.4756811063135146 0
1686 0.770096694149319 0.2024576521285328 0
1687 -0.2024576521285328 0.770096694149319 0
1688 -0.770096694149319 -0.2024576521285328 0
1689 0.2024576521285328 -0.770096694149319 0
1690 0.5294467365563639 0.4221858728613904 0
1691 -0.4221858728613904 0.5294467365563639 0
1692 -0.5294467365563639 -0.4221858728613904 0
1693 0.4221858728613904 -0.5294467365563639 0
1694 0.6603093447079658 -0.1332179385779968 0
1695 0.1332179385779968 0.6603093447079658 0
1696 -0.6603093447079658 0.1332179385779968 0
1697 -0.1332179385779968 -0.6603093447079658 0
1698 0.5505067550064099 0.5195044648174744 0
1699 -0.5195044648174744 0.5505067550064099 0
1700 -0.5505067550064099 -0.5195044648174744 0
1701 0.5195044648174744 -0.5505067550064099 0
1702 0.4861428505383582 0.7413616949853624 0
1703 -0.7413616949853624 0.4861428505383582 0
1704 -0.4861428505383582 -0.7413616949853624 0
1705 0.7413616949853624 -0.4861428505383582 0
1706 0.593162160547734 0.4643640889512789 0
1707 0.581322880253158 0.4997160115670551 0
1708 -0.4643640889512789 0.593162160547734 0
1709 -0.4997160115670551 0.581322880253158 0
1710 -0.593162160547734 -0.4643640889512789 0
1711 -0.581322880253158 -0.4997160115670551 0
1712 0.4643640889512789 -0.593162160547734 0
1713 0.4997160115670551 -0.581322880253158 0
1714 0.7143898106427322 0.2804210125329066 0
1715 -0.2804210125329066 0.7143898106427322 0
1716 -0.7143898106427322 -0.2804210125329066 0
1717 0.2804210125329066 -0.7143898106427322 0
1718 0.7418619635351895 0.2401571899817365 0
1719 -0.2401571899817365 0.7418619635351895 0
1720 -0.7418619635351895 -0.2401571899817365 0
1721 0.2401571899817365 -0.7418619635351895 0
1722 0.6140104568767083 0.07827171705082242 0
1723 -0.07827171705082242 0.6140104568767083 0
1724 -0.6140104568767083 -0.07827171705082242 0
1725 0.07827171705082242 -0.6140104568767083 0
1726 0.1437477762503193 0.7018678121557036 0
1727 0.1869041880658119 0.7336447222758542 0
1728 -0.7018678121557036 0.1437477762503193 0
1729 -0.7336447222758542 0.1869041880658119 0
1730 -0.1437477762503193 -0.7018678121557036 0
1731 -0.1869041880658119 -0.7336447222758542 0
1732 0.7018678121557036 -0.1437477762503193 0
1733 0.7336447222758542 -0.1869041880658119 0
1734 0.5607581101252597 0.4438293036194098 0
1735 0.6119651247835751 0.4362390534201726 0
1736 -0.4438293036194098 0.5607581101252597 0
1737 -0.4362390534201726 0.6119651247835751 0
1738 -0.5607581101252597 -0.4438293036194098 0
1739 -0.6119651247835751 -0.4362390534201726 0
1740 0.4438293036194098 -0.5607581101252597 0
1741 0.4362390534201726 -0.6119651247835751 0
1742 0.5972713617433636 0.3886878779833471 0
1743 -0.3886878779833471 0.5972713617433636 0
1744 -0.5972713617433636 -0.3886878779833471 0
1745 0.3886878779833471 -0.5972713617433636 0
1746 0.2083144849635353 0.6860911412059321 0
1747 -0.6860911412059321 0.2083144849635353 0
1748 -0.2083144849635353 -0.6860911412059321 0
1749 0.6860911412059321 -0.2083144849635353 0
1750 0.8851908072967853 -0.0002910083623814952 0
1751 0.9227556090936201 0.0005417052523992924 0
1752 0.8953151716934986 0.0454118025522206 0
1753 0.0002910083623814952 0.8851908072967853 0
1754 -0.0005417052523992924 0.9227556090936201 0
1755 -0.0454118025522206 0.8953151716934986 0
1756 -0.8851908072967853 0.0002910083623814952 0
1757 -0.9227556090936201 -0.0005417052523992924 0
1758 -0.8953151716934986 -0.0454118025522206 0
1759 -0.0002910083623814952 -0.8851908072967853 0
1760 0.0005417052523992924 -0.9227556090936201 0
1761 0.0454118025522206 -0.8953151716934986 0
1762 0.621666880744639 -0.00734126926538034 0
1763 0.00734126926538034 0.621666880744639 0
1764 -0.621666880744639 0.00734126926538034 0
1765 -0.00734126926538034 -0.621666880744639 0
1766 0.7733169670398083 0.4208239051490851 0
1767 -0.4208239051490851 0.7733169670398083 0
1768 -0.7733169670398083 -0.4208239051490851 0
1769 0.4208239051490851 -0.7733169670398083 0
1770 0.8497732986902187 0.007966326399588337 0
1771 -0.007966326399588337 0.8497732986902187 0
1772 -0.8497732986902187 -0.007966326399588337 0
1773 0.007966326399588337 -0.8497732986902187 0
1774 0.915856749849086 0.09001598658723302 0
1775 -0.09001598658723302 0.915856749849086 0
1776 -0.915856749849086 -0.09001598658723302 0
1777 0.09001598658723302 -0.915856749849086 0
1778 0.559976501321656 0.6106378728178253 0
1779 -0.6106378728178253 0.559976501321656 0
1780 -0.559976501321656 -0.6106378728178253 0
1781 0.6106378728178253 -0.559976501321656 0
1782 0.598496946685963 0.583314203966478 0
1783 -0.583314203966478 0.598496946685963 0
1784 -0.598496946685963 -0.583314203966478 0
1785 0.583314203966478 -0.598496946685963 0
1786 0.4734894401848653 0.8314601015088866 0
1787 -0.8314601015088866 0.4734894401848653 0
1788 -0.4734894401848653 -0.8314601015088866 0
1789 0.8314601015088866 -0.4734894401848653 0
1790 0.5155761882360925 0.806234275603578 0
1791 0.5176303961287776 0.7612194313512379 0
1792 -0.806234275603578 0.5155761882360925 0
1793 -0.7612194313512379 0.5176303961287776 0
1794 -0.5155761882360925 -0.806234275603578 0
1795 -0.5176303961287776 -0.7612194313512379 0
1796 0.806234275603578 -0.5155761882360925 0
1797 0.7612194313512379 -0.5176303961287776 0
1798 0.8160699100876611 0.03858517899312398 0
1799 -0.03858517899312398 0.8160699100876611 0
1800 -0.8160699100876611 -0.03858517899312398 0
1801 0.03858517899312398 -0.8160699100876611 0
1802 0.5898744893701494 0.5472661372340133 0
1803 -0.5472661372340133 0.5898744893701494 0
1804 -0.5898744893701494 -0.5472661372340133 0
1805 0.5472661372340133 -0.5898744893701494 0
1806 0.548249700792205 0.3940608373302841 0
1807 -0.3940608373302841 0.548249700792205 0
1808 -0.548249700792205 -0.3940608373302841 0
1809 0.3940608373302841 -0.548249700792205 0
1810 0.1675993599529512 0.6588096762161876 0
1811 -0.6588096762161876 0.1675993599529512 0
1812 -0.1675993599529512 -0.6588096762161876 0
1813 0.6588096762161876 -0.1675993599529512 0
1814 0.930014778018611 0.2577117857397105 0
1815 -0.2577117857397105 0.930014778018611 0
1816 -0.930014778018611 -0.2577117857397105 0
1817 0.2577117857397105 -0.930014778018611 0
1818 0.9419372504193073 0.210114607991679 0
1819 -0.210114607991679 0.9419372504193073 0
1820 -0.9419372504193073 -0.210114607991679 0
1821 0.210114607991679 -0.9419372504193073 0
1822 0.7680189722320644 0.4669303109785121 0
1823 -0.4669303109785121 0.7680189722320644 0
1824 -0.7680189722320644 -0.4669303109785121 0
1825 0.4669303109785121 -0.7680189722320644 0
1826 0.11782139252675 0.9597664184050814 0
1827 -0.9597664184050814 0.11782139252675 0
1828 -0.11782139252675 -0.9597664184050814 0
1829 0.9597664184050814 -0.11782139252675 0
1830 0.1663579832189174 0.9525666953156864 0
1831 0.1814796408703207 0.9042390013600725 0
1832 -0.9525666953156864 0.1663579832189174 0
1833 -0.9042390013600725 0.1814796408703207 0
1834 -0.1663579832189174 -0.9525666953156864 0
1835 -0.1814796408703207 -0.9042390013600725 0
1836 0.9525666953156864 -0.1663579832189174 0
1837 0.9042390013600725 -0.1814796408703207 0
1838 0.9664399867451667 0.0231222580835007 0
1839 -0.0231222580835007 0.9664399867451667 0
1840 -0.9664399867451667 -0.0231222580835007 0
1841 0.0231222580835007 -0.9664399867451667 0
1842 0.964032350070296 0.07213082835965337 0
1843 -0.07213082835965337 0.964032350070296 0
1844 -0.964032350070296 -0.07213082835965337 0
1845 0.07213082835965337 -0.964032350070296 0
1846 0.7604421751384444 0.5122683824654282 0
1847 0.816109551513882 0.5190375826333475 0
1848 -0.5122683824654282 0.7604421751384444 0
1849 -0.5190375826333475 0.816109551513882 0
1850 -0.7604421751384444 -0.5122683824654282 0
1851 -0.816109551513882 -0.5190375826333475 0
1852 0.5122683824654282 -0.7604421751384444 0
1853 0.5190375826333475 -0.816109551513882 0
1854 0.3497628448578146 0.9056642078181467 0
1855 0.3510229628072986 0.8558053889527375 0
1856 -0.9056642078181467 0.3497628448578146 0
1857 -0.8558053889527375 0.3510229628072986 0
1858 -0.3497628448578146 -0.9056642078181467 0
1859 -0.3510229628072986 -0.8558053889527375 0
1860 0.9056642078181467 -0.3497628448578146 0
1861 0.8558053889527375 -0.3510229628072986 0
1862 0.2710879476005994 0.8857893876336227 0
1863 0.3035634674260577 0.9221946093283055 0
1864 -0.8857893876336227 0.2710879476005994 0
1865 -0.9221946093283055 0.3035634674260577 0
1866 -0.2710879476005994 -0.8857893876336227 0
1867 -0.3035634674260577 -0.9221946093283055 0
1868 0.8857893876336227 -0.2710879476005994 0
1869 0.9221946093283055 -0.3035634674260577 0
1870 0.5966878187232638 0.7133670211261639 0
1871 0.6340451363417781 0.7291522860648876 0
1872 -0.7133670211261639 0.5966878187232638 0
1873 -0.7291522860648876 0.6340451363417781 0
1874 -0.5966878187232638 -0.7133670211261639 0
1875 -0.6340451363417781 -0.7291522860648876 0
1876 0.7133670211261639 -0.5966878187232638 0
1877 0.7291522860648876 -0.6340451363417781 0
1878 0.7361711778408661 0.6349050047935924 0
1879 0.7097333811073143 0.588724278974045 0
1880 -0.6349050047935924 0.7361711778408661 0
1881 -0.588724278974045 0.7097333811073143 0
1882 -0.7361711778408661 -0.6349050047935924 0
1883 -0.7097333811073143 -0.588724278974045 0
1884 0.6349050047935924 -0.7361711778408661 0
1885 0.588724278974045 -0.7097333811073143 0
1886 0.3021575371006431 0.8539406626486727 0
1887 -0.8539406626486727 0.3021575371006431 0
1888 -0.3021575371006431 -0.8539406626486727 0
1889 0.8539406626486727 -0.3021575371006431 0
1890 0.6509386202795007 0.1071191124562243 0
1891 -0.1071191124562243 0.6509386202795007 0
1892 -0.6509386202795007 -0.1071191124562243 0
1893 0.1071191124562243 -0.6509386202795007 0
1894 0.6704018848049714 0.6962004501610376 0
1895 -0.6962004501610376 0.6704018848049714 0
1896 -0.6704018848049714 -0.6962004501610376 0
1897 0.6962004501610376 -0.6704018848049714 0
1898 0.70321934158544 0.6712617533326919 0
1899 -0.6712617533326919 0.70321934158544 0
1900 -0.70321934158544 -0.6712617533326919 0
1901 0.6712617533326919 -0.70321934158544 0
1902 -0.9295918250391015 0.5571758956736662 0
1903 -0.5571758956736662 -0.9295918250391015 0
1904 0.9295918250391015 -0.5571758956736662 0
1905 0.5571758956736662 0.9295918250391016 0
1906 0.9295918236986455 0.557175898808849 0
1907 -0.557175898808849 0.9295918236986455 0
1908 -0.9295918236986455 -0.557175898808849 0
1909 0.557175898808849 -0.9295918236986455 0
1910 1.082477696618223 -0.05317871901737869 0
1911 -1.082477696618223 0.05317871901737869 0
1912 -0.05317871901737869 -1.082477696618223 0
1913 0.0531787190173786 1.082477696618223 0
1914 1.074757144951741 0.0528052269099777 0
1915 -1.074757144951741 -0.0528052269099777 0
1916 0.0528052269099777 -1.074757144951741 0
1917 -0.05280522690997771 1.074757144951741 0
1918 0.1513663815180964 1.077750012947846 0
1919 -1.077750012947846 0.1513663815180965 0
1920 -0.1513663815180965 -1.077750012947846 0
1921 1.077750012947846 -0.1513663815180965 0
1922 0.8644970690174865 0.6411715824993671 0
1923 -0.6411715824993671 0.8644970690174865 0
1924 -0.8644970690174865 -0.6411715824993671 0
1925 0.6411715824993671 -0.8644970690174865 0
1926 0.9802112289118518 0.4729091761475707 0
1927 -0.4729091761475707 0.9802112289118518 0
1928 -0.9802112289118518 -0.4729091761475707 0
1929 0.4729091761475707 -0.9802112289118518 0
1930 -0.9728398666661369 0.4601083071012437 0
1931 -0.4601083071012437 -0.9728398666661369 0
1932 0.9728398666661369 -0.4601083071012437 0
1933 0.4601083071012437 0.9728398666661369 0
1934 0.6415412831565965 0.8791370331847027 0
1935 -0.8791370331847027 0.6415412831565965 0
1936 -0.6415412831565965 -0.8791370331847027 0
1937 0.8791370331847027 -0.6415412831565965 0
1938 1.06108075918411 0.1575130273240812 0
1939 -0.1575130273240811 1.06108075918411 0
1940 -1.06108075918411 -0.1575130273240811 0
1941 0.1575130273240811 -1.06108075918411 0
1942 -1.010401772685313 0.3614000355797348 0
1943 -0.3614000355797348 -1.010401772685313 0
1944 1.010401772685313 -0.3614000355797348 0
1945 0.3614000355797348 1.010401772685313 0
1946 -0.3623480848605837 1.007171212960676 0
1947 -1.007171212960676 -0.3623480848605837 0
1948 0.3623480848605837 -1.007171212960676 0
1949 1.007171212960676 0.3623480848605838 0
1950 0.717853569473331 0.7947761640368876 0
1951 -0.7947761640368876 0.717853569473331 0
1952 -0.717853569473331 -0.7947761640368876 0
1953 0.7947761640368876 -0.717853569473331 0
1954 0.7906395675258755 0.7169591095433556 0
1955 -0.7169591095433556 0.7906395675258755 0
1956 -0.7906395675258755 -0.7169591095433556 0
1957 0.7169591095433556 -0.7906395675258755 0
1958 0.2577643555874009 1.037539602952688 0
1959 -1.037539602952688 0.257764355587401 0
1960 -0.257764355587401 -1.037539602952688 0
1961 1.037539602952688 -0.257764355587401 0
1962 1.034466235319403 0.2594358602864945 0
1963 -0.2594358602864945 1.034466235319402 0
1964 -1.034466235319402 -0.2594358602864945 0
1965 0.2594358602864945 -1.034466235319402 0
1966 0.7992544910635071 0.8003725158032295 0
1967 -0.8003725158032295 0.7992544910635071 0
1968 -0.7992544910635071 -0.8003725158032295 0
1969 0.8003725158032295 -0.7992544910635071 0
1970 0.3258181710548994 1.083874195963267 0
1971 -1.083874195963267 0.3258181710548994 0
1972 -0.3258181710548994 -1.083874195963267 0
1973 1.083874195963267 -0.3258181710548994 0
1974 -0.3270445940663793 1.082618821830641 0
1975 -1.082618821830641 -0.3270445940663793 0
1976 0.3270445940663793 -1.082618821830641 0
1977 1.082618821830641 0.3270445940663794 0
1978 -1.110674600722157 0.2282742853027399 0
1979 -0.2282742853027399 -1.110674600722157 0
1980 1.110674600722157 -0.2282742853027399 0
1981 0.2282742853027396 1.110674600722157 0
1982 1.108371621812527 0.2244845302725053 0
1983 -0.2244845302725052 1.108371621812527 0
1984 -1.108371621812527 -0.2244845302725052 0
1985 0.2244845302725052 -1.108371621812527 0
1986 0.7250780487960211 0.8705219856172544 0
1987 -0.8705219856172544 0.7250780487960211 0
1988 -0.7250780487960211 -0.8705219856172544 0
1989 0.8705219856172544 -0.7250780487960211 0
1990 0.8706070148916012 0.7226654158656941 0
1991 -0.7226654158656941 0.8706070148916012 0
1992 -0.8706070148916012 -0.7226654158656941 0
1993 0.7226654158656941 -0.8706070148916012 0
1994 1.051995862126171 0.4205500167364227 0
1995 -0.4205500167364226 1.051995862126171 0
1996 -1.051995862126171 -0.4205500167364226 0
1997 0.4205500167364226 -1.051995862126171 0
1998 0.4330733553861498 1.045531571695808 0
1999 -1.045531571695808 0.4330733553861499 0
2000 -0.4330733553861499 -1.045531571695808 0
2001 1.045531571695808 -0.4330733553861499 0
2002 1.125150031613519 0.1108176057652486 0
2003 -0.1108176057652486 1.125150031613519 0
2004 -1.125150031613519 -0.1108176057652486 0
2005 0.1108176057652486 -1.125150031613519 0
2006 0.9394136607252017 0.627696142570026 0
2007 -0.627696142570026 0.9394136607252017 0
2008 -0.9394136607252017 -0.627696142570026 0
2009 0.627696142570026 -0.9394136607252017 0
2010 0.5323771510524826 0.9960075985782739 0
2011 -0.9960075985782739 0.5323771510524825 0
2012 -0.5323771510524825 -0.9960075985782739 0
2013 0.9960075985782739 -0.5323771510524825 0
2014 1.129207190993656 5.731543650320348e-11 0
2015 -1.129207190993656 -5.731543650320348e-11 0
2016 5.731543650320348e-11 -1.129207190993656 0
2017 -5.731547931778432e-11 1.129207190993656 0
2018 -1.139189544126422 0.07613696663147615 0
2019 -1.080113854783034 0.1022725502677376 0
2020 -1.136825702291234 0.1252307978818351 0
2021 -0.07613696663147615 -1.139189544126422 0
2022 -0.1022725502677376 -1.080113854783034 0
2023 -0.1252307978818351 -1.136825702291234 0
2024 1.139189544126422 -0.07613696663147615 0
2025 1.080113854783034 -0.1022725502677376 0
2026 1.136825702291234 -0.1252307978818351 0
2027 0.07613696663147611 1.139189544126422 0
2028 0.1022725502677375 1.080113854783035 0
2029 0.125230797881835 1.136825702291234 0
2030 0.6067568418837305 0.9670958000170857 0
2031 0.5993585894151314 0.9043644291119022 0
2032 0.6489395356251957 0.9418684040898864 0
2033 -0.9670958000170857 0.6067568418837305 0
2034 -0.9043644291119022 0.5993585894151314 0
2035 -0.9418684040898864 0.6489395356251957 0
2036 -0.6067568418837305 -0.9670958000170857 0
2037 -0.5993585894151314 -0.9043644291119022 0
2038 -0.6489395356251957 -0.9418684040898864 0
2039 0.9670958000170857 -0.6067568418837305 0
2040 0.9043644291119022 -0.5993585894151314 0
2041 0.9418684040898864 -0.6489395356251957 0
2042 0.9924801621899904 0.5641563859348079 0
2043 0.9549015263052486 0.5150425374782098 0
2044 1.017789864796594 0.5220230246041687 0
2045 -0.5641563859348079 0.9924801621899904 0
2046 -0.5150425374782098 0.9549015263052486 0
2047 -0.5220230246041687 1.017789864796594 0
2048 -0.9924801621899904 -0.5641563859348079 0
2049 -0.9549015263052486 -0.5150425374782098 0
2050 -1.017789864796594 -0.5220230246041687 0
2051 0.5641563859348079 -0.9924801621899904 0
2052 0.5150425374782098 -0.9549015263052486 0
2053 0.5220230246041687 -1.017789864796594 0
2054 -1.130691788564178 0.1744399446361138 0
2055 -0.1744399446361138 -1.130691788564178 0
2056 1.130691788564178 -0.1744399446361138 0
2057 0.1744399446361138 1.130691788564178 0
2058 0.6892982683029865 0.9130528229222115 0
2059 -0.9130528229222115 0.6892982683029865 0
2060 -0.6892982683029865 -0.9130528229222115 0
2061 0.9130528229222115 -0.6892982683029865 0
2062 0.9973910807032684 0.5994165078153963 0
2063 0.9345027422119236 0.5924360206894375 0
2064 -0.5994165078153963 0.9973910807032684 0
2065 -0.5924360206894375 0.9345027422119236 0
2066 -0.9973910807032684 -0.5994165078153963 0
2067 -0.9345027422119236 -0.5924360206894375 0
2068 0.5994165078153963 -0.9973910807032684 0
2069 0.5924360206894375 -0.9345027422119236 0
2070 1.039569610164876 0.4774718435132143 0
2071 -0.4774718435132143 1.039569610164876 0
2072 -1.039569610164876 -0.4774718435132143 0
2073 0.4774718435132143 -1.039569610164876 0
2074 0.9720067168154656 0.6420169669308972 0
2075 -0.6420169669308972 0.9720067168154656 0
2076 -0.9720067168154656 -0.6420169669308972 0
2077 0.6420169669308972 -0.9720067168154656 0
2078 -1.000303686786672 0.5943574695731386 0
2079 -0.9627997118086877 0.5447765233630744 0
2080 -0.5943574695731386 -1.000303686786672 0
2081 -0.5447765233630744 -0.9627997118086877 0
2082 1.000303686786672 -0.5943574695731386 0
2083 0.9627997118086877 -0.5447765233630744 0
2084 0.5943574695731386 1.000303686786672 0
2085 0.5447765233630744 0.9627997118086877 0
2086 -1.162554291314139 0.04954760709412909 0
2087 -1.10584244380594 0.02658935948003163 0
2088 -0.04954760709412909 -1.162554291314139 0
2089 -0.02658935948003163 -1.10584244380594 0
2090 1.162554291314139 -0.04954760709412909 0
2091 1.10584244380594 -0.02658935948003163 0
2092 0.04954760709412906 1.162554291314139 0
2093 0.02658935948003156 1.10584244380594 0
2094 1.016103545519011 0.4467295964419967 0
2095 1.075461926772036 0.4512922638076403 0
2096 -0.4467295964419966 1.016103545519011 0
2097 -0.4512922638076402 1.075461926772036 0
2098 -1.016103545519011 -0.4467295964419966 0
2099 -1.075461926772036 -0.4512922638076402 0
2100 0.4467295964419966 -1.016103545519011 0
2101 0.4512922638076402 -1.075461926772036 0
2102 -1.029267646735367 0.1732283514663326 0
2103 -1.009162441737788 0.2264273385009848 0
2104 -1.057644807950267 0.2045653685527487 0
2105 -0.1732283514663326 -1.029267646735367 0
2106 -0.2264273385009848 -1.009162441737788 0
2107 -0.2045653685527487 -1.057644807950267 0
2108 1.029267646735367 -0.1732283514663326 0
2109 1.009162441737788 -0.2264273385009848 0
2110 1.057644807950267 -0.2045653685527487 0
2111 0.1732283514663325 1.029267646735367 0
2112 0.2264273385009847 1.009162441737788 0
2113 0.2045653685527486 1.057644807950267 0
2114 0.6379672829017773 0.8260737438960765 0
2115 0.6761234260601445 0.7838933093221689 0
2116 0.6796974263149638 0.8369565986107952 0
2117 -0.8260737438960765 0.6379672829017773 0
2118 -0.7838933093221689 0.6761234260601445 0
2119 -0.8369565986107952 0.6796974263149638 0
2120 -0.6379672829017773 -0.8260737438960765 0
2121 -0.6761234260601445 -0.7838933093221689 0
2122 -0.6796974263149638 -0.8369565986107952 0
2123 0.8260737438960765 -0.6379672829017773 0
2124 0.7838933093221689 -0.6761234260601445 0
2125 0.8369565986107952 -0.6796974263149638 0
2126 0.9520453804968205 0.4277963047747796 0
2127 0.9655253725212327 0.3725157591312862 0
2128 0.9936912209362641 0.4176286305040773 0
2129 -0.4277963047747796 0.9520453804968205 0
2130 -0.3725157591312862 0.9655253725212327 0
2131 -0.4176286305040772 0.9936912209362641 0
2132 -0.9520453804968205 -0.4277963047747796 0
2133 -0.9655253725212327 -0.3725157591312862 0
2134 -0.9936912209362641 -0.4176286305040772 0
2135 0.4277963047747796 -0.9520453804968205 0
2136 0.3725157591312862 -0.9655253725212327 0
2137 0.4176286305040772 -0.9936912209362641 0
2138 -1.025688050426154 0.5517570105851002 0
2139 -0.5517570105851002 -1.025688050426154 0
2140 1.025688050426154 -0.5517570105851002 0
2141 0.5517570105851002 1.025688050426154 0
2142 1.160525711600805 0.104956410286182 0
2143 1.127178611303588 0.05540880291128201 0
2144 1.162554291290873 0.04954760743221543 0
2145 -1.160525711600805 -0.104956410286182 0
2146 -1.127178611303588 -0.05540880291128201 0
2147 -1.162554291290873 -0.04954760743221543 0
2148 0.104956410286182 -1.160525711600805 0
2149 0.05540880291128201 -1.127178611303588 0
2150 0.04954760743221543 -1.162554291290873 0
2151 -0.104956410286182 1.160525711600805 0
2152 -0.05540880291128204 1.127178611303588 0
2153 -0.04954760743221544 1.162554291290873 0
2154 0.6833096659763088 0.8748295094009786 0
2155 0.7310666511226989 0.9087452991384873 0
2156 -0.8748295094009786 0.6833096659763088 0
2157 -0.9087452991384873 0.7310666511226989 0
2158 -0.6833096659763088 -0.8748295094009786 0
2159 -0.7310666511226989 -0.9087452991384873 0
2160 0.8748295094009786 -0.6833096659763088 0
2161 0.9087452991384873 -0.7310666511226989 0
2162 -2.865773965889216e-11 1.164603595496828 0
2163 1.164603595496828 2.865771825160174e-11 0
2164 -1.164603595496828 -2.865771825160174e-11 0
2165 2.865771825160174e-11 -1.164603595496828 0
2166 -1.072229782159348 0.4575539317589543 0
2167 -1.020769585137041 0.4827252532193162 0
2168 -1.047467795600582 0.5072058295921207 0
2169 -0.4575539317589543 -1.072229782159348 0
2170 -0.4827252532193162 -1.020769585137041 0
2171 -0.5072058295921207 -1.047467795600582 0
2172 1.072229782159348 -0.4575539317589543 0
2173 1.020769585137041 -0.4827252532193162 0
2174 1.047467795600582 -0.5072058295921207 0
2175 0.4575539317589543 1.072229782159348 0
2176 0.4827252532193162 1.020769585137041 0
2177 0.5072058295921207 1.047467795600582 0
2178 1.029583537543424 0.3914490507985032 0
2179 -0.3914490507985031 1.029583537543424 0
2180 -1.029583537543424 -0.3914490507985031 0
2181 0.3914490507985031 -1.029583537543424 0
2182 0.7214658091346761 0.832649074827071 0
2183 -0.832649074827071 0.7214658091346761 0
2184 -0.7214658091346761 -0.832649074827071 0
2185 0.832649074827071 -0.7214658091346761 0
2186 0.1246917607741651 1.036467369824762 0
2187 -1.036467369824762 0.1246917607741652 0
2188 -0.1246917607741652 -1.036467369824762 0
2189 1.036467369824762 -0.1246917607741652 0
2190 0.598555757390578 0.8553033232096928 0
2191 -0.8553033232096928 0.598555757390578 0
2192 -0.598555757390578 -0.8553033232096928 0
2193 0.8553033232096928 -0.598555757390578 0
2194 0.9310662463011274 0.4721529571022548 0
2195 -0.4721529571022548 0.9310662463011274 0
2196 -0.9310662463011274 -0.4721529571022548 0
2197 0.4721529571022548 -0.9310662463011274 0
2198 -1.094212306835002 0.1898203334104182 0
2199 -1.147154082451334 0.2128938965284355 0
2200 -0.1898203334104182 -1.094212306835002 0
2201 -0.2128938965284355 -1.147154082451334 0
2202 1.094212306835002 -0.1898203334104182 0
2203 1.147154082451334 -0.2128938965284355 0
2204 0.189820333410418 1.094212306835002 0
2205 0.2128938965284354 1.147154082451334 0
2206 0.712480174523338 0.7509414734183189 0
2207 0.7488731735496101 0.7120329461715529 0
2208 0.7542465684996033 0.7558676367901216 0
2209 -0.7509414734183189 0.712480174523338 0
2210 -0.7120329461715529 0.7488731735496101 0
2211 -0.7558676367901216 0.7542465684996033 0
2212 -0.712480174523338 -0.7509414734183189 0
2213 -0.7488731735496101 -0.7120329461715529 0
2214 -0.7542465684996033 -0.7558676367901216 0
2215 0.7509414734183189 -0.712480174523338 0
2216 0.7120329461715529 -0.7488731735496101 0
2217 0.7558676367901216 -0.7542465684996033 0
2218 -0.3263163814362577 0.9820557742315547 0
2219 -0.2748602691492131 0.9957032854109177 0
2220 -0.3108919725735391 1.020818724140039 0
2221 -0.9820557742315547 -0.3263163814362577 0
2222 -0.9957032854109177 -0.2748602691492131 0
2223 -1.020818724140039 -0.3108919725735391 0
2224 0.3263163814362577 -0.9820557742315547 0
2225 0.2748602691492131 -0.9957032854109177 0
2226 0.3108919725735391 -1.020818724140039 0
2227 0.9820557742315547 0.3263163814362579 0
2228 0.9957032854109178 0.2748602691492131 0
2229 1.020818724140039 0.3108919725735392 0
2230 -0.9836710543431695 0.3258423559740133 0
2231 -1.023970687819 0.3095821955835679 0
2232 -0.9972399694768568 0.2740245159778464 0
2233 -0.3258423559740133 -0.9836710543431695 0
2234 -0.3095821955835679 -1.023970687819 0
2235 -0.2740245159778464 -0.9972399694768568 0
2236 0.9836710543431695 -0.3258423559740133 0
2237 1.023970687819 -0.3095821955835679 0
2238 0.9972399694768568 -0.2740245159778464 0
2239 0.3258423559740133 0.9836710543431694 0
2240 0.3095821955835678 1.023970687819 0
2241 0.2740245159778464 0.9972399694768568 0
2242 0.8187537605508417 0.6377824341104591 0
2243 0.827568318271681 0.6790653460213614 0
2244 0.7818250098050362 0.6756761976324533 0
2245 -0.6377824341104591 0.8187537605508417 0
2246 -0.6790653460213614 0.827568318271681 0
2247 -0.6756761976324533 0.7818250098050362 0
2248 -0.8187537605508417 -0.6377824341104591 0
2249 -0.827568318271681 -0.6790653460213614 0
2250 -0.7818250098050362 -0.6756761976324533 0
2251 0.6377824341104591 -0.8187537605508417 0
2252 0.6790653460213614 -0.827568318271681 0
2253 0.6756761976324533 -0.7818250098050362 0
2254 0.4213958691665247 0.9483596998234226 0
2255 0.4107541713404892 0.9916208196757249 0
2256 0.3720417334057702 0.9671406528330107 0
2257 -0.9483596998234226 0.4213958691665247 0
2258 -0.991620819675725 0.4107541713404892 0
2259 -0.9671406528330108 0.3720417334057702 0
2260 -0.4213958691665247 -0.9483596998234226 0
2261 -0.4107541713404892 -0.991620819675725 0
2262 -0.3720417334057702 -0.9671406528330108 0
2263 0.9483596998234226 -0.4213958691665247 0
2264 0.991620819675725 -0.4107541713404892 0
2265 0.9671406528330108 -0.3720417334057702 0
2266 1.020933019743968 0.1763016749199749 0
2267 1.047773497251756 0.2084744438052878 0
2268 1.007625757811614 0.2272630914011816 0
2269 -0.1763016749199749 1.020933019743968 0
2270 -0.2084744438052878 1.047773497251756 0
2271 -0.2272630914011816 1.007625757811614 0
2272 -1.020933019743968 -0.1763016749199749 0
2273 -1.047773497251756 -0.2084744438052878 0
2274 -1.007625757811614 -0.2272630914011816 0
2275 0.1763016749199749 -1.020933019743968 0
2276 0.2084744438052878 -1.047773497251756 0
2277 0.2272630914011816 -1.007625757811614 0
2278 0.880530717533307 0.556373066613572 0
2279 0.897044446358066 0.599173740654108 0
2280 0.8479833401927276 0.598370908458831 0
2281 -0.556373066613572 0.880530717533307 0
2282 -0.599173740654108 0.897044446358066 0
2283 -0.598370908458831 0.8479833401927276 0
2284 -0.880530717533307 -0.556373066613572 0
2285 -0.897044446358066 -0.599173740654108 0
2286 -0.8479833401927276 -0.598370908458831 0
2287 0.556373066613572 -0.880530717533307 0
2288 0.599173740654108 -0.897044446358066 0
2289 0.598370908458831 -0.8479833401927276 0
2290 0.5142863155978856 0.9057565450422009 0
2291 0.5086421013874549 0.9512158458526192 0
2292 0.4657525213116744 0.9273805658557186 0
2293 -0.9057565450422009 0.5142863155978856 0
2294 -0.9512158458526192 0.5086421013874549 0
2295 -0.9273805658557186 0.4657525213116744 0
2296 -0.5142863155978856 -0.9057565450422009 0
2297 -0.5086421013874549 -0.9512158458526192 0
2298 -0.4657525213116744 -0.9273805658557186 0
2299 0.9057565450422009 -0.5142863155978856 0
2300 0.9512158458526192 -0.5086421013874549 0
2301 0.9273805658557186 -0.4657525213116744 0
2302 1.041238848309112 -0.02658935950868934 0
2303 1.078617420784982 -0.000186746053700497 0
2304 1.037378572475871 0.02640261345498885 0
2305 -1.041238848309112 0.02658935950868934 0
2306 -1.078617420784982 0.000186746053700497 0
2307 -1.037378572475871 -0.02640261345498885 0
2308 -0.02658935950868934 -1.041238848309112 0
2309 -0.000186746053700497 -1.078617420784982 0
2310 0.02640261345498885 -1.037378572475871 0
2311 0.0265893595086893 1.041238848309112 0
2312 0.0001867460537004415 1.078617420784982 0
2313 -0.02640261345498886 1.037378572475871 0
2314 1.034970935801 0.07541118373114153 0
2315 1.067918952067926 0.1051591271170294 0
2316 1.028132742917184 0.1277650839381932 0
2317 -1.034970935801 -0.07541118373114153 0
2318 -1.067918952067926 -0.1051591271170294 0
2319 -1.028132742917184 -0.1277650839381932 0
2320 0.07541118373114153 -1.034970935801 0
2321 0.1051591271170294 -1.067918952067926 0
2322 0.1277650839381932 -1.028132742917184 0
2323 -0.07541118373114153 1.034970935801 0
2324 -0.1051591271170294 1.067918952067926 0
2325 -0.1277650839381932 1.028132742917184 0
2326 0.2430193204450702 1.074107101837422 0
2327 -1.074107101837422 0.2430193204450704 0
2328 -0.2430193204450704 -1.074107101837422 0
2329 1.074107101837422 -0.2430193204450704 0
2330 0.9087878124054649 0.729860336417963 0
2331 0.9050103378084015 0.6751807792178601 0
2332 0.9431911353222651 0.6823756997701289 0
2333 -0.729860336417963 0.9087878124054649 0
2334 -0.6751807792178601 0.9050103378084015 0
2335 -0.6823756997701289 0.9431911353222651 0
2336 -0.9087878124054649 -0.729860336417963 0
2337 -0.9050103378084015 -0.6751807792178601 0
2338 -0.9431911353222651 -0.6823756997701289 0
2339 0.729860336417963 -0.9087878124054649 0
2340 0.6751807792178601 -0.9050103378084015 0
2341 0.6823756997701289 -0.9431911353222651 0
2342 1.108799755748028 0.3583419791026728 0
2343 1.093488275895793 0.4050946904376944 0
2344 1.067307341978406 0.373797305401401 0
2345 -0.3583419791026727 1.108799755748028 0
2346 -0.4050946904376944 1.093488275895793 0
2347 -0.3737973054014009 1.067307341978406 0
2348 -1.108799755748028 -0.3583419791026727 0
2349 -1.093488275895793 -0.4050946904376944 0
2350 -1.067307341978406 -0.3737973054014009 0
2351 0.3583419791026727 -1.108799755748028 0
2352 0.4050946904376944 -1.093488275895793 0
2353 0.3737973054014009 -1.067307341978406 0
2354 1.044895017395658 0.3446963394634817 0
2355 -0.3446963394634814 1.044895017395658 0
2356 -1.044895017395658 -0.3446963394634814 0
2357 0.3446963394634814 -1.044895017395658 0
2358 0.8059961875883301 0.8416206051513713 0
2359 0.7689079664545871 0.8766953400583837 0
2360 0.7621662699297641 0.835447250710242 0
2361 -0.8416206051513713 0.8059961875883301 0
2362 -0.8766953400583837 0.7689079664545871 0
2363 -0.835447250710242 0.7621662699297641 0
2364 -0.8059961875883301 -0.8416206051513713 0
2365 -0.7689079664545871 -0.8766953400583837 0
2366 -0.7621662699297641 -0.835447250710242 0
2367 0.8416206051513713 -0.8059961875883301 0
2368 0.8766953400583837 -0.7689079664545871 0
2369 0.835447250710242 -0.7621662699297641 0
2370 0.7585540302684191 0.7975743399200586 0
2371 -0.7975743399200586 0.7585540302684191 0
2372 -0.7585540302684191 -0.7975743399200586 0
2373 0.7975743399200586 -0.7585540302684191 0
2374 0.3102003773699982 1.123577257657144 0
2375 0.2614284344939183 1.136977460036589 0
2376 0.2770462281788195 1.097274398342712 0
2377 -1.123577257657144 0.3102003773699983 0
2378 -1.136977460036589 0.2614284344939185 0
2379 -1.097274398342712 0.2770462281788196 0
2380 -0.3102003773699983 -1.123577257657144 0
2381 -0.2614284344939185 -1.136977460036589 0
2382 -0.2770462281788196 -1.097274398342712 0
2383 1.123577257657144 -0.3102003773699983 0
2384 1.136977460036589 -0.2614284344939185 0
2385 1.097274398342712 -0.2770462281788196 0
2386 -1.060706899457978 0.2917912633211502 0
2387 -0.2917912633211502 -1.060706899457978 0
2388 1.060706899457978 -0.2917912633211502 0
2389 0.2917912633211501 1.060706899457978 0
2390 1.146002592906413 0.2109990195532891 0
2391 1.116760826713023 0.1676510680188769 0
2392 1.154391797806909 0.1541655572996608 0
2393 -0.2109990195532891 1.146002592906413 0
2394 -0.1676510680188769 1.116760826713023 0
2395 -0.1541655572996608 1.154391797806909 0
2396 -1.146002592906413 -0.2109990195532891 0
2397 -1.116760826713023 -0.1676510680188769 0
2398 -1.154391797806909 -0.1541655572996608 0
2399 0.2109990195532891 -1.146002592906413 0
2400 0.1676510680188769 -1.116760826713023 0
2401 0.1541655572996608 -1.154391797806909 0
2402 -1.109427443210635 0.3577287664425688 0
2403 -1.064702883829537 0.3794457632205246 0
2404 -1.090256131076905 0.4113563586081941 0
2405 -0.3577287664425688 -1.109427443210635 0
2406 -0.3794457632205246 -1.064702883829537 0
2407 -0.4113563586081941 -1.090256131076905 0
2408 1.109427443210635 -0.3577287664425688 0
2409 1.064702883829537 -0.3794457632205246 0
2410 1.090256131076905 -0.4113563586081941 0
2411 0.3577287664425688 1.109427443210635 0
2412 0.3794457632205246 1.064702883829538 0
2413 0.411356358608194 1.090256131076905 0
2414 1.038831211659951 -0.0755979295238063 0
2415 0.07559792952380626 1.038831211659951 0
2416 -1.038831211659951 0.0755979295238063 0
2417 -0.0755979295238063 -1.038831211659951 0
2418 0.5563730636491129 0.8805307191368923 0
2419 -0.8805307191368923 0.5563730636491129 0
2420 -0.5563730636491129 -0.8805307191368923 0
2421 0.8805307191368923 -0.5563730636491129 0
2422 0.9057565436945243 0.514286318432894 0
2423 -0.514286318432894 0.9057565436945243 0
2424 -0.9057565436945243 -0.514286318432894 0
2425 0.514286318432894 -0.9057565436945243 0
2426 1.09995358828263 0.08181141633761314 0
2427 1.101982167972699 0.02640261348364657 0
2428 -1.09995358828263 -0.08181141633761314 0
2429 -1.101982167972699 -0.02640261348364657 0
2430 0.08181141633761314 -1.09995358828263 0
2431 0.02640261348364657 -1.101982167972699 0
2432 -0.08181141633761316 1.09995358828263 0
2433 -0.0264026134836466 1.101982167972699 0
2434 0.4465908312436968 1.009185719180972 0
2435 0.4962427290768632 0.9844237326222054 0
2436 -1.009185719180972 0.4465908312436968 0
2437 -0.9844237326222054 0.4962427290768631 0
2438 -0.4465908312436968 -1.009185719180972 0
2439 -0.4962427290768631 -0.9844237326222054 0
2440 1.009185719180972 -0.4465908312436968 0
2441 0.9844237326222054 -0.4962427290768631 0
2442 0.841061591080858 0.8065552018055921 0
2443 0.8349307529775541 0.7615189658344619 0
2444 0.876737852994905 0.7677016518368244 0
2445 -0.8065552018055921 0.841061591080858 0
2446 -0.7615189658344619 0.8349307529775541 0
2447 -0.7677016518368244 0.876737852994905 0
2448 -0.841061591080858 -0.8065552018055921 0
2449 -0.8349307529775541 -0.7615189658344619 0
2450 -0.876737852994905 -0.7677016518368244 0
2451 0.8065552018055921 -0.841061591080858 0
2452 0.7615189658344619 -0.8349307529775541 0
2453 0.7677016518368244 -0.876737852994905 0
2454 0.8675520419545438 0.6819184991825307 0
2455 0.9019553648713441 0.6344338625346966 0
2456 -0.6819184991825307 0.8675520419545438 0
2457 -0.6344338625346966 0.9019553648713441 0
2458 -0.8675520419545438 -0.6819184991825307 0
2459 -0.9019553648713441 -0.6344338625346966 0
2460 0.6819184991825307 -0.8675520419545438 0
2461 0.6344338625346966 -0.9019553648713441 0
2462 -0.3108135897125671 1.122949570378917 0
2463 -0.2757645621694422 1.095495221821584 0
2464 -0.2595335578156301 1.13582597036986 0
2465 -1.122949570378917 -0.3108135897125671 0
2466 -1.095495221821584 -0.2757645621694422 0
2467 -1.13582597036986 -0.2595335578156301 0
2468 0.3108135897125671 -1.122949570378917 0
2469 0.2757645621694422 -1.095495221821584 0
2470 0.2595335578156301 -1.13582597036986 0
2471 1.122949570378917 0.3108135897125672 0
2472 1.095495221821584 0.2757645621694423 0
2473 1.13582597036986 0.2595335578156301 0
2474 1.084726190498319 0.1909987787982932 0
2475 1.093115395398815 0.1341653165446649 0
2476 -0.1909987787982932 1.084726190498319 0
2477 -0.1341653165446648 1.093115395398815 0
2478 -1.084726190498319 -0.1909987787982932 0
2479 -1.093115395398815 -0.1341653165446648 0
2480 0.1909987787982932 -1.084726190498319 0
2481 0.1341653165446648 -1.093115395398815 0
2482 -1.04713798432429 0.3436091033173171 0
2483 -1.02796667219056 0.3972366954829423 0
2484 -0.3436091033173171 -1.04713798432429 0
2485 -0.3972366954829423 -1.02796667219056 0
2486 1.04713798432429 -0.3436091033173171 0
2487 1.02796667219056 -0.3972366954829423 0
2488 0.3436091033173171 1.04713798432429 0
2489 0.3972366954829423 1.02796667219056 0
2490 0.7949470292946913 0.7586658126732926 0
2491 0.8306232912087383 0.7198122627045249 0
2492 -0.7586658126732926 0.7949470292946913 0
2493 -0.7198122627045249 0.8306232912087383 0
2494 -0.7949470292946913 -0.7586658126732926 0
2495 -0.8306232912087383 -0.7198122627045249 0
2496 0.7586658126732926 -0.7949470292946913 0
2497 0.7198122627045249 -0.8306232912087383 0
2498 1.058542528575022 0.2932402271764369 0
2499 1.071418928565965 0.2419601952794999 0
2500 -0.2932402271764368 1.058542528575021 0
2501 -0.2419601952794998 1.071418928565965 0
2502 -1.058542528575021 -0.2932402271764368 0
2503 -1.071418928565965 -0.2419601952794998 0
2504 0.2932402271764368 -1.058542528575021 0
2505 0.2419601952794998 -1.071418928565965 0
$EndNodes
$Elements
1390
1 8 2 1 1 1 13 21
2 8 2 1 1 13 14 22
3 8 2 1 1 14 15 23
4 8 2 1 1 15 16 24
5 8 2 1 1 16 17 25
6 8 2 1 1 17 18 26
7 8 2 1 1 18 19 27
8 8 2 1 1 19 20 28
9 8 2 1 1 20 2 29
10 8 2 1 2 2 30 38
11 8 2 1 2 30 31 39
12 8 2 1 2 31 32 40
13 8 2 1 2 32 33 41
14 8 2 1 2 33 34 42
15 8 2 1 2 34 35 43
16 8 2 1 2 35 36 44
17 8 2 1 2 36 37 45
18 8 2 1 2 37 3 46
19 8 2 1 3 3 47 55
20 8 2 1 3 47 48 56
21 8 2 1 3 48 49 57
22 8 2 1 3 49 50 58
23 8 2 1 3 50 51 59
24 8 2 1 3 51 52 60
25 8 2 1 3 52 53 61
26 8 2 1 3 53 54 62
27 8 2 1 3 54 4 63
28 8 2 1 4 4 64 72
29 8 2 1 4 64 65 73
30 8 2 1 4 65 66 74
31 8 2 1 4 66 67 75
32 8 2 1 4 67 68 76
33 8 2 1 4 68 69 77
34 8 2 1 4 69 70 78
35 8 2 1 4 70 71 79
36 8 2 1 4 71 1 80
37 8 2 2 5 5 81 96
38 8 2 2 5 81 82 97
39 8 2 2 5 82 83 98
40 8 2 2 5 83 84 99
41 8 2 2 5 84 85 100
42 8 2 2 5 85 86 101
43 8 2 2 5 86 87 102
44 8 2 2 5 87 88 103
45 8 2 2 5 88 89 104
46 8 2 2 5 89 90 105
47 8 2 2 5 90 91 106
48 8 2 2 5 91 92 107
49 8 2 2 5 92 93 108
50 8 2 2 5 93 94 109
51 8 2 2 5 94 95 110
52 8 2 2 5 95 6 111
53 8 2 2 6 6 112 127
54 8 2 2 6 112 113 128
55 8 2 2 6 113 114 129
56 8 2 2 6 114 115 130
57 8 2 2 6 115 116 131
58 8 2 2 6 116 117 132
59 8 2 2 6 117 118 133
60 8 2 2 6 118 119 134
61 8 2 2 6 119 120 135
62 8 2 2 6 120 121 136
63 8 2 2 6 121 122 137
64 8 2 2 6 122 123 138
65 8 2 2 6 123 124 139
66 8 2 2 6 124 125 140
67 8 2 2 6 125 126 141
68 8 2 2 6 126 7 142
69 8 2 2 7 7 143 158
70 8 2 2 7 143 144 159
71 8 2 2 7 144 145 160
72 8 2 2 7 145 146 161
73 8 2 2 7 146 147 162
74 8 2 2 7 147 148 163
75 8 2 2 7 148 149 164
76 8 2 2 7 149 150 165
77 8 2 2 7 150 151 166
78 8 2 2 7 151 152 167
79 8 2 2 7 152 153 168
80 8 2 2 7 153 154 169
81 8 2 2 7 154 155 170
82 8 2 2 7 155 156 171
83 8 2 2 7 156 157 172
84 8 2 2 7 157 8 173
85 8 2 2 8 8 174 189
86 8 2 2 8 174 175 190
87 8 2 2 8 175 176 191
88 8 2 2 8 176 177 192
89 8 2 2 8 177 178 193
90 8 2 2 8 178 179 194
91 8 2 2 8 179 180 195
92 8 2 2 8 180 181 196
93 8 2 2 8 181 182 197
94 8 2 2 8 182 183 198
95 8 2 2 8 183 184 199
96 8 2 2 8 184 185 200
97 8 2 2 8 185 186 201
98 8 2 2 8 186 187 202
99 8 2 2 8 187 188 203
100 8 2 2 8 188 5 204
101 8 2 3 9 9 205 223
102 8 2 3 9 205 206 224
103 8 2 3 9 206 207 225
104 8 2 3 9 207 208 226
105 8 2 3 9 208 209 227
106 8 2 3 9 209 210 228
107 8 2 3 9 210 211 229
108 8 2 3 9 211 212 230
109 8 2 3 9 212 213 231
110 8 2 3 9 213 214 232
111 8 2 3 9 214 215 233
112 8 2 3 9 215 216 234
113 8 2 3 9 216 217 235
114 8 2 3 9 217 218 236
115 8 2 3 9 218 219 237
116 8 2 3 9 219 220 238
117 8 2 3 9 220 221 239
118 8 2 3 9 221 222 240
119 8 2 3 9 222 10 241
120 8 2 3 10 10 242 260
121 8 2 3 10 242 243 261
122 8 2 3 10 243 244 262
123 8 2 3 10 244 245 263
124 8 2 3 10 245 246 264
125 8 2 3 10 246 247 265
126 8 2 3 10 247 248 266
127 8 2 3 10 248 249 267
128 8 2 3 10 249 250 268
129 8 2 3 10 250 251 269
130 8 2 3 10 251 252 270
131 8 2 3 10 252 253 271
132 8 2 3 10 253 254 272
133 8 2 3 10 254 255 273
134 8 2 3 10 255 256 274
135 8 2 3 10 256 257 275
136 8 2 3 10 257 258 276
137 8 2 3 10 258 259 277
138 8 2 3 10 259 11 278
139 8 2 3 11 11 279 297
140 8 2 3 11 279 280 298
141 8 2 3 11 280 281 299
142 8 2 3 11 281 282 300
143 8 2 3 11 282 283 301
144 8 2 3 11 283 284 302
145 8 2 3 11 284 285 303
146 8 2 3 11 285 286 304
147 8 2 3 11 286 287 305
148 8 2 3 11 287 288 306
149 8 2 3 11 288 289 307
150 8 2 3 11 289 290 308
151 8 2 3 11 290 291 309
152 8 2 3 11 291 292 310
153 8 2 3 11 292 293 311
154 8 2 3 11 293 294 312
155 8 2 3 11 294 295 313
156 8 2 3 11 295 296 314
157 8 2 3 11 296 12 315
158 8 2 3 12 12 316 334
159 8 2 3 12 316 317 335
160 8 2 3 12 317 318 336
161 8 2 3 12 318 319 337
162 8 2 3 12 319 320 338
163 8 2 3 12 320 321 339
164 8 2 3 12 321 322 340
165 8 2 3 12 322 323 341
166 8 2 3 12 323 324 342
167 8 2 3 12 324 325 343
168 8 2 3 12 325 326 344
169 8 2 3 12 326 327 345
170 8 2 3 12 327 328 346
171 8 2 3 12 328 329 347
172 8 2 3 12 329 330 348
173 8 2 3 12 330 331 349
174 8 2 3 12 331 332 350
175 8 2 3 12 332 333 351
176 8 2 3 12 333 9 352
177 9 2 1 1 406 432 453 467 468 469
178 9 2 1 1 432 365 453 470 471 468
179 9 2 1 1 69 70 453 78 472 473
180 9 2 1 1 444 410 454 474 475 476
181 9 2 1 1 361 444 454 477 476 478
182 9 2 1 1 20 355 437 479 480 481
183 9 2 1 1 362 370 371 482 483 484
184 9 2 1 1 423 408 429 485 486 487
185 9 2 1 1 360 423 429 488 487 489
186 9 2 1 1 367 412 423 490 491 492
187 9 2 1 1 407 434 435 493 494 495
188 9 2 1 1 434 355 435 496 497 494
189 9 2 1 1 357 409 410 498 499 500
190 9 2 1 1 359 431 433 501 502 503
191 9 2 1 1 354 411 425 504 505 506
192 9 2 1 1 359 433 443 503 507 508
193 9 2 1 1 357 410 444 500 474 509
194 9 2 1 1 367 423 448 492 510 511
195 9 2 1 1 431 359 432 501 512 513
196 9 2 1 1 362 369 370 514 515 482
197 9 2 1 1 432 359 447 512 516 517
198 9 2 1 1 70 436 453 518 519 472
199 9 2 1 1 19 20 437 28 481 520
200 9 2 1 1 354 425 436 506 521 522
201 9 2 1 1 365 69 453 523 473 471
202 9 2 1 1 409 357 466 498 524 525
203 9 2 1 1 430 356 457 526 527 528
204 9 2 1 1 356 445 457 529 530 527
205 9 2 1 1 355 434 437 496 531 480
206 9 2 1 1 357 449 466 532 533 524
207 9 2 1 1 371 370 372 483 534 535
208 9 2 1 1 368 413 452 536 537 538
209 9 2 1 1 425 406 453 539 469 540
210 9 2 1 1 372 370 400 534 541 542
211 9 2 1 1 371 372 373 535 543 544
212 9 2 1 1 461 451 462 545 546 547
213 9 2 1 1 413 368 456 536 548 549
214 9 2 1 1 371 373 411 544 550 551
215 9 2 1 1 373 372 374 543 552 553
216 9 2 1 1 364 428 442 554 555 556
217 9 2 1 1 373 374 375 553 557 558
218 9 2 1 1 375 374 376 557 559 560
219 9 2 1 1 375 376 377 560 561 562
220 9 2 1 1 375 377 390 562 563 564
221 9 2 1 1 377 376 378 561 565 566
222 9 2 1 1 390 377 394 563 567 568
223 9 2 1 1 378 376 379 565 569 570
224 9 2 1 1 390 394 401 568 571 572
225 9 2 1 1 378 379 380 570 573 574
226 9 2 1 1 390 401 406 572 575 576
227 9 2 1 1 378 380 381 574 577 578
228 9 2 1 1 401 394 402 571 579 580
229 9 2 1 1 380 379 382 573 581 582
230 9 2 1 1 382 379 383 581 583 584
231 9 2 1 1 381 380 384 577 585 586
232 9 2 1 1 382 383 385 584 587 588
233 9 2 1 1 381 384 387 586 589 590
234 9 2 1 1 385 383 391 587 591 592
235 9 2 1 1 381 387 388 590 593 594
236 9 2 1 1 382 385 386 588 595 596
237 9 2 1 1 387 384 389 589 597 598
238 9 2 1 1 15 16 358 24 599 600
239 9 2 1 1 66 67 359 75 601 602
240 9 2 1 1 32 33 357 41 603 604
241 9 2 1 1 49 50 360 58 605 606
242 9 2 1 1 13 14 362 22 607 608
243 9 2 1 1 64 65 363 73 609 610
244 9 2 1 1 30 31 361 39 611 612
245 9 2 1 1 388 387 392 593 613 614
246 9 2 1 1 391 383 395 591 615 616
247 9 2 1 1 47 48 368 56 617 618
248 9 2 1 1 386 385 398 595 619 620
249 9 2 1 1 388 392 396 614 621 622
250 9 2 1 1 391 395 397 616 623 624
251 9 2 1 1 389 384 393 597 625 626
252 9 2 1 1 396 392 405 621 627 628
253 9 2 1 1 391 397 407 624 629 630
254 9 2 1 1 386 398 399 620 631 632
255 9 2 1 1 399 398 409 631 633 634
256 9 2 1 1 405 392 412 627 635 636
257 9 2 1 1 409 398 410 633 637 499
258 9 2 1 1 389 403 408 638 639 640
259 9 2 1 1 20 2 355 29 641 479
260 9 2 1 1 389 393 403 626 642 638
261 9 2 1 1 71 1 354 80 643 644
262 9 2 1 1 403 393 404 642 645 646
263 9 2 1 1 17 18 364 26 647 648
264 9 2 1 1 54 4 356 63 649 650
265 9 2 1 1 68 69 365 77 523 651
266 9 2 1 1 403 404 413 646 652 653
267 9 2 1 1 51 52 367 60 654 655
268 9 2 1 1 34 35 366 43 656 657
269 9 2 1 1 37 3 353 46 658 659
270 9 2 1 1 387 389 414 598 660 661
271 9 2 1 1 392 387 414 613 661 662
272 9 2 1 1 385 391 415 592 663 664
273 9 2 1 1 398 385 415 619 664 665
274 9 2 1 1 410 398 415 637 665 666
275 9 2 1 1 389 408 414 640 667 660
276 9 2 1 1 412 392 414 635 662 668
277 9 2 1 1 391 407 415 630 669 663
278 9 2 1 1 380 382 416 582 670 671
279 9 2 1 1 384 380 416 585 671 672
280 9 2 1 1 393 384 416 625 672 673
281 9 2 1 1 382 386 416 596 674 670
282 9 2 1 1 393 416 417 673 675 676
283 9 2 1 1 416 386 417 674 677 675
284 9 2 1 1 404 393 417 645 676 678
285 9 2 1 1 386 399 417 632 679 677
286 9 2 1 1 376 374 421 559 680 681
287 9 2 1 1 404 417 418 678 682 683
288 9 2 1 1 417 399 418 679 684 682
289 9 2 1 1 381 388 419 594 685 686
290 9 2 1 1 377 378 419 566 687 688
291 9 2 1 1 394 377 419 567 688 689
292 9 2 1 1 378 381 419 578 686 687
293 9 2 1 1 388 396 420 622 690 691
294 9 2 1 1 419 388 420 685 691 692
295 9 2 1 1 395 383 421 615 693 694
296 9 2 1 1 379 376 421 569 681 695
297 9 2 1 1 394 419 420 689 692 696
298 9 2 1 1 402 394 420 579 696 697
299 9 2 1 1 383 379 421 583 695 693
300 9 2 1 1 420 396 422 690 698 699
301 9 2 1 1 402 420 422 697 699 700
302 9 2 1 1 414 408 423 667 485 701
303 9 2 1 1 412 414 423 668 701 491
304 9 2 1 1 438 366 439 702 703 704
305 9 2 1 1 395 426 427 705 706 707
306 9 2 1 1 411 373 424 550 708 709
307 9 2 1 1 390 406 424 576 710 711
308 9 2 1 1 373 375 424 558 712 708
309 9 2 1 1 375 390 424 564 711 712
310 9 2 1 1 353 413 440 713 714 715
311 9 2 1 1 372 400 426 542 716 717
312 9 2 1 1 395 421 426 694 718 705
313 9 2 1 1 374 372 426 552 717 719
314 9 2 1 1 426 400 427 716 720 706
315 9 2 1 1 424 406 425 710 539 721
316 9 2 1 1 397 427 428 722 723 724
317 9 2 1 1 421 374 426 680 719 718
318 9 2 1 1 411 424 425 709 721 505
319 9 2 1 1 397 395 427 623 707 722
320 9 2 1 1 428 364 464 554 725 726
321 9 2 1 1 406 401 432 575 727 467
322 9 2 1 1 411 354 441 504 728 729
323 9 2 1 1 450 451 461 730 545 731
324 9 2 1 1 402 422 433 700 732 733
325 9 2 1 1 396 405 430 628 734 735
326 9 2 1 1 407 397 434 629 736 493
327 9 2 1 1 413 353 452 713 737 537
328 9 2 1 1 399 409 438 634 738 739
329 9 2 1 1 413 404 440 652 740 714
330 9 2 1 1 70 71 436 79 741 518
331 9 2 1 1 71 354 436 644 522 741
332 9 2 1 1 364 442 446 556 742 743
333 9 2 1 1 362 371 441 484 744 745
334 9 2 1 1 440 439 455 746 747 748
335 9 2 1 1 418 439 440 749 746 750
336 9 2 1 1 415 407 454 669 751 752
337 9 2 1 1 423 360 448 488 753 510
338 9 2 1 1 412 367 461 490 754 755
339 9 2 1 1 439 366 463 703 756 757
340 9 2 1 1 408 403 456 639 758 759
341 9 2 1 1 428 427 442 723 760 555
342 9 2 1 1 422 396 430 698 735 761
343 9 2 1 1 401 402 431 580 762 763
344 9 2 1 1 418 438 439 764 704 749
345 9 2 1 1 397 428 434 724 765 736
346 9 2 1 1 446 442 458 742 766 767
347 9 2 1 1 369 358 370 768 769 515
348 9 2 1 1 371 411 441 551 729 744
349 9 2 1 1 418 399 438 684 739 764
350 9 2 1 1 407 435 454 495 770 751
351 9 2 1 1 433 422 457 732 771 772
352 9 2 1 1 401 431 432 763 513 727
353 9 2 1 1 429 408 456 486 759 773
354 9 2 1 1 404 418 440 683 750 740
355 9 2 1 1 431 402 433 762 733 502
356 9 2 1 1 400 370 458 541 774 775
357 9 2 1 1 353 440 455 715 748 776
358 9 2 1 1 433 363 443 777 778 507
359 9 2 1 1 4 64 445 72 779 780
360 9 2 1 1 362 14 369 607 781 514
361 9 2 1 1 363 65 443 609 782 778
362 9 2 1 1 361 31 444 611 783 477
363 9 2 1 1 358 16 446 599 784 785
364 9 2 1 1 359 67 447 601 786 516
365 9 2 1 1 15 358 369 600 768 787
366 9 2 1 1 66 359 443 602 508 788
367 9 2 1 1 16 17 446 25 789 784
368 9 2 1 1 67 68 447 76 790 786
369 9 2 1 1 356 4 445 649 780 529
370 9 2 1 1 64 363 445 610 791 779
371 9 2 1 1 32 357 444 604 509 792
372 9 2 1 1 357 33 449 603 793 532
373 9 2 1 1 50 51 448 59 794 795
374 9 2 1 1 33 34 449 42 796 793
375 9 2 1 1 360 50 448 605 795 753
376 9 2 1 1 17 364 446 648 743 789
377 9 2 1 1 68 365 447 651 797 790
378 9 2 1 1 14 15 369 23 787 781
379 9 2 1 1 65 66 443 74 788 782
380 9 2 1 1 31 32 444 40 792 783
381 9 2 1 1 3 47 452 55 798 799
382 9 2 1 1 51 367 448 655 511 794
383 9 2 1 1 52 53 450 61 800 801
384 9 2 1 1 34 366 449 657 802 796
385 9 2 1 1 47 368 452 618 538 798
386 9 2 1 1 53 54 451 62 803 804
387 9 2 1 1 54 356 451 650 805 803
388 9 2 1 1 367 52 450 654 801 806
389 9 2 1 1 353 3 452 658 799 737
390 9 2 1 1 365 432 447 470 517 797
391 9 2 1 1 427 400 442 720 807 760
392 9 2 1 1 36 37 455 45 808 809
393 9 2 1 1 370 358 458 769 810 774
394 9 2 1 1 437 428 464 811 726 812
395 9 2 1 1 368 48 459 617 813 814
396 9 2 1 1 49 360 459 606 815 816
397 9 2 1 1 30 361 460 612 817 818
398 9 2 1 1 355 2 460 641 819 820
399 9 2 1 1 13 362 465 608 821 822
400 9 2 1 1 354 1 465 643 823 824
401 9 2 1 1 18 19 464 27 825 826
402 9 2 1 1 366 35 463 656 827 756
403 9 2 1 1 363 433 457 777 772 828
404 9 2 1 1 405 461 462 829 547 830
405 9 2 1 1 410 415 454 666 752 475
406 9 2 1 1 434 428 437 765 811 531
407 9 2 1 1 37 353 455 659 776 808
408 9 2 1 1 435 361 454 831 478 770
409 9 2 1 1 403 413 456 653 549 758
410 9 2 1 1 360 429 459 489 832 815
411 9 2 1 1 429 368 459 833 814 832
412 9 2 1 1 422 430 457 761 528 771
413 9 2 1 1 361 435 460 831 834 817
414 9 2 1 1 435 355 460 497 820 834
415 9 2 1 1 436 425 453 521 540 519
416 9 2 1 1 48 49 459 57 816 813
417 9 2 1 1 438 409 466 738 525 835
418 9 2 1 1 2 30 460 38 818 819
419 9 2 1 1 450 53 451 800 804 730
420 9 2 1 1 36 455 463 809 836 837
421 9 2 1 1 430 405 462 734 830 838
422 9 2 1 1 405 412 461 636 755 829
423 9 2 1 1 19 437 464 520 812 825
424 9 2 1 1 35 36 463 44 837 827
425 9 2 1 1 364 18 464 647 826 725
426 9 2 1 1 1 13 465 21 822 823
427 9 2 1 1 368 429 456 833 773 548
428 9 2 1 1 362 441 465 745 839 821
429 9 2 1 1 441 354 465 728 824 839
430 9 2 1 1 367 450 461 806 731 754
431 9 2 1 1 455 439 463 747 757 836
432 9 2 1 1 356 430 462 526 838 840
433 9 2 1 1 358 446 458 785 767 810
434 9 2 1 1 445 363 457 791 828 530
435 9 2 1 1 442 400 458 807 775 766
436 9 2 1 1 366 438 466 702 835 841
437 9 2 1 1 451 356 462 805 840 546
438 9 2 1 1 449 366 466 802 841 533
439 9 2 2 2 854 889 974 1082 1083 1084
440 9 2 2 2 855 899 975 1085 1086 1087
441 9 2 2 2 856 909 976 1088 1089 1090
442 9 2 2 2 857 919 977 1091 1092 1093
443 9 2 2 2 882 962 963 1094 1095 1096
444 9 2 2 2 883 964 965 1097 1098 1099
445 9 2 2 2 884 966 967 1100 1101 1102
446 9 2 2 2 885 968 969 1103 1104 1105
447 9 2 2 2 928 950 959 1106 1107 1108
448 9 2 2 2 933 951 960 1109 1110 1111
449 9 2 2 2 938 952 961 1112 1113 1114
450 9 2 2 2 943 953 958 1115 1116 1117
451 9 2 2 2 886 846 887 1118 1119 1120
452 9 2 2 2 896 847 897 1121 1122 1123
453 9 2 2 2 906 848 907 1124 1125 1126
454 9 2 2 2 916 849 917 1127 1128 1129
455 9 2 2 2 926 842 927 1130 1131 1132
456 9 2 2 2 931 843 932 1133 1134 1135
457 9 2 2 2 936 844 937 1136 1137 1138
458 9 2 2 2 941 845 942 1139 1140 1141
459 9 2 2 2 954 858 978 1142 1143 1144
460 9 2 2 2 955 859 980 1145 1146 1147
461 9 2 2 2 956 860 982 1148 1149 1150
462 9 2 2 2 957 861 984 1151 1152 1153
463 9 2 2 2 17 854 974 1154 1084 1155
464 9 2 2 2 34 855 975 1156 1087 1157
465 9 2 2 2 51 856 976 1158 1090 1159
466 9 2 2 2 68 857 977 1160 1093 1161
467 9 2 2 2 858 954 979 1142 1162 1163
468 9 2 2 2 859 955 981 1145 1164 1165
469 9 2 2 2 860 956 983 1148 1166 1167
470 9 2 2 2 861 957 985 1151 1168 1169
471 9 2 2 2 15 846 886 1170 1118 1171
472 9 2 2 2 32 847 896 1172 1121 1173
473 9 2 2 2 49 848 906 1174 1124 1175
474 9 2 2 2 66 849 916 1176 1127 1177
475 9 2 2 2 19 842 926 1178 1130 1179
476 9 2 2 2 36 843 931 1180 1133 1181
477 9 2 2 2 53 844 936 1182 1136 1183
478 9 2 2 2 70 845 941 1184 1139 1185
479 9 2 2 2 862 950 986 1186 1187 1188
480 9 2 2 2 863 951 987 1189 1190 1191
481 9 2 2 2 864 952 988 1192 1193 1194
482 9 2 2 2 865 953 989 1195 1196 1197
483 9 2 2 2 84 85 995 100 1198 1199
484 9 2 2 2 115 116 997 131 1200 1201
485 9 2 2 2 146 147 999 162 1202 1203
486 9 2 2 2 177 178 1001 193 1204 1205
487 9 2 2 2 950 962 986 1206 1207 1187
488 9 2 2 2 951 964 987 1208 1209 1190
489 9 2 2 2 952 966 988 1210 1211 1193
490 9 2 2 2 953 968 989 1212 1213 1196
491 9 2 2 2 959 950 1014 1107 1214 1215
492 9 2 2 2 960 951 1015 1110 1216 1217
493 9 2 2 2 961 952 1016 1113 1218 1219
494 9 2 2 2 958 953 1017 1116 1220 1221
495 9 2 2 2 895 945 1041 1222 1223 1224
496 9 2 2 2 905 930 1038 1225 1226 1227
497 9 2 2 2 915 935 1039 1228 1229 1230
498 9 2 2 2 925 940 1040 1231 1232 1233
499 9 2 2 2 945 895 1002 1222 1234 1235
500 9 2 2 2 930 905 1003 1225 1236 1237
501 9 2 2 2 935 915 1004 1228 1238 1239
502 9 2 2 2 940 925 1005 1231 1240 1241
503 9 2 2 2 950 927 962 1242 1243 1206
504 9 2 2 2 951 932 964 1244 1245 1208
505 9 2 2 2 952 937 966 1246 1247 1210
506 9 2 2 2 953 942 968 1248 1249 1212
507 9 2 2 2 887 892 946 1250 1251 1252
508 9 2 2 2 897 902 947 1253 1254 1255
509 9 2 2 2 907 912 948 1256 1257 1258
510 9 2 2 2 917 922 949 1259 1260 1261
511 9 2 2 2 882 963 1018 1096 1262 1263
512 9 2 2 2 883 965 1019 1099 1264 1265
513 9 2 2 2 884 967 1020 1102 1266 1267
514 9 2 2 2 885 969 1021 1105 1268 1269
515 9 2 2 2 1017 878 1066 1270 1271 1272
516 9 2 2 2 1014 879 1067 1273 1274 1275
517 9 2 2 2 1015 880 1068 1276 1277 1278
518 9 2 2 2 1016 881 1069 1279 1280 1281
519 9 2 2 2 946 870 1078 1282 1283 1284
520 9 2 2 2 947 871 1079 1285 1286 1287
521 9 2 2 2 948 872 1080 1288 1289 1290
522 9 2 2 2 949 873 1081 1291 1292 1293
523 9 2 2 2 893 14 1046 1294 1295 1296
524 9 2 2 2 903 31 1047 1297 1298 1299
525 9 2 2 2 913 48 1048 1300 1301 1302
526 9 2 2 2 923 65 1049 1303 1304 1305
527 9 2 2 2 870 946 994 1282 1306 1307
528 9 2 2 2 871 947 996 1285 1308 1309
529 9 2 2 2 872 948 998 1288 1310 1311
530 9 2 2 2 873 949 1000 1291 1312 1313
531 9 2 2 2 962 882 986 1094 1314 1207
532 9 2 2 2 964 883 987 1097 1315 1209
533 9 2 2 2 966 884 988 1100 1316 1211
534 9 2 2 2 968 885 989 1103 1317 1213
535 9 2 2 2 874 84 995 1318 1199 1319
536 9 2 2 2 875 115 997 1320 1201 1321
537 9 2 2 2 876 146 999 1322 1203 1323
538 9 2 2 2 877 177 1001 1324 1205 1325
539 9 2 2 2 950 862 1014 1186 1326 1214
540 9 2 2 2 951 863 1015 1189 1327 1216
541 9 2 2 2 952 864 1016 1192 1328 1218
542 9 2 2 2 953 865 1017 1195 1329 1220
543 9 2 2 2 946 892 994 1251 1330 1306
544 9 2 2 2 947 902 996 1254 1331 1308
545 9 2 2 2 948 912 998 1257 1332 1310
546 9 2 2 2 949 922 1000 1260 1333 1312
547 9 2 2 2 878 1017 1033 1270 1334 1335
548 9 2 2 2 879 1014 1030 1273 1336 1337
549 9 2 2 2 880 1015 1031 1276 1338 1339
550 9 2 2 2 881 1016 1032 1279 1340 1341
551 9 2 2 2 14 13 1046 22 1342 1295
552 9 2 2 2 31 30 1047 39 1343 1298
553 9 2 2 2 48 47 1048 56 1344 1301
554 9 2 2 2 65 64 1049 73 1345 1304
555 9 2 2 2 970 963 1022 1346 1347 1348
556 9 2 2 2 971 965 1023 1349 1350 1351
557 9 2 2 2 972 967 1024 1352 1353 1354
558 9 2 2 2 973 969 1025 1355 1356 1357
559 9 2 2 2 929 842 974 1358 1359 1360
560 9 2 2 2 934 843 975 1361 1362 1363
561 9 2 2 2 939 844 976 1364 1365 1366
562 9 2 2 2 944 845 977 1367 1368 1369
563 9 2 2 2 846 14 893 1370 1294 1371
564 9 2 2 2 847 31 903 1372 1297 1373
565 9 2 2 2 848 48 913 1374 1300 1375
566 9 2 2 2 849 65 923 1376 1303 1377
567 9 2 2 2 963 970 1050 1346 1378 1379
568 9 2 2 2 965 971 1051 1349 1380 1381
569 9 2 2 2 967 972 1052 1352 1382 1383
570 9 2 2 2 969 973 1053 1355 1384 1385
571 9 2 2 2 974 889 1022 1083 1386 1387
572 9 2 2 2 975 899 1023 1086 1388 1389
573 9 2 2 2 976 909 1024 1089 1390 1391
574 9 2 2 2 977 919 1025 1092 1392 1393
575 9 2 2 2 18 17 974 26 1155 1394
576 9 2 2 2 35 34 975 43 1157 1395
577 9 2 2 2 52 51 976 60 1159 1396
578 9 2 2 2 69 68 977 77 1161 1397
579 9 2 2 2 16 15 886 24 1171 1398
580 9 2 2 2 33 32 896 41 1173 1399
581 9 2 2 2 50 49 906 58 1175 1400
582 9 2 2 2 67 66 916 75 1177 1401
583 9 2 2 2 20 19 926 28 1179 1402
584 9 2 2 2 37 36 931 45 1181 1403
585 9 2 2 2 54 53 936 62 1183 1404
586 9 2 2 2 71 70 941 79 1185 1405
587 9 2 2 2 990 874 995 1406 1319 1407
588 9 2 2 2 991 875 997 1408 1321 1409
589 9 2 2 2 992 876 999 1410 1323 1411
590 9 2 2 2 993 877 1001 1412 1325 1413
591 9 2 2 2 958 1017 1066 1221 1272 1414
592 9 2 2 2 959 1014 1067 1215 1275 1415
593 9 2 2 2 960 1015 1068 1217 1278 1416
594 9 2 2 2 961 1016 1069 1219 1281 1417
595 9 2 2 2 978 874 990 1418 1406 1419
596 9 2 2 2 980 875 991 1420 1408 1421
597 9 2 2 2 982 876 992 1422 1410 1423
598 9 2 2 2 984 877 993 1424 1412 1425
599 9 2 2 2 995 85 1042 1198 1426 1427
600 9 2 2 2 997 116 1043 1200 1428 1429
601 9 2 2 2 999 147 1044 1202 1430 1431
602 9 2 2 2 1001 178 1045 1204 1432 1433
603 9 2 2 2 887 846 890 1119 1434 1435
604 9 2 2 2 897 847 900 1122 1436 1437
605 9 2 2 2 907 848 910 1125 1438 1439
606 9 2 2 2 917 849 920 1128 1440 1441
607 9 2 2 2 13 1 1002 21 1442 1443
608 9 2 2 2 30 2 1003 38 1444 1445
609 9 2 2 2 47 3 1004 55 1446 1447
610 9 2 2 2 64 4 1005 72 1448 1449
611 9 2 2 2 927 842 929 1131 1358 1450
612 9 2 2 2 932 843 934 1134 1361 1451
613 9 2 2 2 937 844 939 1137 1364 1452
614 9 2 2 2 942 845 944 1140 1367 1453
615 9 2 2 2 929 974 1022 1360 1387 1454
616 9 2 2 2 934 975 1023 1363 1389 1455
617 9 2 2 2 939 976 1024 1366 1391 1456
618 9 2 2 2 944 977 1025 1369 1393 1457
619 9 2 2 2 892 990 995 1458 1407 1459
620 9 2 2 2 902 991 997 1460 1409 1461
621 9 2 2 2 912 992 999 1462 1411 1463
622 9 2 2 2 922 993 1001 1464 1413 1465
623 9 2 2 2 970 1006 1050 1466 1467 1378
624 9 2 2 2 971 1008 1051 1468 1469 1380
625 9 2 2 2 972 1010 1052 1470 1471 1382
626 9 2 2 2 973 1012 1053 1472 1473 1384
627 9 2 2 2 954 895 1041 1474 1224 1475
628 9 2 2 2 955 905 1038 1476 1227 1477
629 9 2 2 2 956 915 1039 1478 1230 1479
630 9 2 2 2 957 925 1040 1480 1233 1481
631 9 2 2 2 1006 866 1050 1482 1483 1467
632 9 2 2 2 1008 867 1051 1484 1485 1469
633 9 2 2 2 1010 868 1052 1486 1487 1471
634 9 2 2 2 1012 869 1053 1488 1489 1473
635 9 2 2 2 870 1007 1078 1490 1491 1283
636 9 2 2 2 871 1009 1079 1492 1493 1286
637 9 2 2 2 872 1011 1080 1494 1495 1289
638 9 2 2 2 873 1013 1081 1496 1497 1292
639 9 2 2 2 978 858 1026 1143 1498 1499
640 9 2 2 2 980 859 1027 1146 1500 1501
641 9 2 2 2 982 860 1028 1149 1502 1503
642 9 2 2 2 984 861 1029 1152 1504 1505
643 9 2 2 2 1006 1007 1054 1506 1507 1508
644 9 2 2 2 1008 1009 1055 1509 1510 1511
645 9 2 2 2 1010 1011 1056 1512 1513 1514
646 9 2 2 2 1012 1013 1057 1515 1516 1517
647 9 2 2 2 930 959 1038 1518 1519 1226
648 9 2 2 2 935 960 1039 1520 1521 1229
649 9 2 2 2 940 961 1040 1522 1523 1232
650 9 2 2 2 945 958 1041 1524 1525 1223
651 9 2 2 2 890 846 893 1434 1371 1526
652 9 2 2 2 900 847 903 1436 1373 1527
653 9 2 2 2 910 848 913 1438 1375 1528
654 9 2 2 2 920 849 923 1440 1377 1529
655 9 2 2 2 1054 1007 1058 1507 1530 1531
656 9 2 2 2 1055 1009 1059 1510 1532 1533
657 9 2 2 2 1056 1011 1060 1513 1534 1535
658 9 2 2 2 1057 1013 1061 1516 1536 1537
659 9 2 2 2 887 890 892 1435 1538 1250
660 9 2 2 2 897 900 902 1437 1539 1253
661 9 2 2 2 907 910 912 1439 1540 1256
662 9 2 2 2 917 920 922 1441 1541 1259
663 9 2 2 2 927 929 962 1450 1542 1243
664 9 2 2 2 932 934 964 1451 1543 1245
665 9 2 2 2 937 939 966 1452 1544 1247
666 9 2 2 2 942 944 968 1453 1545 1249
667 9 2 2 2 91 92 882 107 1546 1547
668 9 2 2 2 122 123 883 138 1548 1549
669 9 2 2 2 153 154 884 169 1550 1551
670 9 2 2 2 184 185 885 200 1552 1553
671 9 2 2 2 188 5 878 204 1554 1555
672 9 2 2 2 95 6 879 111 1556 1557
673 9 2 2 2 126 7 880 142 1558 1559
674 9 2 2 2 157 8 881 173 1560 1561
675 9 2 2 2 83 84 874 99 1318 1562
676 9 2 2 2 114 115 875 130 1320 1563
677 9 2 2 2 145 146 876 161 1322 1564
678 9 2 2 2 176 177 877 192 1324 1565
679 9 2 2 2 86 87 870 102 1566 1567
680 9 2 2 2 117 118 871 133 1568 1569
681 9 2 2 2 148 149 872 164 1570 1571
682 9 2 2 2 179 180 873 195 1572 1573
683 9 2 2 2 89 90 866 105 1574 1575
684 9 2 2 2 120 121 867 136 1576 1577
685 9 2 2 2 151 152 868 167 1578 1579
686 9 2 2 2 182 183 869 198 1580 1581
687 9 2 2 2 93 94 862 109 1582 1583
688 9 2 2 2 124 125 863 140 1584 1585
689 9 2 2 2 155 156 864 171 1586 1587
690 9 2 2 2 186 187 865 202 1588 1589
691 9 2 2 2 81 82 858 97 1590 1591
692 9 2 2 2 112 113 859 128 1592 1593
693 9 2 2 2 143 144 860 159 1594 1595
694 9 2 2 2 174 175 861 190 1596 1597
695 9 2 2 2 1041 958 1066 1525 1414 1598
696 9 2 2 2 1038 959 1067 1519 1415 1599
697 9 2 2 2 1039 960 1068 1521 1416 1600
698 9 2 2 2 1040 961 1069 1523 1417 1601
699 9 2 2 2 890 893 894 1526 1602 1603
700 9 2 2 2 900 903 904 1527 1604 1605
701 9 2 2 2 910 913 914 1528 1606 1607
702 9 2 2 2 920 923 924 1529 1608 1609
703 9 2 2 2 894 893 895 1602 1610 1611
704 9 2 2 2 904 903 905 1604 1612 1613
705 9 2 2 2 914 913 915 1606 1614 1615
706 9 2 2 2 924 923 925 1608 1616 1617
707 9 2 2 2 962 929 963 1542 1618 1095
708 9 2 2 2 964 934 965 1543 1619 1098
709 9 2 2 2 966 939 967 1544 1620 1101
710 9 2 2 2 968 944 969 1545 1621 1104
711 9 2 2 2 17 16 854 25 1622 1154
712 9 2 2 2 34 33 855 42 1623 1156
713 9 2 2 2 51 50 856 59 1624 1158
714 9 2 2 2 68 67 857 76 1625 1160
715 9 2 2 2 1 71 850 80 1626 1627
716 9 2 2 2 2 20 851 29 1628 1629
717 9 2 2 2 3 37 852 46 1630 1631
718 9 2 2 2 4 54 853 63 1632 1633
719 9 2 2 2 19 18 842 27 1634 1178
720 9 2 2 2 36 35 843 44 1635 1180
721 9 2 2 2 53 52 844 61 1636 1182
722 9 2 2 2 70 69 845 78 1637 1184
723 9 2 2 2 15 14 846 23 1370 1170
724 9 2 2 2 32 31 847 40 1372 1172
725 9 2 2 2 49 48 848 57 1374 1174
726 9 2 2 2 66 65 849 74 1376 1176
727 9 2 2 2 963 929 1022 1618 1454 1347
728 9 2 2 2 965 934 1023 1619 1455 1350
729 9 2 2 2 967 939 1024 1620 1456 1353
730 9 2 2 2 969 944 1025 1621 1457 1356
731 9 2 2 2 894 895 954 1611 1474 1638
732 9 2 2 2 904 905 955 1613 1476 1639
733 9 2 2 2 914 915 956 1615 1478 1640
734 9 2 2 2 924 925 957 1617 1480 1641
735 9 2 2 2 842 18 974 1634 1394 1359
736 9 2 2 2 843 35 975 1635 1395 1362
737 9 2 2 2 844 52 976 1636 1396 1365
738 9 2 2 2 845 69 977 1637 1397 1368
739 9 2 2 2 854 888 889 1642 1643 1082
740 9 2 2 2 855 898 899 1644 1645 1085
741 9 2 2 2 856 908 909 1646 1647 1088
742 9 2 2 2 857 918 919 1648 1649 1091
743 9 2 2 2 854 16 886 1622 1398 1650
744 9 2 2 2 855 33 896 1623 1399 1651
745 9 2 2 2 856 50 906 1624 1400 1652
746 9 2 2 2 857 67 916 1625 1401 1653
747 9 2 2 2 851 20 926 1628 1402 1654
748 9 2 2 2 852 37 931 1630 1403 1655
749 9 2 2 2 853 54 936 1632 1404 1656
750 9 2 2 2 850 71 941 1626 1405 1657
751 9 2 2 2 850 943 945 1658 1659 1660
752 9 2 2 2 851 928 930 1661 1662 1663
753 9 2 2 2 852 933 935 1664 1665 1666
754 9 2 2 2 853 938 940 1667 1668 1669
755 9 2 2 2 874 978 1026 1418 1499 1670
756 9 2 2 2 875 980 1027 1420 1501 1671
757 9 2 2 2 876 982 1028 1422 1503 1672
758 9 2 2 2 877 984 1029 1424 1505 1673
759 9 2 2 2 889 891 970 1674 1675 1676
760 9 2 2 2 899 901 971 1677 1678 1679
761 9 2 2 2 909 911 972 1680 1681 1682
762 9 2 2 2 919 921 973 1683 1684 1685
763 9 2 2 2 894 954 978 1638 1144 1686
764 9 2 2 2 904 955 980 1639 1147 1687
765 9 2 2 2 914 956 982 1640 1150 1688
766 9 2 2 2 924 957 984 1641 1153 1689
767 9 2 2 2 854 886 888 1650 1690 1642
768 9 2 2 2 855 896 898 1651 1691 1644
769 9 2 2 2 856 906 908 1652 1692 1646
770 9 2 2 2 857 916 918 1653 1693 1648
771 9 2 2 2 850 941 943 1657 1694 1658
772 9 2 2 2 851 926 928 1654 1695 1661
773 9 2 2 2 852 931 933 1655 1696 1664
774 9 2 2 2 853 936 938 1656 1697 1667
775 9 2 2 2 889 888 891 1643 1698 1674
776 9 2 2 2 899 898 901 1645 1699 1677
777 9 2 2 2 909 908 911 1647 1700 1680
778 9 2 2 2 919 918 921 1649 1701 1683
779 9 2 2 2 930 928 959 1662 1108 1518
780 9 2 2 2 935 933 960 1665 1111 1520
781 9 2 2 2 940 938 961 1668 1114 1522
782 9 2 2 2 945 943 958 1659 1117 1524
783 9 2 2 2 1018 963 1050 1262 1379 1702
784 9 2 2 2 1019 965 1051 1264 1381 1703
785 9 2 2 2 1020 967 1052 1266 1383 1704
786 9 2 2 2 1021 969 1053 1268 1385 1705
787 9 2 2 2 888 946 1078 1706 1284 1707
788 9 2 2 2 898 947 1079 1708 1287 1709
789 9 2 2 2 908 948 1080 1710 1290 1711
790 9 2 2 2 918 949 1081 1712 1293 1713
791 9 2 2 2 892 890 990 1538 1714 1458
792 9 2 2 2 902 900 991 1539 1715 1460
793 9 2 2 2 912 910 992 1540 1716 1462
794 9 2 2 2 922 920 993 1541 1717 1464
795 9 2 2 2 890 894 990 1603 1718 1714
796 9 2 2 2 900 904 991 1605 1719 1715
797 9 2 2 2 910 914 992 1607 1720 1716
798 9 2 2 2 920 924 993 1609 1721 1717
799 9 2 2 2 13 1002 1046 1443 1722 1342
800 9 2 2 2 30 1003 1047 1445 1723 1343
801 9 2 2 2 47 1004 1048 1447 1724 1344
802 9 2 2 2 64 1005 1049 1449 1725 1345
803 9 2 2 2 950 928 1074 1106 1726 1727
804 9 2 2 2 951 933 1075 1109 1728 1729
805 9 2 2 2 952 938 1076 1112 1730 1731
806 9 2 2 2 953 943 1077 1115 1732 1733
807 9 2 2 2 946 888 1070 1706 1734 1735
808 9 2 2 2 947 898 1071 1708 1736 1737
809 9 2 2 2 948 908 1072 1710 1738 1739
810 9 2 2 2 949 918 1073 1712 1740 1741
811 9 2 2 2 887 946 1070 1252 1735 1742
812 9 2 2 2 897 947 1071 1255 1737 1743
813 9 2 2 2 907 948 1072 1258 1739 1744
814 9 2 2 2 917 949 1073 1261 1741 1745
815 9 2 2 2 927 950 1074 1242 1727 1746
816 9 2 2 2 932 951 1075 1244 1729 1747
817 9 2 2 2 937 952 1076 1246 1731 1748
818 9 2 2 2 942 953 1077 1248 1733 1749
819 9 2 2 2 979 878 1034 1750 1751 1752
820 9 2 2 2 981 879 1035 1753 1754 1755
821 9 2 2 2 983 880 1036 1756 1757 1758
822 9 2 2 2 985 881 1037 1759 1760 1761
823 9 2 2 2 894 978 990 1686 1419 1718
824 9 2 2 2 904 980 991 1687 1421 1719
825 9 2 2 2 914 982 992 1688 1423 1720
826 9 2 2 2 924 984 993 1689 1425 1721
827 9 2 2 2 850 945 1002 1660 1235 1762
828 9 2 2 2 851 930 1003 1663 1237 1763
829 9 2 2 2 852 935 1004 1666 1239 1764
830 9 2 2 2 853 940 1005 1669 1241 1765
831 9 2 2 2 994 892 995 1330 1459 1766
832 9 2 2 2 996 902 997 1331 1461 1767
833 9 2 2 2 998 912 999 1332 1463 1768
834 9 2 2 2 1000 922 1001 1333 1465 1769
835 9 2 2 2 878 979 1066 1750 1770 1271
836 9 2 2 2 879 981 1067 1753 1771 1274
837 9 2 2 2 880 983 1068 1756 1772 1277
838 9 2 2 2 881 985 1069 1759 1773 1280
839 9 2 2 2 858 979 1034 1163 1752 1774
840 9 2 2 2 859 981 1035 1165 1755 1775
841 9 2 2 2 860 983 1036 1167 1758 1776
842 9 2 2 2 861 985 1037 1169 1761 1777
843 9 2 2 2 1 850 1002 1627 1762 1442
844 9 2 2 2 2 851 1003 1629 1763 1444
845 9 2 2 2 3 852 1004 1631 1764 1446
846 9 2 2 2 4 853 1005 1633 1765 1448
847 9 2 2 2 970 891 1006 1675 1778 1466
848 9 2 2 2 971 901 1008 1678 1779 1468
849 9 2 2 2 972 911 1010 1681 1780 1470
850 9 2 2 2 973 921 1012 1684 1781 1472
851 9 2 2 2 1006 891 1007 1778 1782 1506
852 9 2 2 2 1008 901 1009 1779 1783 1509
853 9 2 2 2 1010 911 1011 1780 1784 1512
854 9 2 2 2 1012 921 1013 1781 1785 1515
855 9 2 2 2 91 882 1018 1547 1263 1786
856 9 2 2 2 122 883 1019 1549 1265 1787
857 9 2 2 2 153 884 1020 1551 1267 1788
858 9 2 2 2 184 885 1021 1553 1269 1789
859 9 2 2 2 866 90 1018 1574 1790 1791
860 9 2 2 2 867 121 1019 1576 1792 1793
861 9 2 2 2 868 152 1020 1578 1794 1795
862 9 2 2 2 869 183 1021 1580 1796 1797
863 9 2 2 2 90 91 1018 106 1786 1790
864 9 2 2 2 121 122 1019 137 1787 1792
865 9 2 2 2 152 153 1020 168 1788 1794
866 9 2 2 2 183 184 1021 199 1789 1796
867 9 2 2 2 979 954 1041 1162 1475 1798
868 9 2 2 2 981 955 1038 1164 1477 1799
869 9 2 2 2 983 956 1039 1166 1479 1800
870 9 2 2 2 985 957 1040 1168 1481 1801
871 9 2 2 2 891 888 1078 1698 1707 1802
872 9 2 2 2 901 898 1079 1699 1709 1803
873 9 2 2 2 911 908 1080 1700 1711 1804
874 9 2 2 2 921 918 1081 1701 1713 1805
875 9 2 2 2 886 887 1070 1120 1742 1806
876 9 2 2 2 896 897 1071 1123 1743 1807
877 9 2 2 2 906 907 1072 1126 1744 1808
878 9 2 2 2 916 917 1073 1129 1745 1809
879 9 2 2 2 926 927 1074 1132 1746 1810
880 9 2 2 2 931 932 1075 1135 1747 1811
881 9 2 2 2 936 937 1076 1138 1748 1812
882 9 2 2 2 941 942 1077 1141 1749 1813
883 9 2 2 2 83 874 1026 1562 1670 1814
884 9 2 2 2 114 875 1027 1563 1671 1815
885 9 2 2 2 145 876 1028 1564 1672 1816
886 9 2 2 2 176 877 1029 1565 1673 1817
887 9 2 2 2 858 82 1026 1590 1818 1498
888 9 2 2 2 859 113 1027 1592 1819 1500
889 9 2 2 2 860 144 1028 1594 1820 1502
890 9 2 2 2 861 175 1029 1596 1821 1504
891 9 2 2 2 994 995 1042 1766 1427 1822
892 9 2 2 2 996 997 1043 1767 1429 1823
893 9 2 2 2 998 999 1044 1768 1431 1824
894 9 2 2 2 1000 1001 1045 1769 1433 1825
895 9 2 2 2 95 879 1030 1557 1337 1826
896 9 2 2 2 126 880 1031 1559 1339 1827
897 9 2 2 2 157 881 1032 1561 1341 1828
898 9 2 2 2 188 878 1033 1555 1335 1829
899 9 2 2 2 862 94 1030 1582 1830 1831
900 9 2 2 2 863 125 1031 1584 1832 1833
901 9 2 2 2 864 156 1032 1586 1834 1835
902 9 2 2 2 865 187 1033 1588 1836 1837
903 9 2 2 2 878 5 1034 1554 1838 1751
904 9 2 2 2 879 6 1035 1556 1839 1754
905 9 2 2 2 880 7 1036 1558 1840 1757
906 9 2 2 2 881 8 1037 1560 1841 1760
907 9 2 2 2 81 858 1034 1591 1774 1842
908 9 2 2 2 112 859 1035 1593 1775 1843
909 9 2 2 2 143 860 1036 1595 1776 1844
910 9 2 2 2 174 861 1037 1597 1777 1845
911 9 2 2 2 889 970 1022 1676 1348 1386
912 9 2 2 2 899 971 1023 1679 1351 1388
913 9 2 2 2 909 972 1024 1682 1354 1390
914 9 2 2 2 919 973 1025 1685 1357 1392
915 9 2 2 2 86 870 1042 1567 1846 1847
916 9 2 2 2 117 871 1043 1569 1848 1849
917 9 2 2 2 148 872 1044 1571 1850 1851
918 9 2 2 2 179 873 1045 1573 1852 1853
919 9 2 2 2 882 92 1062 1546 1854 1855
920 9 2 2 2 883 123 1063 1548 1856 1857
921 9 2 2 2 884 154 1064 1550 1858 1859
922 9 2 2 2 885 185 1065 1552 1860 1861
923 9 2 2 2 93 862 1062 1583 1862 1863
924 9 2 2 2 124 863 1063 1585 1864 1865
925 9 2 2 2 155 864 1064 1587 1866 1867
926 9 2 2 2 186 865 1065 1589 1868 1869
927 9 2 2 2 89 866 1054 1575 1870 1871
928 9 2 2 2 120 867 1055 1577 1872 1873
929 9 2 2 2 151 868 1056 1579 1874 1875
930 9 2 2 2 182 869 1057 1581 1876 1877
931 9 2 2 2 870 87 1058 1566 1878 1879
932 9 2 2 2 871 118 1059 1568 1880 1881
933 9 2 2 2 872 149 1060 1570 1882 1883
934 9 2 2 2 873 180 1061 1572 1884 1885
935 9 2 2 2 82 83 1026 98 1814 1818
936 9 2 2 2 113 114 1027 129 1815 1819
937 9 2 2 2 144 145 1028 160 1816 1820
938 9 2 2 2 175 176 1029 191 1817 1821
939 9 2 2 2 986 882 1062 1314 1855 1886
940 9 2 2 2 987 883 1063 1315 1857 1887
941 9 2 2 2 988 884 1064 1316 1859 1888
942 9 2 2 2 989 885 1065 1317 1861 1889
943 9 2 2 2 862 986 1062 1188 1886 1862
944 9 2 2 2 863 987 1063 1191 1887 1864
945 9 2 2 2 864 988 1064 1194 1888 1866
946 9 2 2 2 865 989 1065 1197 1889 1868
947 9 2 2 2 1007 870 1058 1490 1879 1530
948 9 2 2 2 1009 871 1059 1492 1881 1532
949 9 2 2 2 1011 872 1060 1494 1883 1534
950 9 2 2 2 1013 873 1061 1496 1885 1536
951 9 2 2 2 870 994 1042 1307 1822 1846
952 9 2 2 2 871 996 1043 1309 1823 1848
953 9 2 2 2 872 998 1044 1311 1824 1850
954 9 2 2 2 873 1000 1045 1313 1825 1852
955 9 2 2 2 1014 862 1030 1326 1831 1336
956 9 2 2 2 1015 863 1031 1327 1833 1338
957 9 2 2 2 1016 864 1032 1328 1835 1340
958 9 2 2 2 1017 865 1033 1329 1837 1334
959 9 2 2 2 866 1006 1054 1482 1508 1870
960 9 2 2 2 867 1008 1055 1484 1511 1872
961 9 2 2 2 868 1010 1056 1486 1514 1874
962 9 2 2 2 869 1012 1057 1488 1517 1876
963 9 2 2 2 94 95 1030 110 1826 1830
964 9 2 2 2 125 126 1031 141 1827 1832
965 9 2 2 2 156 157 1032 172 1828 1834
966 9 2 2 2 187 188 1033 203 1829 1836
967 9 2 2 2 5 81 1034 96 1842 1838
968 9 2 2 2 6 112 1035 127 1843 1839
969 9 2 2 2 7 143 1036 158 1844 1840
970 9 2 2 2 8 174 1037 189 1845 1841
971 9 2 2 2 888 886 1070 1690 1806 1734
972 9 2 2 2 898 896 1071 1691 1807 1736
973 9 2 2 2 908 906 1072 1692 1808 1738
974 9 2 2 2 918 916 1073 1693 1809 1740
975 9 2 2 2 928 926 1074 1695 1810 1726
976 9 2 2 2 933 931 1075 1696 1811 1728
977 9 2 2 2 938 936 1076 1697 1812 1730
978 9 2 2 2 943 941 1077 1694 1813 1732
979 9 2 2 2 979 1041 1066 1798 1598 1770
980 9 2 2 2 981 1038 1067 1799 1599 1771
981 9 2 2 2 983 1039 1068 1800 1600 1772
982 9 2 2 2 985 1040 1069 1801 1601 1773
983 9 2 2 2 85 86 1042 101 1847 1426
984 9 2 2 2 116 117 1043 132 1849 1428
985 9 2 2 2 147 148 1044 163 1851 1430
986 9 2 2 2 178 179 1045 194 1853 1432
987 9 2 2 2 895 893 1046 1610 1296 1890
988 9 2 2 2 905 903 1047 1612 1299 1891
989 9 2 2 2 915 913 1048 1614 1302 1892
990 9 2 2 2 925 923 1049 1616 1305 1893
991 9 2 2 2 866 1018 1050 1791 1702 1483
992 9 2 2 2 867 1019 1051 1793 1703 1485
993 9 2 2 2 868 1020 1052 1795 1704 1487
994 9 2 2 2 869 1021 1053 1797 1705 1489
995 9 2 2 2 88 89 1054 104 1871 1894
996 9 2 2 2 119 120 1055 135 1873 1895
997 9 2 2 2 150 151 1056 166 1875 1896
998 9 2 2 2 181 182 1057 197 1877 1897
999 9 2 2 2 87 88 1058 103 1898 1878
1000 9 2 2 2 118 119 1059 134 1899 1880
1001 9 2 2 2 149 150 1060 165 1900 1882
1002 9 2 2 2 180 181 1061 196 1901 1884
1003 9 2 2 2 1002 895 1046 1234 1890 1722
1004 9 2 2 2 1003 905 1047 1236 1891 1723
1005 9 2 2 2 1004 915 1048 1238 1892 1724
1006 9 2 2 2 1005 925 1049 1240 1893 1725
1007 9 2 2 2 92 93 1062 108 1863 1854
1008 9 2 2 2 123 124 1063 139 1865 1856
1009 9 2 2 2 154 155 1064 170 1867 1858
1010 9 2 2 2 185 186 1065 201 1869 1860
1011 9 2 2 2 1007 891 1078 1782 1802 1491
1012 9 2 2 2 1009 901 1079 1783 1803 1493
1013 9 2 2 2 1011 911 1080 1784 1804 1495
1014 9 2 2 2 1013 921 1081 1785 1805 1497
1015 9 2 2 2 88 1054 1058 1894 1531 1898
1016 9 2 2 2 119 1055 1059 1895 1533 1899
1017 9 2 2 2 150 1056 1060 1896 1535 1900
1018 9 2 2 2 181 1057 1061 1897 1537 1901
1019 9 2 3 3 259 1911 1919 2018 2019 2020
1020 9 2 3 3 296 1912 1920 2021 2022 2023
1021 9 2 3 3 333 1910 1921 2024 2025 2026
1022 9 2 3 3 222 1913 1918 2027 2028 2029
1023 9 2 3 3 216 1905 1934 2030 2031 2032
1024 9 2 3 3 253 1902 1935 2033 2034 2035
1025 9 2 3 3 290 1903 1936 2036 2037 2038
1026 9 2 3 3 327 1904 1937 2039 2040 2041
1027 9 2 3 3 210 1906 1926 2042 2043 2044
1028 9 2 3 3 247 1907 1927 2045 2046 2047
1029 9 2 3 3 284 1908 1928 2048 2049 2050
1030 9 2 3 3 321 1909 1929 2051 2052 2053
1031 9 2 3 3 258 259 1919 277 2020 2054
1032 9 2 3 3 295 296 1920 314 2023 2055
1033 9 2 3 3 332 333 1921 351 2026 2056
1034 9 2 3 3 221 222 1918 240 2029 2057
1035 9 2 3 3 215 216 1934 234 2032 2058
1036 9 2 3 3 252 253 1935 271 2035 2059
1037 9 2 3 3 289 290 1936 308 2038 2060
1038 9 2 3 3 326 327 1937 345 2041 2061
1039 9 2 3 3 1906 210 2006 2042 2062 2063
1040 9 2 3 3 1907 247 2007 2045 2064 2065
1041 9 2 3 3 1908 284 2008 2048 2066 2067
1042 9 2 3 3 1909 321 2009 2051 2068 2069
1043 9 2 3 3 209 210 1926 228 2044 2070
1044 9 2 3 3 246 247 1927 265 2047 2071
1045 9 2 3 3 283 284 1928 302 2050 2072
1046 9 2 3 3 320 321 1929 339 2053 2073
1047 9 2 3 3 210 211 2006 229 2074 2062
1048 9 2 3 3 247 248 2007 266 2075 2064
1049 9 2 3 3 284 285 2008 303 2076 2066
1050 9 2 3 3 321 322 2009 340 2077 2068
1051 9 2 3 3 1902 253 2011 2033 2078 2079
1052 9 2 3 3 1903 290 2012 2036 2080 2081
1053 9 2 3 3 1904 327 2013 2039 2082 2083
1054 9 2 3 3 1905 216 2010 2030 2084 2085
1055 9 2 3 3 1911 259 2015 2018 2086 2087
1056 9 2 3 3 1912 296 2016 2021 2088 2089
1057 9 2 3 3 1910 333 2014 2024 2090 2091
1058 9 2 3 3 1913 222 2017 2027 2092 2093
1059 9 2 3 3 209 1926 1994 2070 2094 2095
1060 9 2 3 3 246 1927 1995 2071 2096 2097
1061 9 2 3 3 283 1928 1996 2072 2098 2099
1062 9 2 3 3 320 1929 1997 2073 2100 2101
1063 9 2 3 3 1919 125 1959 2102 2103 2104
1064 9 2 3 3 1920 156 1960 2105 2106 2107
1065 9 2 3 3 1921 187 1961 2108 2109 2110
1066 9 2 3 3 1918 94 1958 2111 2112 2113
1067 9 2 3 3 1934 89 1950 2114 2115 2116
1068 9 2 3 3 1935 120 1951 2117 2118 2119
1069 9 2 3 3 1936 151 1952 2120 2121 2122
1070 9 2 3 3 1937 182 1953 2123 2124 2125
1071 9 2 3 3 1926 84 1949 2126 2127 2128
1072 9 2 3 3 1927 115 1946 2129 2130 2131
1073 9 2 3 3 1928 146 1947 2132 2133 2134
1074 9 2 3 3 1929 177 1948 2135 2136 2137
1075 9 2 3 3 253 254 2011 272 2138 2078
1076 9 2 3 3 290 291 2012 309 2139 2080
1077 9 2 3 3 327 328 2013 346 2140 2082
1078 9 2 3 3 216 217 2010 235 2141 2084
1079 9 2 3 3 205 2002 2014 2142 2143 2144
1080 9 2 3 3 279 2004 2015 2145 2146 2147
1081 9 2 3 3 316 2005 2016 2148 2149 2150
1082 9 2 3 3 242 2003 2017 2151 2152 2153
1083 9 2 3 3 215 1934 1986 2058 2154 2155
1084 9 2 3 3 252 1935 1987 2059 2156 2157
1085 9 2 3 3 289 1936 1988 2060 2158 2159
1086 9 2 3 3 326 1937 1989 2061 2160 2161
1087 9 2 3 3 10 242 2017 260 2153 2162
1088 9 2 3 3 9 205 2014 223 2144 2163
1089 9 2 3 3 11 279 2015 297 2147 2164
1090 9 2 3 3 12 316 2016 334 2150 2165
1091 9 2 3 3 333 9 2014 352 2163 2090
1092 9 2 3 3 222 10 2017 241 2162 2092
1093 9 2 3 3 259 11 2015 278 2164 2086
1094 9 2 3 3 296 12 2016 315 2165 2088
1095 9 2 3 3 255 1999 2011 2166 2167 2168
1096 9 2 3 3 292 2000 2012 2169 2170 2171
1097 9 2 3 3 329 2001 2013 2172 2173 2174
1098 9 2 3 3 218 1998 2010 2175 2176 2177
1099 9 2 3 3 1926 1949 1994 2128 2178 2094
1100 9 2 3 3 1927 1946 1995 2131 2179 2096
1101 9 2 3 3 1928 1947 1996 2134 2180 2098
1102 9 2 3 3 1929 1948 1997 2137 2181 2100
1103 9 2 3 3 1934 1950 1986 2116 2182 2154
1104 9 2 3 3 1935 1951 1987 2119 2183 2156
1105 9 2 3 3 1936 1952 1988 2122 2184 2158
1106 9 2 3 3 1937 1953 1989 2125 2185 2160
1107 9 2 3 3 95 94 1918 110 2111 2186
1108 9 2 3 3 126 125 1919 141 2102 2187
1109 9 2 3 3 157 156 1920 172 2105 2188
1110 9 2 3 3 188 187 1921 203 2108 2189
1111 9 2 3 3 90 89 1934 105 2114 2190
1112 9 2 3 3 121 120 1935 136 2117 2191
1113 9 2 3 3 152 151 1936 167 2120 2192
1114 9 2 3 3 183 182 1937 198 2123 2193
1115 9 2 3 3 85 84 1926 100 2126 2194
1116 9 2 3 3 116 115 1927 131 2129 2195
1117 9 2 3 3 147 146 1928 162 2132 2196
1118 9 2 3 3 178 177 1929 193 2135 2197
1119 9 2 3 3 258 1919 1978 2054 2198 2199
1120 9 2 3 3 295 1920 1979 2055 2200 2201
1121 9 2 3 3 332 1921 1980 2056 2202 2203
1122 9 2 3 3 221 1918 1981 2057 2204 2205
1123 9 2 3 3 1950 88 1954 2206 2207 2208
1124 9 2 3 3 1951 119 1955 2209 2210 2211
1125 9 2 3 3 1952 150 1956 2212 2213 2214
1126 9 2 3 3 1953 181 1957 2215 2216 2217
1127 9 2 3 3 1946 114 1963 2218 2219 2220
1128 9 2 3 3 1947 145 1964 2221 2222 2223
1129 9 2 3 3 1948 176 1965 2224 2225 2226
1130 9 2 3 3 1949 83 1962 2227 2228 2229
1131 9 2 3 3 124 1942 1959 2230 2231 2232
1132 9 2 3 3 155 1943 1960 2233 2234 2235
1133 9 2 3 3 186 1944 1961 2236 2237 2238
1134 9 2 3 3 93 1945 1958 2239 2240 2241
1135 9 2 3 3 87 1922 1954 2242 2243 2244
1136 9 2 3 3 118 1923 1955 2245 2246 2247
1137 9 2 3 3 149 1924 1956 2248 2249 2250
1138 9 2 3 3 180 1925 1957 2251 2252 2253
1139 9 2 3 3 92 1933 1945 2254 2255 2256
1140 9 2 3 3 123 1930 1942 2257 2258 2259
1141 9 2 3 3 154 1931 1943 2260 2261 2262
1142 9 2 3 3 185 1932 1944 2263 2264 2265
1143 9 2 3 3 82 1938 1962 2266 2267 2268
1144 9 2 3 3 113 1939 1963 2269 2270 2271
1145 9 2 3 3 144 1940 1964 2272 2273 2274
1146 9 2 3 3 175 1941 1965 2275 2276 2277
1147 9 2 3 3 86 1906 1922 2278 2279 2280
1148 9 2 3 3 117 1907 1923 2281 2282 2283
1149 9 2 3 3 148 1908 1924 2284 2285 2286
1150 9 2 3 3 179 1909 1925 2287 2288 2289
1151 9 2 3 3 91 1905 1933 2290 2291 2292
1152 9 2 3 3 122 1902 1930 2293 2294 2295
1153 9 2 3 3 153 1903 1931 2296 2297 2298
1154 9 2 3 3 184 1904 1932 2299 2300 2301
1155 9 2 3 3 5 1910 1914 2302 2303 2304
1156 9 2 3 3 7 1911 1915 2305 2306 2307
1157 9 2 3 3 8 1912 1916 2308 2309 2310
1158 9 2 3 3 6 1913 1917 2311 2312 2313
1159 9 2 3 3 81 1914 1938 2314 2315 2316
1160 9 2 3 3 143 1915 1940 2317 2318 2319
1161 9 2 3 3 174 1916 1941 2320 2321 2322
1162 9 2 3 3 112 1917 1939 2323 2324 2325
1163 9 2 3 3 1918 1958 1981 2113 2326 2204
1164 9 2 3 3 1919 1959 1978 2104 2327 2198
1165 9 2 3 3 1920 1960 1979 2107 2328 2200
1166 9 2 3 3 1921 1961 1980 2110 2329 2202
1167 9 2 3 3 212 1990 2006 2330 2331 2332
1168 9 2 3 3 249 1991 2007 2333 2334 2335
1169 9 2 3 3 286 1992 2008 2336 2337 2338
1170 9 2 3 3 323 1993 2009 2339 2340 2341
1171 9 2 3 3 1977 208 1994 2342 2343 2344
1172 9 2 3 3 1974 245 1995 2345 2346 2347
1173 9 2 3 3 1975 282 1996 2348 2349 2350
1174 9 2 3 3 1976 319 1997 2351 2352 2353
1175 9 2 3 3 1949 1977 1994 2354 2344 2178
1176 9 2 3 3 1946 1974 1995 2355 2347 2179
1177 9 2 3 3 1947 1975 1996 2356 2350 2180
1178 9 2 3 3 1948 1976 1997 2357 2353 2181
1179 9 2 3 3 1966 214 1986 2358 2359 2360
1180 9 2 3 3 1967 251 1987 2361 2362 2363
1181 9 2 3 3 1968 288 1988 2364 2365 2366
1182 9 2 3 3 1969 325 1989 2367 2368 2369
1183 9 2 3 3 1950 1966 1986 2370 2360 2182
1184 9 2 3 3 1951 1967 1987 2371 2363 2183
1185 9 2 3 3 1952 1968 1988 2372 2366 2184
1186 9 2 3 3 1953 1969 1989 2373 2369 2185
1187 9 2 3 3 1970 220 1981 2374 2375 2376
1188 9 2 3 3 1971 257 1978 2377 2378 2379
1189 9 2 3 3 1972 294 1979 2380 2381 2382
1190 9 2 3 3 1973 331 1980 2383 2384 2385
1191 9 2 3 3 1959 1971 1978 2386 2379 2327
1192 9 2 3 3 1960 1972 1979 2387 2382 2328
1193 9 2 3 3 1961 1973 1980 2388 2385 2329
1194 9 2 3 3 1958 1970 1981 2389 2376 2326
1195 9 2 3 3 206 1982 2002 2390 2391 2392
1196 9 2 3 3 243 1983 2003 2393 2394 2395
1197 9 2 3 3 280 1984 2004 2396 2397 2398
1198 9 2 3 3 317 1985 2005 2399 2400 2401
1199 9 2 3 3 217 218 2010 236 2177 2141
1200 9 2 3 3 254 255 2011 273 2168 2138
1201 9 2 3 3 291 292 2012 310 2171 2139
1202 9 2 3 3 328 329 2013 347 2174 2140
1203 9 2 3 3 256 1971 1999 2402 2403 2404
1204 9 2 3 3 293 1972 2000 2405 2406 2407
1205 9 2 3 3 330 1973 2001 2408 2409 2410
1206 9 2 3 3 219 1970 1998 2411 2412 2413
1207 9 2 3 3 94 93 1958 109 2241 2112
1208 9 2 3 3 125 124 1959 140 2232 2103
1209 9 2 3 3 156 155 1960 171 2235 2106
1210 9 2 3 3 187 186 1961 202 2238 2109
1211 9 2 3 3 114 113 1963 129 2271 2219
1212 9 2 3 3 145 144 1964 160 2274 2222
1213 9 2 3 3 176 175 1965 191 2277 2225
1214 9 2 3 3 83 82 1962 98 2268 2228
1215 9 2 3 3 88 87 1954 103 2244 2207
1216 9 2 3 3 119 118 1955 134 2247 2210
1217 9 2 3 3 150 149 1956 165 2250 2213
1218 9 2 3 3 181 180 1957 196 2253 2216
1219 9 2 3 3 89 88 1950 104 2206 2115
1220 9 2 3 3 120 119 1951 135 2209 2118
1221 9 2 3 3 151 150 1952 166 2212 2121
1222 9 2 3 3 182 181 1953 197 2215 2124
1223 9 2 3 3 115 114 1946 130 2218 2130
1224 9 2 3 3 146 145 1947 161 2221 2133
1225 9 2 3 3 177 176 1948 192 2224 2136
1226 9 2 3 3 84 83 1949 99 2227 2127
1227 9 2 3 3 124 123 1942 139 2259 2230
1228 9 2 3 3 155 154 1943 170 2262 2233
1229 9 2 3 3 186 185 1944 201 2265 2236
1230 9 2 3 3 93 92 1945 108 2256 2239
1231 9 2 3 3 5 188 1910 204 2414 2302
1232 9 2 3 3 6 95 1913 111 2415 2311
1233 9 2 3 3 7 126 1911 142 2416 2305
1234 9 2 3 3 8 157 1912 173 2417 2308
1235 9 2 3 3 91 90 1905 106 2418 2290
1236 9 2 3 3 122 121 1902 137 2419 2293
1237 9 2 3 3 153 152 1903 168 2420 2296
1238 9 2 3 3 184 183 1904 199 2421 2299
1239 9 2 3 3 86 85 1906 101 2422 2278
1240 9 2 3 3 117 116 1907 132 2423 2281
1241 9 2 3 3 148 147 1908 163 2424 2284
1242 9 2 3 3 179 178 1909 194 2425 2287
1243 9 2 3 3 87 86 1922 102 2280 2242
1244 9 2 3 3 118 117 1923 133 2283 2245
1245 9 2 3 3 149 148 1924 164 2286 2248
1246 9 2 3 3 180 179 1925 195 2289 2251
1247 9 2 3 3 123 122 1930 138 2295 2257
1248 9 2 3 3 154 153 1931 169 2298 2260
1249 9 2 3 3 185 184 1932 200 2301 2263
1250 9 2 3 3 92 91 1933 107 2292 2254
1251 9 2 3 3 81 5 1914 96 2304 2314
1252 9 2 3 3 112 6 1917 127 2313 2323
1253 9 2 3 3 143 7 1915 158 2307 2317
1254 9 2 3 3 174 8 1916 189 2310 2320
1255 9 2 3 3 82 81 1938 97 2316 2266
1256 9 2 3 3 113 112 1939 128 2325 2269
1257 9 2 3 3 144 143 1940 159 2319 2272
1258 9 2 3 3 175 174 1941 190 2322 2275
1259 9 2 3 3 1911 126 1919 2416 2187 2019
1260 9 2 3 3 1912 157 1920 2417 2188 2022
1261 9 2 3 3 1910 188 1921 2414 2189 2025
1262 9 2 3 3 1913 95 1918 2415 2186 2028
1263 9 2 3 3 1902 121 1935 2419 2191 2034
1264 9 2 3 3 1903 152 1936 2420 2192 2037
1265 9 2 3 3 1904 183 1937 2421 2193 2040
1266 9 2 3 3 1905 90 1934 2418 2190 2031
1267 9 2 3 3 1906 85 1926 2422 2194 2043
1268 9 2 3 3 1907 116 1927 2423 2195 2046
1269 9 2 3 3 1908 147 1928 2424 2196 2049
1270 9 2 3 3 1909 178 1929 2425 2197 2052
1271 9 2 3 3 2002 1914 2014 2426 2427 2143
1272 9 2 3 3 2004 1915 2015 2428 2429 2146
1273 9 2 3 3 2005 1916 2016 2430 2431 2149
1274 9 2 3 3 2003 1917 2017 2432 2433 2152
1275 9 2 3 3 1998 1933 2010 2434 2435 2176
1276 9 2 3 3 1999 1930 2011 2436 2437 2167
1277 9 2 3 3 2000 1931 2012 2438 2439 2170
1278 9 2 3 3 2001 1932 2013 2440 2441 2173
1279 9 2 3 3 213 1966 1990 2442 2443 2444
1280 9 2 3 3 250 1967 1991 2445 2446 2447
1281 9 2 3 3 287 1968 1992 2448 2449 2450
1282 9 2 3 3 324 1969 1993 2451 2452 2453
1283 9 2 3 3 1990 1922 2006 2454 2455 2331
1284 9 2 3 3 1991 1923 2007 2456 2457 2334
1285 9 2 3 3 1992 1924 2008 2458 2459 2337
1286 9 2 3 3 1993 1925 2009 2460 2461 2340
1287 9 2 3 3 244 1974 1983 2462 2463 2464
1288 9 2 3 3 281 1975 1984 2465 2466 2467
1289 9 2 3 3 318 1976 1985 2468 2469 2470
1290 9 2 3 3 207 1977 1982 2471 2472 2473
1291 9 2 3 3 1982 1938 2002 2474 2475 2391
1292 9 2 3 3 1983 1939 2003 2476 2477 2394
1293 9 2 3 3 1984 1940 2004 2478 2479 2397
1294 9 2 3 3 1985 1941 2005 2480 2481 2400
1295 9 2 3 3 1971 1942 1999 2482 2483 2403
1296 9 2 3 3 1972 1943 2000 2484 2485 2406
1297 9 2 3 3 1973 1944 2001 2486 2487 2409
1298 9 2 3 3 1970 1945 1998 2488 2489 2412
1299 9 2 3 3 1966 1954 1990 2490 2491 2443
1300 9 2 3 3 1967 1955 1991 2492 2493 2446
1301 9 2 3 3 1968 1956 1992 2494 2495 2449
1302 9 2 3 3 1969 1957 1993 2496 2497 2452
1303 9 2 3 3 1977 1962 1982 2498 2499 2472
1304 9 2 3 3 1974 1963 1983 2500 2501 2463
1305 9 2 3 3 1975 1964 1984 2502 2503 2466
1306 9 2 3 3 1976 1965 1985 2504 2505 2469
1307 9 2 3 3 211 212 2006 230 2332 2074
1308 9 2 3 3 248 249 2007 267 2335 2075
1309 9 2 3 3 285 286 2008 304 2338 2076
1310 9 2 3 3 322 323 2009 341 2341 2077
1311 9 2 3 3 205 206 2002 224 2392 2142
1312 9 2 3 3 242 243 2003 261 2395 2151
1313 9 2 3 3 279 280 2004 298 2398 2145
1314 9 2 3 3 316 317 2005 335 2401 2148
1315 9 2 3 3 208 209 1994 227 2095 2343
1316 9 2 3 3 245 246 1995 264 2097 2346
1317 9 2 3 3 282 283 1996 301 2099 2349
1318 9 2 3 3 319 320 1997 338 2101 2352
1319 9 2 3 3 1914 1910 2014 2303 2091 2427
1320 9 2 3 3 1915 1911 2015 2306 2087 2429
1321 9 2 3 3 1916 1912 2016 2309 2089 2431
1322 9 2 3 3 1917 1913 2017 2312 2093 2433
1323 9 2 3 3 1930 1902 2011 2294 2079 2437
1324 9 2 3 3 1931 1903 2012 2297 2081 2439
1325 9 2 3 3 1932 1904 2013 2300 2083 2441
1326 9 2 3 3 1933 1905 2010 2291 2085 2435
1327 9 2 3 3 1922 1906 2006 2279 2063 2455
1328 9 2 3 3 1923 1907 2007 2282 2065 2457
1329 9 2 3 3 1924 1908 2008 2285 2067 2459
1330 9 2 3 3 1925 1909 2009 2288 2069 2461
1331 9 2 3 3 1938 1914 2002 2315 2426 2475
1332 9 2 3 3 1940 1915 2004 2318 2428 2479
1333 9 2 3 3 1941 1916 2005 2321 2430 2481
1334 9 2 3 3 1939 1917 2003 2324 2432 2477
1335 9 2 3 3 1942 1930 1999 2258 2436 2483
1336 9 2 3 3 1943 1931 2000 2261 2438 2485
1337 9 2 3 3 1944 1932 2001 2264 2440 2487
1338 9 2 3 3 1945 1933 1998 2255 2434 2489
1339 9 2 3 3 1950 1954 1966 2208 2490 2370
1340 9 2 3 3 1951 1955 1967 2211 2492 2371
1341 9 2 3 3 1952 1956 1968 2214 2494 2372
1342 9 2 3 3 1953 1957 1969 2217 2496 2373
1343 9 2 3 3 1954 1922 1990 2243 2454 2491
1344 9 2 3 3 1955 1923 1991 2246 2456 2493
1345 9 2 3 3 1956 1924 1992 2249 2458 2495
1346 9 2 3 3 1957 1925 1993 2252 2460 2497
1347 9 2 3 3 1946 1963 1974 2220 2500 2355
1348 9 2 3 3 1947 1964 1975 2223 2502 2356
1349 9 2 3 3 1948 1965 1976 2226 2504 2357
1350 9 2 3 3 1949 1962 1977 2229 2498 2354
1351 9 2 3 3 1959 1942 1971 2231 2482 2386
1352 9 2 3 3 1960 1943 1972 2234 2484 2387
1353 9 2 3 3 1961 1944 1973 2237 2486 2388
1354 9 2 3 3 1958 1945 1970 2240 2488 2389
1355 9 2 3 3 1962 1938 1982 2267 2474 2499
1356 9 2 3 3 1963 1939 1983 2270 2476 2501
1357 9 2 3 3 1964 1940 1984 2273 2478 2503
1358 9 2 3 3 1965 1941 1985 2276 2480 2505
1359 9 2 3 3 255 256 1999 274 2404 2166
1360 9 2 3 3 292 293 2000 311 2407 2169
1361 9 2 3 3 329 330 2001 348 2410 2172
1362 9 2 3 3 218 219 1998 237 2413 2175
1363 9 2 3 3 214 215 1986 233 2155 2359
1364 9 2 3 3 251 252 1987 270 2157 2362
1365 9 2 3 3 288 289 1988 307 2159 2365
1366 9 2 3 3 325 326 1989 344 2161 2368
1367 9 2 3 3 212 213 1990 231 2444 2330
1368 9 2 3 3 249 250 1991 268 2447 2333
1369 9 2 3 3 286 287 1992 305 2450 2336
1370 9 2 3 3 323 324 1993 342 2453 2339
1371 9 2 3 3 220 221 1981 239 2205 2375
1372 9 2 3 3 257 258 1978 276 2199 2378
1373 9 2 3 3 294 295 1979 313 2201 2381
1374 9 2 3 3 331 332 1980 350 2203 2384
1375 9 2 3 3 206 207 1982 225 2473 2390
1376 9 2 3 3 243 244 1983 262 2464 2393
1377 9 2 3 3 280 281 1984 299 2467 2396
1378 9 2 3 3 317 318 1985 336 2470 2399
1379 9 2 3 3 219 220 1970 238 2374 2411
1380 9 2 3 3 256 257 1971 275 2377 2402
1381 9 2 3 3 293 294 1972 312 2380 2405
1382 9 2 3 3 330 331 1973 349 2383 2408
1383 9 2 3 3 244 245 1974 263 2345 2462
1384 9 2 3 3 281 282 1975 300 2348 2465
1385 9 2 3 3 318 319 1976 337 2351 2468
1386 9 2 3 3 207 208 1977 226 2342 2471
1387 9 2 3 3 213 214 1966 232 2358 2442
1388 9 2 3 3 250 251 1967 269 2361 2445
1389 9 2 3 3 287 288 1968 306 2364 2448
1390 9 2 3 3 324 325 1969 343 2367 2451
$EndElements
